Timestamp(ms),Current(uA),D0-D7
6498.01,319.913,00000000
6498.02,321.264,00000000
6498.03,321.264,00000000
6498.04,323.066,00000000
6498.05,321.715,00000000
6498.06,322.165,00000000
6498.07,322.616,00000000
6498.08,322.165,00000000
6498.09,323.066,00000000
6498.1,321.715,00000000
6498.11,323.517,00000000
6498.12,321.264,00000000
6498.13,319.913,00000000
6498.14,320.814,00000000
6498.15,319.913,00000000
6498.16,322.616,00000000
6498.17,321.715,00000000
6498.18,322.616,00000000
6498.19,321.264,00000000
6498.2,321.715,00000000
6498.21,319.913,00000000
6498.22,322.165,00000000
6498.23,321.264,00000000
6498.24,321.715,00000000
6498.25,321.264,00000000
6498.26,322.616,00000000
6498.27,319.463,00000000
6498.28,321.715,00000000
6498.29,320.814,00000000
6498.3,322.165,00000000
6498.31,322.165,00000000
6498.32,321.264,00000000
6498.33,320.364,00000000
6498.34,322.165,00000000
6498.35,321.264,00000000
6498.36,320.364,00000000
6498.37,321.264,00000000
6498.38,320.814,00000000
6498.39,319.913,00000000
6498.4,320.814,00000000
6498.41,320.364,00000000
6498.42,321.715,00000000
6498.43,321.264,00000000
6498.44,322.165,00000000
6498.45,320.814,00000000
6498.46,321.264,00000000
6498.47,321.715,00000000
6498.48,321.264,00000000
6498.49,319.913,00000000
6498.5,319.913,00000000
6498.51,320.814,00000000
6498.52,319.013,00000000
6498.53,321.715,00000000
6498.54,319.463,00000000
6498.55,320.814,00000000
6498.56,321.264,00000000
6498.57,321.715,00000000
6498.58,320.364,00000000
6498.59,319.013,00000000
6498.6,319.913,00000000
6498.61,319.463,00000000
6498.62,320.814,00000000
6498.63,319.013,00000000
6498.64,320.814,00000000
6498.65,320.814,00000000
6498.66,322.165,00000000
6498.67,321.715,00000000
6498.68,322.165,00000000
6498.69,321.264,00000000
6498.7,322.165,00000000
6498.71,319.913,00000000
6498.72,322.165,00000000
6498.73,323.066,00000000
6498.74,323.066,00000000
6498.75,322.616,00000000
6498.76,322.165,00000000
6498.77,322.616,00000000
6498.78,323.517,00000000
6498.79,321.715,00000000
6498.8,323.517,00000000
6498.81,321.715,00000000
6498.82,323.517,00000000
6498.83,321.715,00000000
6498.84,321.715,00000000
6498.85,323.066,00000000
6498.86,323.967,00000000
6498.87,323.066,00000000
6498.88,322.165,00000000
6498.89,320.814,00000000
6498.9,319.463,00000000
6498.91,321.264,00000000
6498.92,321.715,00000000
6498.93,323.066,00000000
6498.94,323.517,00000000
6498.95,323.517,00000000
6498.96,320.814,00000000
6498.97,320.364,00000000
6498.98,319.463,00000000
6498.99,321.715,00000000
6499,320.814,00000000
6499.01,319.913,00000000
6499.02,321.715,00000000
6499.03,321.715,00000000
6499.04,320.814,00000000
6499.05,320.814,00000000
6499.06,322.165,00000000
6499.07,320.364,00000000
6499.08,321.264,00000000
6499.09,320.814,00000000
6499.1,322.165,00000000
6499.11,321.264,00000000
6499.12,320.814,00000000
6499.13,321.264,00000000
6499.14,319.913,00000000
6499.15,322.165,00000000
6499.16,321.715,00000000
6499.17,319.913,00000000
6499.18,322.616,00000000
6499.19,323.066,00000000
6499.2,321.715,00000000
6499.21,323.066,00000000
6499.22,322.165,00000000
6499.23,321.715,00000000
6499.24,320.364,00000000
6499.25,319.913,00000000
6499.26,320.364,00000000
6499.27,320.814,00000000
6499.28,319.913,00000000
6499.29,321.264,00000000
6499.3,322.165,00000000
6499.31,322.165,00000000
6499.32,320.364,00000000
6499.33,321.264,00000000
6499.34,319.913,00000000
6499.35,322.616,00000000
6499.36,321.264,00000000
6499.37,322.165,00000000
6499.38,320.364,00000000
6499.39,319.913,00000000
6499.4,319.013,00000000
6499.41,321.715,00000000
6499.42,319.913,00000000
6499.43,320.814,00000000
6499.44,320.814,00000000
6499.45,319.013,00000000
6499.46,320.364,00000000
6499.47,319.913,00000000
6499.48,319.913,00000000
6499.49,320.814,00000000
6499.5,319.463,00000000
6499.51,319.913,00000000
6499.52,318.113,00000000
6499.53,319.463,00000000
6499.54,320.364,00000000
6499.55,320.364,00000000
6499.56,320.364,00000000
6499.57,317.213,00000000
6499.58,318.113,00000000
6499.59,319.013,00000000
6499.6,318.113,00000000
6499.61,318.113,00000000
6499.62,318.563,00000000
6499.63,317.663,00000000
6499.64,317.663,00000000
6499.65,316.313,00000000
6499.66,318.113,00000000
6499.67,318.113,00000000
6499.68,318.113,00000000
6499.69,317.663,00000000
6499.7,315.863,00000000
6499.71,316.763,00000000
6499.72,315.413,00000000
6499.73,316.313,00000000
6499.74,315.413,00000000
6499.75,315.863,00000000
6499.76,315.863,00000000
6499.77,314.963,00000000
6499.78,316.763,00000000
6499.79,317.213,00000000
6499.8,316.313,00000000
6499.81,318.563,00000000
6499.82,317.663,00000000
6499.83,317.213,00000000
6499.84,316.763,00000000
6499.85,316.313,00000000
6499.86,318.563,00000000
6499.87,316.313,00000000
6499.88,316.763,00000000
6499.89,318.563,00000000
6499.9,317.213,00000000
6499.91,319.463,00000000
6499.92,319.013,00000000
6499.93,320.364,00000000
6499.94,320.364,00000000
6499.95,319.463,00000000
6499.96,319.913,00000000
6499.97,319.913,00000000
6499.98,318.113,00000000
6499.99,319.913,00000000
6500,319.013,00000000
6500.01,319.463,00000000
6500.02,316.763,00000000
6500.03,318.113,00000000
6500.04,317.213,00000000
6500.05,317.663,00000000
6500.06,318.113,00000000
6500.07,317.213,00000000
6500.08,317.213,00000000
6500.09,317.213,00000000
6500.1,316.313,00000000
6500.11,317.213,00000000
6500.12,318.113,00000000
6500.13,317.663,00000000
6500.14,317.663,00000000
6500.15,318.113,00000000
6500.16,318.113,00000000
6500.17,320.364,00000000
6500.18,318.563,00000000
6500.19,318.113,00000000
6500.2,320.364,00000000
6500.21,318.113,00000000
6500.22,320.364,00000000
6500.23,318.563,00000000
6500.24,317.213,00000000
6500.25,318.113,00000000
6500.26,318.113,00000000
6500.27,316.313,00000000
6500.28,318.113,00000000
6500.29,318.113,00000000
6500.3,319.013,00000000
6500.31,317.213,00000000
6500.32,317.213,00000000
6500.33,316.763,00000000
6500.34,316.313,00000000
6500.35,316.313,00000000
6500.36,316.313,00000000
6500.37,317.213,00000000
6500.38,316.313,00000000
6500.39,315.413,00000000
6500.4,315.413,00000000
6500.41,315.413,00000000
6500.42,316.313,00000000
6500.43,316.763,00000000
6500.44,316.763,00000000
6500.45,315.863,00000000
6500.46,315.863,00000000
6500.47,315.863,00000000
6500.48,315.413,00000000
6500.49,314.513,00000000
6500.5,315.413,00000000
6500.51,316.313,00000000
6500.52,315.413,00000000
6500.53,318.563,00000000
6500.54,316.763,00000000
6500.55,315.413,00000000
6500.56,317.213,00000000
6500.57,316.763,00000000
6500.58,316.313,00000000
6500.59,314.513,00000000
6500.6,314.963,00000000
6500.61,315.863,00000000
6500.62,317.213,00000000
6500.63,316.313,00000000
6500.64,316.763,00000000
6500.65,314.963,00000000
6500.66,315.863,00000000
6500.67,314.963,00000000
6500.68,315.413,00000000
6500.69,315.413,00000000
6500.7,314.063,00000000
6500.71,315.413,00000000
6500.72,313.614,00000000
6500.73,313.614,00000000
6500.74,314.963,00000000
6500.75,312.714,00000000
6500.76,313.614,00000000
6500.77,314.063,00000000
6500.78,314.513,00000000
6500.79,314.963,00000000
6500.8,314.063,00000000
6500.81,315.413,00000000
6500.82,314.513,00000000
6500.83,315.863,00000000
6500.84,314.063,00000000
6500.85,312.714,00000000
6500.86,313.164,00000000
6500.87,314.963,00000000
6500.88,314.513,00000000
6500.89,313.164,00000000
6500.9,313.164,00000000
6500.91,312.714,00000000
6500.92,314.063,00000000
6500.93,313.164,00000000
6500.94,313.164,00000000
6500.95,313.164,00000000
6500.96,312.714,00000000
6500.97,313.614,00000000
6500.98,314.063,00000000
6500.99,312.265,00000000
6501,312.265,00000000
6501.01,314.063,00000000
6501.02,313.164,00000000
6501.03,313.164,00000000
6501.04,313.164,00000000
6501.05,313.614,00000000
6501.06,313.614,00000000
6501.07,313.164,00000000
6501.08,313.164,00000000
6501.09,310.916,00000000
6501.1,314.963,00000000
6501.11,312.714,00000000
6501.12,311.366,00000000
6501.13,312.714,00000000
6501.14,310.916,00000000
6501.15,312.265,00000000
6501.16,312.714,00000000
6501.17,313.164,00000000
6501.18,311.815,00000000
6501.19,312.714,00000000
6501.2,311.815,00000000
6501.21,313.614,00000000
6501.22,312.714,00000000
6501.23,312.265,00000000
6501.24,312.714,00000000
6501.25,312.265,00000000
6501.26,313.164,00000000
6501.27,311.366,00000000
6501.28,314.513,00000000
6501.29,312.714,00000000
6501.3,313.164,00000000
6501.31,313.614,00000000
6501.32,312.714,00000000
6501.33,313.164,00000000
6501.34,313.164,00000000
6501.35,311.366,00000000
6501.36,312.265,00000000
6501.37,310.467,00000000
6501.38,310.916,00000000
6501.39,310.467,00000000
6501.4,310.916,00000000
6501.41,310.916,00000000
6501.42,311.815,00000000
6501.43,310.916,00000000
6501.44,313.164,00000000
6501.45,311.815,00000000
6501.46,311.366,00000000
6501.47,311.366,00000000
6501.48,312.265,00000000
6501.49,312.265,00000000
6501.5,311.815,00000000
6501.51,312.265,00000000
6501.52,310.916,00000000
6501.53,314.063,00000000
6501.54,313.164,00000000
6501.55,312.714,00000000
6501.56,312.265,00000000
6501.57,311.815,00000000
6501.58,312.714,00000000
6501.59,310.916,00000000
6501.6,311.366,00000000
6501.61,311.815,00000000
6501.62,310.916,00000000
6501.63,311.815,00000000
6501.64,310.467,00000000
6501.65,309.568,00000000
6501.66,310.467,00000000
6501.67,310.467,00000000
6501.68,310.916,00000000
6501.69,310.916,00000000
6501.7,310.916,00000000
6501.71,309.119,00000000
6501.72,311.366,00000000
6501.73,313.164,00000000
6501.74,311.366,00000000
6501.75,311.366,00000000
6501.76,310.916,00000000
6501.77,310.467,00000000
6501.78,311.366,00000000
6501.79,312.265,00000000
6501.8,313.614,00000000
6501.81,311.366,00000000
6501.82,310.017,00000000
6501.83,311.366,00000000
6501.84,311.366,00000000
6501.85,310.916,00000000
6501.86,311.366,00000000
6501.87,311.815,00000000
6501.88,310.916,00000000
6501.89,311.366,00000000
6501.9,310.017,00000000
6501.91,313.164,00000000
6501.92,310.467,00000000
6501.93,311.366,00000000
6501.94,310.467,00000000
6501.95,311.366,00000000
6501.96,311.366,00000000
6501.97,311.366,00000000
6501.98,311.815,00000000
6501.99,310.467,00000000
6502,311.366,00000000
6502.01,310.916,00000000
6502.02,310.467,00000000
6502.03,310.916,00000000
6502.04,308.220,00000000
6502.05,309.119,00000000
6502.06,310.467,00000000
6502.07,309.568,00000000
6502.08,311.366,00000000
6502.09,310.017,00000000
6502.1,308.669,00000000
6502.11,310.017,00000000
6502.12,308.220,00000000
6502.13,307.771,00000000
6502.14,307.771,00000000
6502.15,307.771,00000000
6502.16,308.669,00000000
6502.17,308.220,00000000
6502.18,309.119,00000000
6502.19,308.220,00000000
6502.2,311.366,00000000
6502.21,309.568,00000000
6502.22,308.669,00000000
6502.23,308.669,00000000
6502.24,307.771,00000000
6502.25,308.220,00000000
6502.26,307.322,00000000
6502.27,307.322,00000000
6502.28,307.322,00000000
6502.29,307.771,00000000
6502.3,308.220,00000000
6502.31,308.669,00000000
6502.32,306.423,00000000
6502.33,307.771,00000000
6502.34,306.423,00000000
6502.35,305.525,00000000
6502.36,306.873,00000000
6502.37,305.974,00000000
6502.38,305.525,00000000
6502.39,305.974,00000000
6502.4,305.525,00000000
6502.41,307.771,00000000
6502.42,307.322,00000000
6502.43,305.076,00000000
6502.44,307.322,00000000
6502.45,306.423,00000000
6502.46,306.873,00000000
6502.47,306.423,00000000
6502.48,306.873,00000000
6502.49,307.771,00000000
6502.5,306.873,00000000
6502.51,307.322,00000000
6502.52,305.076,00000000
6502.53,307.322,00000000
6502.54,306.423,00000000
6502.55,306.873,00000000
6502.56,306.873,00000000
6502.57,307.322,00000000
6502.58,305.525,00000000
6502.59,306.423,00000000
6502.6,307.322,00000000
6502.61,307.322,00000000
6502.62,305.525,00000000
6502.63,305.974,00000000
6502.64,306.873,00000000
6502.65,303.730,00000000
6502.66,307.771,00000000
6502.67,306.423,00000000
6502.68,307.322,00000000
6502.69,306.873,00000000
6502.7,305.525,00000000
6502.71,305.974,00000000
6502.72,305.525,00000000
6502.73,306.423,00000000
6502.74,306.423,00000000
6502.75,307.771,00000000
6502.76,306.873,00000000
6502.77,304.178,00000000
6502.78,306.423,00000000
6502.79,305.525,00000000
6502.8,306.423,00000000
6502.81,306.423,00000000
6502.82,305.076,00000000
6502.83,303.730,00000000
6502.84,305.525,00000000
6502.85,305.076,00000000
6502.86,303.730,00000000
6502.87,305.525,00000000
6502.88,303.730,00000000
6502.89,304.178,00000000
6502.9,303.730,00000000
6502.91,305.076,00000000
6502.92,305.076,00000000
6502.93,303.281,00000000
6502.94,305.525,00000000
6502.95,305.076,00000000
6502.96,305.076,00000000
6502.97,303.730,00000000
6502.98,303.281,00000000
6502.99,304.627,00000000
6503,303.281,00000000
6503.01,302.832,00000000
6503.02,301.935,00000000
6503.03,304.627,00000000
6503.04,303.730,00000000
6503.05,303.281,00000000
6503.06,304.178,00000000
6503.07,302.832,00000000
6503.08,304.178,00000000
6503.09,304.178,00000000
6503.1,302.383,00000000
6503.11,305.076,00000000
6503.12,303.730,00000000
6503.13,306.423,00000000
6503.14,303.730,00000000
6503.15,305.076,00000000
6503.16,305.076,00000000
6503.17,302.832,00000000
6503.18,305.076,00000000
6503.19,304.178,00000000
6503.2,303.730,00000000
6503.21,303.730,00000000
6503.22,304.627,00000000
6503.23,305.525,00000000
6503.24,304.627,00000000
6503.25,303.281,00000000
6503.26,304.178,00000000
6503.27,303.281,00000000
6503.28,305.076,00000000
6503.29,303.730,00000000
6503.3,302.832,00000000
6503.31,304.178,00000000
6503.32,301.486,00000000
6503.33,301.486,00000000
6503.34,301.037,00000000
6503.35,302.383,00000000
6503.36,300.589,00000000
6503.37,301.486,00000000
6503.38,300.140,00000000
6503.39,299.691,00000000
6503.4,298.795,00000000
6503.41,301.037,00000000
6503.42,301.037,00000000
6503.43,299.243,00000000
6503.44,300.140,00000000
6503.45,299.691,00000000
6503.46,299.691,00000000
6503.47,300.589,00000000
6503.48,300.589,00000000
6503.49,299.243,00000000
6503.5,302.383,00000000
6503.51,301.486,00000000
6503.52,299.243,00000000
6503.53,300.140,00000000
6503.54,300.589,00000000
6503.55,299.691,00000000
6503.56,300.589,00000000
6503.57,299.691,00000000
6503.58,299.691,00000000
6503.59,300.140,00000000
6503.6,299.243,00000000
6503.61,298.795,00000000
6503.62,298.795,00000000
6503.63,298.346,00000000
6503.64,297.898,00000000
6503.65,297.001,00000000
6503.66,298.346,00000000
6503.67,297.449,00000000
6503.68,296.553,00000000
6503.69,298.346,00000000
6503.7,297.001,00000000
6503.71,297.449,00000000
6503.72,296.553,00000000
6503.73,297.001,00000000
6503.74,296.105,00000000
6503.75,297.001,00000000
6503.76,298.346,00000000
6503.77,296.553,00000000
6503.78,300.140,00000000
6503.79,296.553,00000000
6503.8,298.346,00000000
6503.81,296.105,00000000
6503.82,296.553,00000000
6503.83,296.105,00000000
6503.84,298.795,00000000
6503.85,295.656,00000000
6503.86,296.553,00000000
6503.87,294.760,00000000
6503.88,296.553,00000000
6503.89,294.760,00000000
6503.9,294.312,00000000
6503.91,296.553,00000000
6503.92,295.656,00000000
6503.93,296.105,00000000
6503.94,295.208,00000000
6503.95,295.656,00000000
6503.96,294.312,00000000
6503.97,295.656,00000000
6503.98,296.105,00000000
6503.99,295.208,00000000
6504,297.001,00000000
6504.01,296.553,00000000
6504.02,294.760,00000000
6504.03,297.001,00000000
6504.04,296.553,00000000
6504.05,297.001,00000000
6504.06,295.656,00000000
6504.07,296.105,00000000
6504.08,294.312,00000000
6504.09,295.208,00000000
6504.1,295.208,00000000
6504.11,293.864,00000000
6504.12,293.416,00000000
6504.13,292.968,00000000
6504.14,292.520,00000000
6504.15,293.416,00000000
6504.16,293.416,00000000
6504.17,293.416,00000000
6504.18,293.864,00000000
6504.19,293.864,00000000
6504.2,294.312,00000000
6504.21,291.625,00000000
6504.22,291.625,00000000
6504.23,290.281,00000000
6504.24,292.072,00000000
6504.25,291.177,00000000
6504.26,292.072,00000000
6504.27,289.386,00000000
6504.28,290.281,00000000
6504.29,291.177,00000000
6504.3,291.625,00000000
6504.31,290.729,00000000
6504.32,291.177,00000000
6504.33,291.625,00000000
6504.34,290.281,00000000
6504.35,291.177,00000000
6504.36,291.177,00000000
6504.37,290.729,00000000
6504.38,290.729,00000000
6504.39,289.834,00000000
6504.4,289.386,00000000
6504.41,291.625,00000000
6504.42,292.072,00000000
6504.43,291.177,00000000
6504.44,290.281,00000000
6504.45,291.177,00000000
6504.46,292.072,00000000
6504.47,291.625,00000000
6504.48,291.625,00000000
6504.49,290.281,00000000
6504.5,291.177,00000000
6504.51,290.281,00000000
6504.52,290.729,00000000
6504.53,291.625,00000000
6504.54,291.177,00000000
6504.55,289.386,00000000
6504.56,289.834,00000000
6504.57,289.386,00000000
6504.58,290.281,00000000
6504.59,288.938,00000000
6504.6,290.281,00000000
6504.61,289.386,00000000
6504.62,291.625,00000000
6504.63,290.281,00000000
6504.64,289.386,00000000
6504.65,289.386,00000000
6504.66,289.386,00000000
6504.67,289.386,00000000
6504.68,288.043,00000000
6504.69,288.491,00000000
6504.7,287.596,00000000
6504.71,288.491,00000000
6504.72,289.834,00000000
6504.73,288.491,00000000
6504.74,287.596,00000000
6504.75,286.701,00000000
6504.76,288.043,00000000
6504.77,286.701,00000000
6504.78,288.491,00000000
6504.79,288.043,00000000
6504.8,288.043,00000000
6504.81,287.148,00000000
6504.82,288.043,00000000
6504.83,286.254,00000000
6504.84,285.806,00000000
6504.85,287.148,00000000
6504.86,285.806,00000000
6504.87,284.912,00000000
6504.88,285.806,00000000
6504.89,285.806,00000000
6504.9,284.017,00000000
6504.91,286.254,00000000
6504.92,284.912,00000000
6504.93,286.701,00000000
6504.94,286.701,00000000
6504.95,288.043,00000000
6504.96,285.806,00000000
6504.97,287.148,00000000
6504.98,286.254,00000000
6504.99,286.254,00000000
6505,284.912,00000000
6505.01,283.570,00000000
6505.02,284.017,00000000
6505.03,284.465,00000000
6505.04,284.017,00000000
6505.05,284.912,00000000
6505.06,284.017,00000000
6505.07,284.912,00000000
6505.08,284.017,00000000
6505.09,283.570,00000000
6505.1,282.676,00000000
6505.11,283.123,00000000
6505.12,282.676,00000000
6505.13,282.229,00000000
6505.14,282.229,00000000
6505.15,280.888,00000000
6505.16,279.994,00000000
6505.17,279.548,00000000
6505.18,283.123,00000000
6505.19,280.888,00000000
6505.2,281.335,00000000
6505.21,281.782,00000000
6505.22,279.994,00000000
6505.23,279.994,00000000
6505.24,279.994,00000000
6505.25,281.335,00000000
6505.26,278.654,00000000
6505.27,279.101,00000000
6505.28,280.441,00000000
6505.29,281.335,00000000
6505.3,279.548,00000000
6505.31,278.654,00000000
6505.32,279.548,00000000
6505.33,281.335,00000000
6505.34,279.548,00000000
6505.35,280.441,00000000
6505.36,279.994,00000000
6505.37,278.654,00000000
6505.38,279.994,00000000
6505.39,280.888,00000000
6505.4,279.548,00000000
6505.41,280.441,00000000
6505.42,279.101,00000000
6505.43,280.441,00000000
6505.44,279.548,00000000
6505.45,280.888,00000000
6505.46,279.994,00000000
6505.47,279.548,00000000
6505.48,280.441,00000000
6505.49,280.888,00000000
6505.5,280.888,00000000
6505.51,278.654,00000000
6505.52,279.548,00000000
6505.53,279.994,00000000
6505.54,280.441,00000000
6505.55,279.994,00000000
6505.56,281.335,00000000
6505.57,279.101,00000000
6505.58,279.994,00000000
6505.59,278.654,00000000
6505.6,278.654,00000000
6505.61,277.761,00000000
6505.62,278.208,00000000
6505.63,279.101,00000000
6505.64,277.314,00000000
6505.65,276.421,00000000
6505.66,276.868,00000000
6505.67,279.994,00000000
6505.68,277.314,00000000
6505.69,276.868,00000000
6505.7,276.868,00000000
6505.71,277.314,00000000
6505.72,277.314,00000000
6505.73,276.868,00000000
6505.74,276.421,00000000
6505.75,276.421,00000000
6505.76,275.975,00000000
6505.77,277.314,00000000
6505.78,276.421,00000000
6505.79,276.868,00000000
6505.8,275.082,00000000
6505.81,277.314,00000000
6505.82,275.082,00000000
6505.83,276.421,00000000
6505.84,276.868,00000000
6505.85,276.868,00000000
6505.86,276.421,00000000
6505.87,275.975,00000000
6505.88,276.421,00000000
6505.89,273.743,00000000
6505.9,274.636,00000000
6505.91,275.528,00000000
6505.92,273.297,00000000
6505.93,274.636,00000000
6505.94,274.189,00000000
6505.95,274.189,00000000
6505.96,275.082,00000000
6505.97,275.082,00000000
6505.98,276.421,00000000
6505.99,274.636,00000000
6506,274.189,00000000
6506.01,273.297,00000000
6506.02,272.850,00000000
6506.03,274.636,00000000
6506.04,275.528,00000000
6506.05,274.636,00000000
6506.06,273.743,00000000
6506.07,274.636,00000000
6506.08,274.636,00000000
6506.09,273.297,00000000
6506.1,274.189,00000000
6506.11,274.636,00000000
6506.12,273.743,00000000
6506.13,273.743,00000000
6506.14,274.636,00000000
6506.15,274.189,00000000
6506.16,275.082,00000000
6506.17,274.636,00000000
6506.18,274.636,00000000
6506.19,274.189,00000000
6506.2,273.743,00000000
6506.21,273.743,00000000
6506.22,273.297,00000000
6506.23,273.297,00000000
6506.24,274.189,00000000
6506.25,272.850,00000000
6506.26,272.404,00000000
6506.27,272.404,00000000
6506.28,274.636,00000000
6506.29,273.297,00000000
6506.3,274.189,00000000
6506.31,273.297,00000000
6506.32,273.743,00000000
6506.33,273.297,00000000
6506.34,272.404,00000000
6506.35,273.743,00000000
6506.36,273.297,00000000
6506.37,273.297,00000000
6506.38,272.404,00000000
6506.39,271.512,00000000
6506.4,271.958,00000000
6506.41,271.958,00000000
6506.42,271.512,00000000
6506.43,271.958,00000000
6506.44,270.620,00000000
6506.45,271.512,00000000
6506.46,271.066,00000000
6506.47,272.850,00000000
6506.48,271.512,00000000
6506.49,272.404,00000000
6506.5,273.743,00000000
6506.51,271.512,00000000
6506.52,270.620,00000000
6506.53,274.189,00000000
6506.54,272.404,00000000
6506.55,269.728,00000000
6506.56,270.620,00000000
6506.57,271.958,00000000
6506.58,271.512,00000000
6506.59,271.066,00000000
6506.6,271.958,00000000
6506.61,271.512,00000000
6506.62,273.743,00000000
6506.63,272.850,00000000
6506.64,271.958,00000000
6506.65,271.958,00000000
6506.66,273.297,00000000
6506.67,273.297,00000000
6506.68,272.850,00000000
6506.69,272.850,00000000
6506.7,271.958,00000000
6506.71,272.404,00000000
6506.72,271.958,00000000
6506.73,271.066,00000000
6506.74,273.743,00000000
6506.75,271.958,00000000
6506.76,271.958,00000000
6506.77,270.620,00000000
6506.78,271.958,00000000
6506.79,271.512,00000000
6506.8,271.512,00000000
6506.81,271.958,00000000
6506.82,271.958,00000000
6506.83,271.512,00000000
6506.84,271.958,00000000
6506.85,271.512,00000000
6506.86,271.958,00000000
6506.87,269.728,00000000
6506.88,270.174,00000000
6506.89,269.282,00000000
6506.9,267.945,00000000
6506.91,269.728,00000000
6506.92,270.620,00000000
6506.93,271.512,00000000
6506.94,269.728,00000000
6506.95,271.066,00000000
6506.96,269.282,00000000
6506.97,270.620,00000000
6506.98,270.174,00000000
6506.99,269.282,00000000
6507,270.174,00000000
6507.01,270.620,00000000
6507.02,266.608,00000000
6507.03,269.728,00000000
6507.04,270.620,00000000
6507.05,271.958,00000000
6507.06,269.282,00000000
6507.07,271.512,00000000
6507.08,270.174,00000000
6507.09,269.728,00000000
6507.1,269.728,00000000
6507.11,269.728,00000000
6507.12,271.958,00000000
6507.13,269.728,00000000
6507.14,268.836,00000000
6507.15,270.174,00000000
6507.16,269.282,00000000
6507.17,269.282,00000000
6507.18,270.174,00000000
6507.19,270.174,00000000
6507.2,269.282,00000000
6507.21,268.836,00000000
6507.22,269.728,00000000
6507.23,269.282,00000000
6507.24,270.174,00000000
6507.25,270.174,00000000
6507.26,269.282,00000000
6507.27,268.390,00000000
6507.28,270.174,00000000
6507.29,269.728,00000000
6507.3,271.066,00000000
6507.31,269.728,00000000
6507.32,270.620,00000000
6507.33,269.282,00000000
6507.34,269.728,00000000
6507.35,268.836,00000000
6507.36,269.282,00000000
6507.37,269.728,00000000
6507.38,269.728,00000000
6507.39,269.728,00000000
6507.4,268.836,00000000
6507.41,272.404,00000000
6507.42,269.728,00000000
6507.43,269.728,00000000
6507.44,271.066,00000000
6507.45,269.728,00000000
6507.46,269.728,00000000
6507.47,269.728,00000000
6507.48,268.390,00000000
6507.49,269.728,00000000
6507.5,268.390,00000000
6507.51,269.282,00000000
6507.52,267.053,00000000
6507.53,267.053,00000000
6507.54,266.162,00000000
6507.55,266.608,00000000
6507.56,268.390,00000000
6507.57,270.174,00000000
6507.58,269.728,00000000
6507.59,268.836,00000000
6507.6,267.499,00000000
6507.61,267.945,00000000
6507.62,268.390,00000000
6507.63,268.390,00000000
6507.64,269.282,00000000
6507.65,267.945,00000000
6507.66,268.836,00000000
6507.67,268.836,00000000
6507.68,267.945,00000000
6507.69,267.053,00000000
6507.7,268.390,00000000
6507.71,268.390,00000000
6507.72,267.945,00000000
6507.73,268.390,00000000
6507.74,267.053,00000000
6507.75,267.499,00000000
6507.76,268.390,00000000
6507.77,266.608,00000000
6507.78,268.836,00000000
6507.79,266.162,00000000
6507.8,267.499,00000000
6507.81,266.162,00000000
6507.82,266.608,00000000
6507.83,265.716,00000000
6507.84,266.162,00000000
6507.85,268.390,00000000
6507.86,267.053,00000000
6507.87,265.271,00000000
6507.88,265.716,00000000
6507.89,265.716,00000000
6507.9,265.271,00000000
6507.91,265.716,00000000
6507.92,265.716,00000000
6507.93,266.608,00000000
6507.94,266.608,00000000
6507.95,266.608,00000000
6507.96,266.608,00000000
6507.97,267.499,00000000
6507.98,267.053,00000000
6507.99,266.608,00000000
6508,266.608,00000000
6508.01,264.825,00000000
6508.02,266.608,00000000
6508.03,265.271,00000000
6508.04,265.271,00000000
6508.05,266.608,00000000
6508.06,265.716,00000000
6508.07,265.716,00000000
6508.08,266.608,00000000
6508.09,264.825,00000000
6508.1,266.162,00000000
6508.11,266.608,00000000
6508.12,266.162,00000000
6508.13,266.608,00000000
6508.14,265.271,00000000
6508.15,263.934,00000000
6508.16,266.608,00000000
6508.17,266.608,00000000
6508.18,265.716,00000000
6508.19,266.608,00000000
6508.2,266.608,00000000
6508.21,266.608,00000000
6508.22,266.608,00000000
6508.23,266.608,00000000
6508.24,266.162,00000000
6508.25,268.390,00000000
6508.26,265.271,00000000
6508.27,266.162,00000000
6508.28,268.390,00000000
6508.29,268.390,00000000
6508.3,267.945,00000000
6508.31,268.390,00000000
6508.32,268.836,00000000
6508.33,267.945,00000000
6508.34,268.836,00000000
6508.35,269.282,00000000
6508.36,267.945,00000000
6508.37,268.836,00000000
6508.38,268.836,00000000
6508.39,268.836,00000000
6508.4,267.945,00000000
6508.41,269.728,00000000
6508.42,270.174,00000000
6508.43,270.174,00000000
6508.44,268.836,00000000
6508.45,269.728,00000000
6508.46,269.282,00000000
6508.47,269.282,00000000
6508.48,268.836,00000000
6508.49,268.836,00000000
6508.5,269.728,00000000
6508.51,269.282,00000000
6508.52,268.390,00000000
6508.53,271.512,00000000
6508.54,269.728,00000000
6508.55,270.174,00000000
6508.56,269.282,00000000
6508.57,267.945,00000000
6508.58,270.620,00000000
6508.59,267.499,00000000
6508.6,270.174,00000000
6508.61,270.174,00000000
6508.62,268.836,00000000
6508.63,268.390,00000000
6508.64,267.053,00000000
6508.65,267.499,00000000
6508.66,268.836,00000000
6508.67,267.945,00000000
6508.68,267.053,00000000
6508.69,268.836,00000000
6508.7,266.162,00000000
6508.71,269.728,00000000
6508.72,268.390,00000000
6508.73,268.836,00000000
6508.74,266.162,00000000
6508.75,267.053,00000000
6508.76,266.162,00000000
6508.77,265.271,00000000
6508.78,267.053,00000000
6508.79,267.499,00000000
6508.8,267.499,00000000
6508.81,266.608,00000000
6508.82,265.271,00000000
6508.83,267.053,00000000
6508.84,266.608,00000000
6508.85,266.162,00000000
6508.86,266.162,00000000
6508.87,267.499,00000000
6508.88,267.945,00000000
6508.89,267.945,00000000
6508.9,267.053,00000000
6508.91,268.390,00000000
6508.92,267.053,00000000
6508.93,268.390,00000000
6508.94,267.945,00000000
6508.95,268.836,00000000
6508.96,267.945,00000000
6508.97,267.499,00000000
6508.98,267.945,00000000
6508.99,267.945,00000000
6509,268.836,00000000
6509.01,269.282,00000000
6509.02,267.945,00000000
6509.03,269.282,00000000
6509.04,268.836,00000000
6509.05,267.053,00000000
6509.06,269.728,00000000
6509.07,267.945,00000000
6509.08,268.390,00000000
6509.09,269.282,00000000
6509.1,270.174,00000000
6509.11,266.608,00000000
6509.12,267.053,00000000
6509.13,268.390,00000000
6509.14,267.053,00000000
6509.15,266.162,00000000
6509.16,267.053,00000000
6509.17,269.282,00000000
6509.18,268.836,00000000
6509.19,268.390,00000000
6509.2,269.282,00000000
6509.21,268.390,00000000
6509.22,269.282,00000000
6509.23,268.390,00000000
6509.24,268.836,00000000
6509.25,267.945,00000000
6509.26,268.836,00000000
6509.27,268.390,00000000
6509.28,269.282,00000000
6509.29,268.836,00000000
6509.3,268.836,00000000
6509.31,267.945,00000000
6509.32,268.390,00000000
6509.33,268.836,00000000
6509.34,268.390,00000000
6509.35,270.174,00000000
6509.36,268.836,00000000
6509.37,269.282,00000000
6509.38,267.499,00000000
6509.39,267.053,00000000
6509.4,266.608,00000000
6509.41,268.390,00000000
6509.42,268.836,00000000
6509.43,267.499,00000000
6509.44,267.945,00000000
6509.45,267.499,00000000
6509.46,268.836,00000000
6509.47,268.836,00000000
6509.48,267.945,00000000
6509.49,268.390,00000000
6509.5,267.499,00000000
6509.51,268.390,00000000
6509.52,268.836,00000000
6509.53,271.066,00000000
6509.54,269.728,00000000
6509.55,269.282,00000000
6509.56,269.728,00000000
6509.57,269.728,00000000
6509.58,269.728,00000000
6509.59,270.620,00000000
6509.6,270.620,00000000
6509.61,269.728,00000000
6509.62,269.728,00000000
6509.63,270.620,00000000
6509.64,268.836,00000000
6509.65,267.945,00000000
6509.66,267.945,00000000
6509.67,270.174,00000000
6509.68,268.836,00000000
6509.69,269.728,00000000
6509.7,271.066,00000000
6509.71,268.836,00000000
6509.72,268.390,00000000
6509.73,268.836,00000000
6509.74,268.836,00000000
6509.75,270.174,00000000
6509.76,268.836,00000000
6509.77,267.945,00000000
6509.78,270.174,00000000
6509.79,269.728,00000000
6509.8,271.066,00000000
6509.81,270.620,00000000
6509.82,270.620,00000000
6509.83,270.174,00000000
6509.84,271.958,00000000
6509.85,270.174,00000000
6509.86,270.174,00000000
6509.87,270.620,00000000
6509.88,268.836,00000000
6509.89,269.282,00000000
6509.9,270.620,00000000
6509.91,270.620,00000000
6509.92,269.728,00000000
6509.93,269.728,00000000
6509.94,272.404,00000000
6509.95,271.958,00000000
6509.96,269.728,00000000
6509.97,272.850,00000000
6509.98,271.958,00000000
6509.99,273.743,00000000
6510,271.066,00000000
6510.01,271.958,00000000
6510.02,271.512,00000000
6510.03,272.850,00000000
6510.04,271.958,00000000
6510.05,272.404,00000000
6510.06,271.066,00000000
6510.07,269.728,00000000
6510.08,271.512,00000000
6510.09,270.620,00000000
6510.1,271.066,00000000
6510.11,271.066,00000000
6510.12,268.836,00000000
6510.13,271.066,00000000
6510.14,268.836,00000000
6510.15,270.174,00000000
6510.16,269.728,00000000
6510.17,269.728,00000000
6510.18,270.620,00000000
6510.19,270.620,00000000
6510.2,269.728,00000000
6510.21,269.728,00000000
6510.22,269.282,00000000
6510.23,270.620,00000000
6510.24,271.512,00000000
6510.25,273.743,00000000
6510.26,273.297,00000000
6510.27,271.958,00000000
6510.28,273.297,00000000
6510.29,272.850,00000000
6510.3,273.297,00000000
6510.31,272.850,00000000
6510.32,271.958,00000000
6510.33,271.958,00000000
6510.34,272.404,00000000
6510.35,270.620,00000000
6510.36,272.850,00000000
6510.37,271.512,00000000
6510.38,272.404,00000000
6510.39,271.066,00000000
6510.4,269.728,00000000
6510.41,272.850,00000000
6510.42,272.850,00000000
6510.43,272.850,00000000
6510.44,272.404,00000000
6510.45,273.743,00000000
6510.46,273.297,00000000
6510.47,272.850,00000000
6510.48,273.743,00000000
6510.49,273.743,00000000
6510.5,272.850,00000000
6510.51,272.404,00000000
6510.52,271.066,00000000
6510.53,273.297,00000000
6510.54,272.404,00000000
6510.55,273.297,00000000
6510.56,271.512,00000000
6510.57,273.297,00000000
6510.58,271.512,00000000
6510.59,271.512,00000000
6510.6,271.512,00000000
6510.61,270.620,00000000
6510.62,271.512,00000000
6510.63,269.728,00000000
6510.64,270.620,00000000
6510.65,269.728,00000000
6510.66,271.512,00000000
6510.67,272.404,00000000
6510.68,272.850,00000000
6510.69,273.297,00000000
6510.7,272.404,00000000
6510.71,272.850,00000000
6510.72,271.512,00000000
6510.73,273.743,00000000
6510.74,272.404,00000000
6510.75,272.404,00000000
6510.76,272.850,00000000
6510.77,271.512,00000000
6510.78,273.297,00000000
6510.79,274.189,00000000
6510.8,275.528,00000000
6510.81,275.528,00000000
6510.82,273.743,00000000
6510.83,274.636,00000000
6510.84,275.528,00000000
6510.85,274.636,00000000
6510.86,276.421,00000000
6510.87,274.636,00000000
6510.88,275.528,00000000
6510.89,274.189,00000000
6510.9,273.743,00000000
6510.91,273.743,00000000
6510.92,275.975,00000000
6510.93,274.636,00000000
6510.94,275.975,00000000
6510.95,274.636,00000000
6510.96,275.082,00000000
6510.97,274.636,00000000
6510.98,274.636,00000000
6510.99,275.975,00000000
6511,275.528,00000000
6511.01,275.528,00000000
6511.02,273.297,00000000
6511.03,275.975,00000000
6511.04,275.975,00000000
6511.05,275.975,00000000
6511.06,277.314,00000000
6511.07,275.082,00000000
6511.08,275.975,00000000
6511.09,275.528,00000000
6511.1,276.421,00000000
6511.11,275.528,00000000
6511.12,275.082,00000000
6511.13,275.082,00000000
6511.14,274.636,00000000
6511.15,274.189,00000000
6511.16,276.868,00000000
6511.17,277.314,00000000
6511.18,276.868,00000000
6511.19,275.975,00000000
6511.2,275.528,00000000
6511.21,276.421,00000000
6511.22,275.975,00000000
6511.23,275.528,00000000
6511.24,275.082,00000000
6511.25,276.421,00000000
6511.26,276.868,00000000
6511.27,273.297,00000000
6511.28,277.761,00000000
6511.29,277.314,00000000
6511.3,275.975,00000000
6511.31,277.314,00000000
6511.32,276.868,00000000
6511.33,275.528,00000000
6511.34,277.314,00000000
6511.35,275.975,00000000
6511.36,275.975,00000000
6511.37,276.421,00000000
6511.38,275.975,00000000
6511.39,275.528,00000000
6511.4,275.528,00000000
6511.41,275.528,00000000
6511.42,275.082,00000000
6511.43,276.868,00000000
6511.44,275.528,00000000
6511.45,275.082,00000000
6511.46,275.528,00000000
6511.47,276.868,00000000
6511.48,275.528,00000000
6511.49,276.868,00000000
6511.5,275.528,00000000
6511.51,277.314,00000000
6511.52,275.975,00000000
6511.53,277.314,00000000
6511.54,276.868,00000000
6511.55,277.314,00000000
6511.56,278.208,00000000
6511.57,276.868,00000000
6511.58,277.761,00000000
6511.59,275.528,00000000
6511.6,275.082,00000000
6511.61,275.082,00000000
6511.62,276.421,00000000
6511.63,275.082,00000000
6511.64,276.868,00000000
6511.65,276.421,00000000
6511.66,277.761,00000000
6511.67,278.654,00000000
6511.68,278.654,00000000
6511.69,278.654,00000000
6511.7,278.208,00000000
6511.71,277.761,00000000
6511.72,277.314,00000000
6511.73,276.868,00000000
6511.74,278.654,00000000
6511.75,278.208,00000000
6511.76,277.761,00000000
6511.77,276.421,00000000
6511.78,278.208,00000000
6511.79,279.101,00000000
6511.8,276.868,00000000
6511.81,277.761,00000000
6511.82,279.101,00000000
6511.83,278.654,00000000
6511.84,276.868,00000000
6511.85,276.421,00000000
6511.86,276.868,00000000
6511.87,276.868,00000000
6511.88,278.654,00000000
6511.89,278.654,00000000
6511.9,277.761,00000000
6511.91,279.101,00000000
6511.92,279.101,00000000
6511.93,277.761,00000000
6511.94,280.888,00000000
6511.95,279.994,00000000
6511.96,278.654,00000000
6511.97,278.208,00000000
6511.98,279.101,00000000
6511.99,280.441,00000000
6512,279.994,00000000
6512.01,279.994,00000000
6512.02,277.761,00000000
6512.03,280.441,00000000
6512.04,280.441,00000000
6512.05,279.101,00000000
6512.06,279.994,00000000
6512.07,280.441,00000000
6512.08,281.782,00000000
6512.09,279.994,00000000
6512.1,281.335,00000000
6512.11,280.441,00000000
6512.12,279.994,00000000
6512.13,279.994,00000000
6512.14,278.654,00000000
6512.15,279.548,00000000
6512.16,280.441,00000000
6512.17,279.548,00000000
6512.18,281.335,00000000
6512.19,280.441,00000000
6512.2,279.994,00000000
6512.21,280.888,00000000
6512.22,278.654,00000000
6512.23,281.782,00000000
6512.24,281.335,00000000
6512.25,282.676,00000000
6512.26,279.548,00000000
6512.27,279.994,00000000
6512.28,281.335,00000000
6512.29,281.335,00000000
6512.3,281.782,00000000
6512.31,280.441,00000000
6512.32,280.441,00000000
6512.33,282.229,00000000
6512.34,280.441,00000000
6512.35,280.441,00000000
6512.36,279.994,00000000
6512.37,280.888,00000000
6512.38,280.441,00000000
6512.39,280.888,00000000
6512.4,281.782,00000000
6512.41,281.335,00000000
6512.42,281.335,00000000
6512.43,281.335,00000000
6512.44,280.888,00000000
6512.45,281.335,00000000
6512.46,283.123,00000000
6512.47,282.229,00000000
6512.48,284.465,00000000
6512.49,283.570,00000000
6512.5,283.570,00000000
6512.51,283.570,00000000
6512.52,282.229,00000000
6512.53,284.912,00000000
6512.54,284.017,00000000
6512.55,284.465,00000000
6512.56,283.123,00000000
6512.57,284.465,00000000
6512.58,281.782,00000000
6512.59,281.782,00000000
6512.6,283.570,00000000
6512.61,282.229,00000000
6512.62,282.676,00000000
6512.63,283.570,00000000
6512.64,283.570,00000000
6512.65,283.570,00000000
6512.66,285.359,00000000
6512.67,284.017,00000000
6512.68,285.359,00000000
6512.69,284.912,00000000
6512.7,285.359,00000000
6512.71,284.017,00000000
6512.72,282.676,00000000
6512.73,284.465,00000000
6512.74,283.123,00000000
6512.75,285.359,00000000
6512.76,284.912,00000000
6512.77,282.676,00000000
6512.78,284.017,00000000
6512.79,282.229,00000000
6512.8,284.465,00000000
6512.81,283.570,00000000
6512.82,283.570,00000000
6512.83,284.465,00000000
6512.84,285.806,00000000
6512.85,284.017,00000000
6512.86,285.359,00000000
6512.87,284.465,00000000
6512.88,284.017,00000000
6512.89,283.570,00000000
6512.9,285.359,00000000
6512.91,283.123,00000000
6512.92,284.465,00000000
6512.93,285.359,00000000
6512.94,284.912,00000000
6512.95,284.912,00000000
6512.96,284.017,00000000
6512.97,284.912,00000000
6512.98,284.912,00000000
6512.99,284.017,00000000
6513,285.806,00000000
6513.01,286.254,00000000
6513.02,283.123,00000000
6513.03,285.806,00000000
6513.04,284.912,00000000
6513.05,284.912,00000000
6513.06,285.806,00000000
6513.07,285.806,00000000
6513.08,285.359,00000000
6513.09,286.254,00000000
6513.1,285.806,00000000
6513.11,285.359,00000000
6513.12,287.148,00000000
6513.13,285.806,00000000
6513.14,285.806,00000000
6513.15,287.148,00000000
6513.16,287.596,00000000
6513.17,288.043,00000000
6513.18,287.148,00000000
6513.19,288.491,00000000
6513.2,288.938,00000000
6513.21,288.938,00000000
6513.22,289.834,00000000
6513.23,287.148,00000000
6513.24,289.386,00000000
6513.25,287.596,00000000
6513.26,289.834,00000000
6513.27,286.701,00000000
6513.28,291.177,00000000
6513.29,290.729,00000000
6513.3,289.386,00000000
6513.31,290.281,00000000
6513.32,290.281,00000000
6513.33,289.834,00000000
6513.34,287.596,00000000
6513.35,288.043,00000000
6513.36,289.386,00000000
6513.37,288.043,00000000
6513.38,288.938,00000000
6513.39,287.596,00000000
6513.4,286.701,00000000
6513.41,289.834,00000000
6513.42,288.491,00000000
6513.43,289.386,00000000
6513.44,289.386,00000000
6513.45,288.938,00000000
6513.46,290.729,00000000
6513.47,289.386,00000000
6513.48,289.386,00000000
6513.49,291.625,00000000
6513.5,290.281,00000000
6513.51,289.834,00000000
6513.52,289.386,00000000
6513.53,288.938,00000000
6513.54,288.938,00000000
6513.55,288.043,00000000
6513.56,291.625,00000000
6513.57,289.386,00000000
6513.58,290.281,00000000
6513.59,290.729,00000000
6513.6,290.281,00000000
6513.61,292.072,00000000
6513.62,291.177,00000000
6513.63,290.729,00000000
6513.64,289.386,00000000
6513.65,289.834,00000000
6513.66,291.177,00000000
6513.67,292.968,00000000
6513.68,292.072,00000000
6513.69,293.416,00000000
6513.7,291.177,00000000
6513.71,292.968,00000000
6513.72,292.968,00000000
6513.73,292.072,00000000
6513.74,292.520,00000000
6513.75,292.072,00000000
6513.76,293.864,00000000
6513.77,291.177,00000000
6513.78,293.416,00000000
6513.79,292.520,00000000
6513.8,291.625,00000000
6513.81,292.520,00000000
6513.82,294.312,00000000
6513.83,293.416,00000000
6513.84,292.968,00000000
6513.85,291.177,00000000
6513.86,292.520,00000000
6513.87,291.625,00000000
6513.88,292.520,00000000
6513.89,290.729,00000000
6513.9,292.072,00000000
6513.91,292.968,00000000
6513.92,292.968,00000000
6513.93,294.760,00000000
6513.94,293.416,00000000
6513.95,293.416,00000000
6513.96,292.072,00000000
6513.97,294.760,00000000
6513.98,295.208,00000000
6513.99,296.105,00000000
6514,294.312,00000000
6514.01,293.864,00000000
6514.02,295.208,00000000
6514.03,295.208,00000000
6514.04,295.656,00000000
6514.05,293.864,00000000
6514.06,294.760,00000000
6514.07,294.312,00000000
6514.08,295.208,00000000
6514.09,294.760,00000000
6514.1,295.656,00000000
6514.11,294.312,00000000
6514.12,293.864,00000000
6514.13,295.208,00000000
6514.14,295.656,00000000
6514.15,294.760,00000000
6514.16,295.208,00000000
6514.17,295.656,00000000
6514.18,297.898,00000000
6514.19,298.346,00000000
6514.2,296.553,00000000
6514.21,297.449,00000000
6514.22,295.656,00000000
6514.23,296.553,00000000
6514.24,298.795,00000000
6514.25,296.553,00000000
6514.26,297.898,00000000
6514.27,296.553,00000000
6514.28,298.346,00000000
6514.29,297.898,00000000
6514.3,296.553,00000000
6514.31,297.449,00000000
6514.32,298.795,00000000
6514.33,297.449,00000000
6514.34,297.898,00000000
6514.35,297.449,00000000
6514.36,297.449,00000000
6514.37,297.898,00000000
6514.38,296.553,00000000
6514.39,297.898,00000000
6514.4,297.898,00000000
6514.41,297.449,00000000
6514.42,299.691,00000000
6514.43,299.243,00000000
6514.44,298.795,00000000
6514.45,299.243,00000000
6514.46,300.140,00000000
6514.47,299.243,00000000
6514.48,299.691,00000000
6514.49,300.140,00000000
6514.5,299.691,00000000
6514.51,299.243,00000000
6514.52,298.346,00000000
6514.53,301.486,00000000
6514.54,301.486,00000000
6514.55,301.935,00000000
6514.56,301.486,00000000
6514.57,299.691,00000000
6514.58,301.935,00000000
6514.59,302.383,00000000
6514.6,301.935,00000000
6514.61,301.037,00000000
6514.62,301.037,00000000
6514.63,301.935,00000000
6514.64,301.935,00000000
6514.65,301.486,00000000
6514.66,302.383,00000000
6514.67,302.832,00000000
6514.68,303.281,00000000
6514.69,304.178,00000000
6514.7,301.935,00000000
6514.71,302.832,00000000
6514.72,303.281,00000000
6514.73,304.178,00000000
6514.74,303.281,00000000
6514.75,304.178,00000000
6514.76,304.627,00000000
6514.77,303.281,00000000
6514.78,304.627,00000000
6514.79,304.627,00000000
6514.8,304.178,00000000
6514.81,303.730,00000000
6514.82,303.281,00000000
6514.83,303.281,00000000
6514.84,305.525,00000000
6514.85,303.281,00000000
6514.86,303.730,00000000
6514.87,305.076,00000000
6514.88,305.076,00000000
6514.89,305.076,00000000
6514.9,303.281,00000000
6514.91,305.525,00000000
6514.92,305.525,00000000
6514.93,307.322,00000000
6514.94,305.974,00000000
6514.95,305.525,00000000
6514.96,305.974,00000000
6514.97,304.627,00000000
6514.98,306.423,00000000
6514.99,305.974,00000000
6515,305.974,00000000
6515.01,303.730,00000000
6515.02,304.178,00000000
6515.03,305.974,00000000
6515.04,305.525,00000000
6515.05,305.974,00000000
6515.06,305.974,00000000
6515.07,306.423,00000000
6515.08,306.873,00000000
6515.09,308.669,00000000
6515.1,307.771,00000000
6515.11,307.771,00000000
6515.12,307.771,00000000
6515.13,309.568,00000000
6515.14,307.322,00000000
6515.15,306.873,00000000
6515.16,307.771,00000000
6515.17,308.220,00000000
6515.18,309.568,00000000
6515.19,309.568,00000000
6515.2,308.220,00000000
6515.21,310.467,00000000
6515.22,308.220,00000000
6515.23,308.669,00000000
6515.24,307.322,00000000
6515.25,307.322,00000000
6515.26,310.017,00000000
6515.27,307.771,00000000
6515.28,309.119,00000000
6515.29,310.467,00000000
6515.3,309.568,00000000
6515.31,307.771,00000000
6515.32,309.119,00000000
6515.33,308.669,00000000
6515.34,309.568,00000000
6515.35,309.568,00000000
6515.36,310.017,00000000
6515.37,309.119,00000000
6515.38,309.568,00000000
6515.39,309.568,00000000
6515.4,309.568,00000000
6515.41,310.916,00000000
6515.42,312.265,00000000
6515.43,311.366,00000000
6515.44,311.815,00000000
6515.45,314.063,00000000
6515.46,312.714,00000000
6515.47,312.714,00000000
6515.48,312.265,00000000
6515.49,312.265,00000000
6515.5,311.366,00000000
6515.51,311.815,00000000
6515.52,310.467,00000000
6515.53,311.815,00000000
6515.54,312.265,00000000
6515.55,311.366,00000000
6515.56,313.164,00000000
6515.57,310.916,00000000
6515.58,310.916,00000000
6515.59,311.366,00000000
6515.6,310.916,00000000
6515.61,310.916,00000000
6515.62,309.568,00000000
6515.63,311.366,00000000
6515.64,310.467,00000000
6515.65,310.467,00000000
6515.66,312.714,00000000
6515.67,312.265,00000000
6515.68,312.265,00000000
6515.69,313.164,00000000
6515.7,313.164,00000000
6515.71,311.815,00000000
6515.72,312.265,00000000
6515.73,313.164,00000000
6515.74,313.164,00000000
6515.75,314.063,00000000
6515.76,314.963,00000000
6515.77,312.265,00000000
6515.78,313.614,00000000
6515.79,312.714,00000000
6515.8,312.714,00000000
6515.81,314.063,00000000
6515.82,311.815,00000000
6515.83,312.714,00000000
6515.84,314.513,00000000
6515.85,314.513,00000000
6515.86,313.164,00000000
6515.87,314.513,00000000
6515.88,313.164,00000000
6515.89,314.963,00000000
6515.9,313.614,00000000
6515.91,314.963,00000000
6515.92,315.413,00000000
6515.93,316.313,00000000
6515.94,314.963,00000000
6515.95,315.413,00000000
6515.96,313.614,00000000
6515.97,314.963,00000000
6515.98,314.513,00000000
6515.99,314.963,00000000
6516,315.413,00000000
6516.01,314.963,00000000
6516.02,314.063,00000000
6516.03,314.963,00000000
6516.04,314.513,00000000
6516.05,313.614,00000000
6516.06,317.213,00000000
6516.07,315.413,00000000
6516.08,315.863,00000000
6516.09,314.513,00000000
6516.1,315.413,00000000
6516.11,315.863,00000000
6516.12,316.313,00000000
6516.13,316.313,00000000
6516.14,315.413,00000000
6516.15,316.313,00000000
6516.16,315.413,00000000
6516.17,316.763,00000000
6516.18,316.763,00000000
6516.19,315.863,00000000
6516.2,314.513,00000000
6516.21,315.413,00000000
6516.22,313.614,00000000
6516.23,315.413,00000000
6516.24,316.763,00000000
6516.25,314.063,00000000
6516.26,315.413,00000000
6516.27,313.614,00000000
6516.28,316.313,00000000
6516.29,315.863,00000000
6516.3,315.413,00000000
6516.31,316.763,00000000
6516.32,315.863,00000000
6516.33,315.413,00000000
6516.34,315.863,00000000
6516.35,317.213,00000000
6516.36,316.763,00000000
6516.37,317.213,00000000
6516.38,316.763,00000000
6516.39,314.513,00000000
6516.4,314.963,00000000
6516.41,316.313,00000000
6516.42,315.863,00000000
6516.43,315.413,00000000
6516.44,316.763,00000000
6516.45,314.513,00000000
6516.46,315.863,00000000
6516.47,316.313,00000000
6516.48,316.313,00000000
6516.49,314.513,00000000
6516.5,315.863,00000000
6516.51,317.663,00000000
6516.52,314.513,00000000
6516.53,314.963,00000000
6516.54,316.313,00000000
6516.55,317.213,00000000
6516.56,317.213,00000000
6516.57,316.313,00000000
6516.58,316.313,00000000
6516.59,316.313,00000000
6516.6,317.663,00000000
6516.61,316.763,00000000
6516.62,315.413,00000000
6516.63,316.763,00000000
6516.64,314.963,00000000
6516.65,318.563,00000000
6516.66,317.213,00000000
6516.67,316.763,00000000
6516.68,317.663,00000000
6516.69,319.463,00000000
6516.7,318.563,00000000
6516.71,317.213,00000000
6516.72,317.663,00000000
6516.73,318.563,00000000
6516.74,318.563,00000000
6516.75,318.113,00000000
6516.76,318.113,00000000
6516.77,316.313,00000000
6516.78,317.213,00000000
6516.79,316.313,00000000
6516.8,317.213,00000000
6516.81,317.663,00000000
6516.82,319.013,00000000
6516.83,319.463,00000000
6516.84,317.213,00000000
6516.85,317.213,00000000
6516.86,317.663,00000000
6516.87,319.463,00000000
6516.88,317.663,00000000
6516.89,316.313,00000000
6516.9,316.313,00000000
6516.91,318.113,00000000
6516.92,320.364,00000000
6516.93,318.113,00000000
6516.94,318.563,00000000
6516.95,319.013,00000000
6516.96,319.463,00000000
6516.97,320.364,00000000
6516.98,319.463,00000000
6516.99,319.913,00000000
6517,319.463,00000000
6517.01,319.913,00000000
6517.02,319.463,00000000
6517.03,322.165,00000000
6517.04,322.165,00000000
6517.05,320.814,00000000
6517.06,320.814,00000000
6517.07,319.913,00000000
6517.08,320.364,00000000
6517.09,317.213,00000000
6517.1,319.913,00000000
6517.11,320.364,00000000
6517.12,319.013,00000000
6517.13,318.113,00000000
6517.14,318.563,00000000
6517.15,317.663,00000000
6517.16,319.463,00000000
6517.17,318.563,00000000
6517.18,317.213,00000000
6517.19,318.113,00000000
6517.2,319.463,00000000
6517.21,318.563,00000000
6517.22,318.563,00000000
6517.23,317.213,00000000
6517.24,318.563,00000000
6517.25,318.113,00000000
6517.26,318.563,00000000
6517.27,318.113,00000000
6517.28,319.463,00000000
6517.29,318.113,00000000
6517.3,317.663,00000000
6517.31,320.364,00000000
6517.32,318.113,00000000
6517.33,317.663,00000000
6517.34,320.364,00000000
6517.35,318.113,00000000
6517.36,317.213,00000000
6517.37,318.563,00000000
6517.38,319.463,00000000
6517.39,318.563,00000000
6517.4,317.213,00000000
6517.41,320.364,00000000
6517.42,320.364,00000000
6517.43,319.463,00000000
6517.44,317.663,00000000
6517.45,319.013,00000000
6517.46,318.563,00000000
6517.47,319.913,00000000
6517.48,318.563,00000000
6517.49,317.663,00000000
6517.5,320.364,00000000
6517.51,317.663,00000000
6517.52,317.663,00000000
6517.53,320.364,00000000
6517.54,320.814,00000000
6517.55,319.913,00000000
6517.56,319.013,00000000
6517.57,319.013,00000000
6517.58,318.113,00000000
6517.59,319.463,00000000
6517.6,318.113,00000000
6517.61,319.013,00000000
6517.62,319.463,00000000
6517.63,318.563,00000000
6517.64,319.913,00000000
6517.65,318.113,00000000
6517.66,319.463,00000000
6517.67,319.913,00000000
6517.68,319.913,00000000
6517.69,319.913,00000000
6517.7,319.013,00000000
6517.71,319.913,00000000
6517.72,320.364,00000000
6517.73,321.715,00000000
6517.74,319.013,00000000
6517.75,320.364,00000000
6517.76,320.364,00000000
6517.77,319.463,00000000
6517.78,320.814,00000000
6517.79,322.616,00000000
6517.8,321.264,00000000
6517.81,319.913,00000000
6517.82,320.364,00000000
6517.83,319.913,00000000
6517.84,321.715,00000000
6517.85,320.364,00000000
6517.86,319.013,00000000
6517.87,319.463,00000000
6517.88,320.364,00000000
6517.89,318.563,00000000
6517.9,316.763,00000000
6517.91,318.113,00000000
6517.92,317.663,00000000
6517.93,320.364,00000000
6517.94,319.463,00000000
6517.95,319.013,00000000
6517.96,319.913,00000000
6517.97,318.563,00000000
6517.98,320.364,00000000
6517.99,319.013,00000000
6518,319.463,00000000
6518.01,319.913,00000000
6518.02,318.563,00000000
6518.03,319.913,00000000
6518.04,320.814,00000000
6518.05,319.013,00000000
6518.06,318.563,00000000
6518.07,320.364,00000000
6518.08,319.013,00000000
6518.09,320.364,00000000
6518.1,320.364,00000000
6518.11,319.913,00000000
6518.12,322.165,00000000
6518.13,320.814,00000000
6518.14,319.913,00000000
6518.15,319.913,00000000
6518.16,319.463,00000000
6518.17,321.264,00000000
6518.18,319.913,00000000
6518.19,320.814,00000000
6518.2,319.013,00000000
6518.21,318.563,00000000
6518.22,319.013,00000000
6518.23,320.364,00000000
6518.24,319.913,00000000
6518.25,319.913,00000000
6518.26,319.913,00000000
6518.27,319.913,00000000
6518.28,322.165,00000000
6518.29,320.814,00000000
6518.3,319.913,00000000
6518.31,319.913,00000000
6518.32,320.364,00000000
6518.33,320.364,00000000
6518.34,320.364,00000000
6518.35,319.913,00000000
6518.36,318.113,00000000
6518.37,319.013,00000000
6518.38,320.364,00000000
6518.39,319.913,00000000
6518.4,320.364,00000000
6518.41,319.463,00000000
6518.42,319.013,00000000
6518.43,322.616,00000000
6518.44,320.364,00000000
6518.45,321.264,00000000
6518.46,320.814,00000000
6518.47,322.165,00000000
6518.48,320.814,00000000
6518.49,320.814,00000000
6518.5,322.165,00000000
6518.51,323.066,00000000
6518.52,320.814,00000000
6518.53,322.616,00000000
6518.54,323.967,00000000
6518.55,321.715,00000000
6518.56,321.715,00000000
6518.57,322.165,00000000
6518.58,322.165,00000000
6518.59,322.616,00000000
6518.6,321.715,00000000
6518.61,323.967,00000000
6518.62,320.814,00000000
6518.63,321.264,00000000
6518.64,320.814,00000000
6518.65,322.165,00000000
6518.66,322.165,00000000
6518.67,320.814,00000000
6518.68,321.264,00000000
6518.69,321.264,00000000
6518.7,321.715,00000000
6518.71,321.264,00000000
6518.72,319.913,00000000
6518.73,320.814,00000000
6518.74,320.814,00000000
6518.75,323.066,00000000
6518.76,321.264,00000000
6518.77,320.364,00000000
6518.78,323.066,00000000
6518.79,321.715,00000000
6518.8,322.616,00000000
6518.81,323.967,00000000
6518.82,322.165,00000000
6518.83,320.364,00000000
6518.84,321.715,00000000
6518.85,320.364,00000000
6518.86,321.715,00000000
6518.87,322.165,00000000
6518.88,321.715,00000000
6518.89,322.165,00000000
6518.9,320.814,00000000
6518.91,321.715,00000000
6518.92,322.616,00000000
6518.93,321.264,00000000
6518.94,321.264,00000000
6518.95,320.364,00000000
6518.96,320.364,00000000
6518.97,321.264,00000000
6518.98,321.264,00000000
6518.99,319.913,00000000
6519,321.264,00000000
6519.01,319.013,00000000
6519.02,319.913,00000000
6519.03,322.165,00000000
6519.04,320.814,00000000
6519.05,321.715,00000000
6519.06,320.364,00000000
6519.07,320.814,00000000
6519.08,320.364,00000000
6519.09,319.913,00000000
6519.1,319.913,00000000
6519.11,319.463,00000000
6519.12,319.913,00000000
6519.13,319.013,00000000
6519.14,316.763,00000000
6519.15,317.213,00000000
6519.16,316.763,00000000
6519.17,318.563,00000000
6519.18,317.213,00000000
6519.19,317.213,00000000
6519.2,318.563,00000000
6519.21,319.013,00000000
6519.22,319.013,00000000
6519.23,318.563,00000000
6519.24,318.113,00000000
6519.25,317.213,00000000
6519.26,319.013,00000000
6519.27,317.663,00000000
6519.28,320.814,00000000
6519.29,319.013,00000000
6519.3,320.364,00000000
6519.31,319.463,00000000
6519.32,318.563,00000000
6519.33,318.563,00000000
6519.34,318.113,00000000
6519.35,319.463,00000000
6519.36,319.463,00000000
6519.37,321.264,00000000
6519.38,320.364,00000000
6519.39,319.913,00000000
6519.4,320.364,00000000
6519.41,320.814,00000000
6519.42,320.814,00000000
6519.43,320.364,00000000
6519.44,320.814,00000000
6519.45,319.913,00000000
6519.46,321.264,00000000
6519.47,320.364,00000000
6519.48,322.165,00000000
6519.49,321.264,00000000
6519.5,318.563,00000000
6519.51,318.113,00000000
6519.52,317.663,00000000
6519.53,320.814,00000000
6519.54,320.814,00000000
6519.55,318.563,00000000
6519.56,320.364,00000000
6519.57,317.213,00000000
6519.58,318.563,00000000
6519.59,317.663,00000000
6519.6,317.663,00000000
6519.61,318.563,00000000
6519.62,320.364,00000000
6519.63,317.213,00000000
6519.64,316.313,00000000
6519.65,314.513,00000000
6519.66,318.563,00000000
6519.67,317.663,00000000
6519.68,319.463,00000000
6519.69,317.663,00000000
6519.7,316.763,00000000
6519.71,316.313,00000000
6519.72,318.563,00000000
6519.73,317.663,00000000
6519.74,316.313,00000000
6519.75,318.113,00000000
6519.76,318.563,00000000
6519.77,318.563,00000000
6519.78,319.013,00000000
6519.79,320.364,00000000
6519.8,319.463,00000000
6519.81,318.113,00000000
6519.82,319.463,00000000
6519.83,318.563,00000000
6519.84,319.013,00000000
6519.85,318.113,00000000
6519.86,318.113,00000000
6519.87,317.663,00000000
6519.88,318.113,00000000
6519.89,316.313,00000000
6519.9,316.763,00000000
6519.91,318.113,00000000
6519.92,317.213,00000000
6519.93,317.663,00000000
6519.94,317.213,00000000
6519.95,317.213,00000000
6519.96,318.113,00000000
6519.97,318.113,00000000
6519.98,316.763,00000000
6519.99,317.213,00000000
6520,317.663,00000000
6520.01,317.663,00000000
6520.02,317.663,00000000
6520.03,318.113,00000000
6520.04,317.663,00000000
6520.05,318.563,00000000
6520.06,318.113,00000000
6520.07,319.463,00000000
6520.08,317.213,00000000
6520.09,318.113,00000000
6520.1,319.013,00000000
6520.11,318.563,00000000
6520.12,317.663,00000000
6520.13,318.113,00000000
6520.14,316.313,00000000
6520.15,318.113,00000000
6520.16,318.563,00000000
6520.17,316.313,00000000
6520.18,318.563,00000000
6520.19,317.663,00000000
6520.2,318.563,00000000
6520.21,318.563,00000000
6520.22,316.313,00000000
6520.23,318.563,00000000
6520.24,318.113,00000000
6520.25,318.113,00000000
6520.26,318.563,00000000
6520.27,315.863,00000000
6520.28,318.563,00000000
6520.29,317.213,00000000
6520.3,316.763,00000000
6520.31,315.863,00000000
6520.32,316.313,00000000
6520.33,315.413,00000000
6520.34,316.763,00000000
6520.35,316.313,00000000
6520.36,316.313,00000000
6520.37,315.863,00000000
6520.38,314.063,00000000
6520.39,314.963,00000000
6520.4,316.763,00000000
6520.41,318.113,00000000
6520.42,316.313,00000000
6520.43,316.313,00000000
6520.44,316.763,00000000
6520.45,316.763,00000000
6520.46,316.313,00000000
6520.47,316.763,00000000
6520.48,316.763,00000000
6520.49,315.863,00000000
6520.5,315.863,00000000
6520.51,315.413,00000000
6520.52,315.413,00000000
6520.53,316.763,00000000
6520.54,317.213,00000000
6520.55,317.213,00000000
6520.56,315.863,00000000
6520.57,316.313,00000000
6520.58,314.513,00000000
6520.59,314.513,00000000
6520.6,315.863,00000000
6520.61,313.614,00000000
6520.62,314.513,00000000
6520.63,314.513,00000000
6520.64,314.513,00000000
6520.65,314.513,00000000
6520.66,315.863,00000000
6520.67,315.413,00000000
6520.68,315.413,00000000
6520.69,315.863,00000000
6520.7,315.863,00000000
6520.71,314.963,00000000
6520.72,314.063,00000000
6520.73,315.413,00000000
6520.74,314.963,00000000
6520.75,315.863,00000000
6520.76,315.863,00000000
6520.77,314.963,00000000
6520.78,315.413,00000000
6520.79,315.863,00000000
6520.8,314.513,00000000
6520.81,315.413,00000000
6520.82,314.063,00000000
6520.83,314.513,00000000
6520.84,314.963,00000000
6520.85,314.963,00000000
6520.86,313.614,00000000
6520.87,314.963,00000000
6520.88,314.063,00000000
6520.89,314.963,00000000
6520.9,314.513,00000000
6520.91,315.863,00000000
6520.92,315.413,00000000
6520.93,314.963,00000000
6520.94,316.763,00000000
6520.95,314.963,00000000
6520.96,316.313,00000000
6520.97,314.963,00000000
6520.98,313.614,00000000
6520.99,314.513,00000000
6521,314.963,00000000
6521.01,314.063,00000000
6521.02,316.763,00000000
6521.03,316.763,00000000
6521.04,314.963,00000000
6521.05,314.513,00000000
6521.06,317.213,00000000
6521.07,315.413,00000000
6521.08,315.863,00000000
6521.09,314.063,00000000
6521.1,315.863,00000000
6521.11,314.063,00000000
6521.12,314.063,00000000
6521.13,314.063,00000000
6521.14,314.963,00000000
6521.15,314.063,00000000
6521.16,313.614,00000000
6521.17,314.963,00000000
6521.18,316.313,00000000
6521.19,314.963,00000000
6521.2,313.614,00000000
6521.21,314.963,00000000
6521.22,313.614,00000000
6521.23,313.614,00000000
6521.24,312.714,00000000
6521.25,313.164,00000000
6521.26,313.614,00000000
6521.27,312.265,00000000
6521.28,312.265,00000000
6521.29,315.863,00000000
6521.3,314.063,00000000
6521.31,314.063,00000000
6521.32,312.714,00000000
6521.33,314.063,00000000
6521.34,312.714,00000000
6521.35,313.164,00000000
6521.36,313.614,00000000
6521.37,314.063,00000000
6521.38,312.714,00000000
6521.39,313.614,00000000
6521.4,313.614,00000000
6521.41,314.513,00000000
6521.42,314.513,00000000
6521.43,314.963,00000000
6521.44,313.614,00000000
6521.45,314.063,00000000
6521.46,314.063,00000000
6521.47,313.614,00000000
6521.48,314.963,00000000
6521.49,313.614,00000000
6521.5,311.815,00000000
6521.51,312.265,00000000
6521.52,313.164,00000000
6521.53,311.815,00000000
6521.54,312.714,00000000
6521.55,311.815,00000000
6521.56,312.714,00000000
6521.57,314.063,00000000
6521.58,312.265,00000000
6521.59,311.815,00000000
6521.6,310.916,00000000
6521.61,312.714,00000000
6521.62,311.815,00000000
6521.63,311.815,00000000
6521.64,310.916,00000000
6521.65,310.017,00000000
6521.66,311.366,00000000
6521.67,311.366,00000000
6521.68,309.119,00000000
6521.69,310.017,00000000
6521.7,309.568,00000000
6521.71,309.568,00000000
6521.72,310.017,00000000
6521.73,309.568,00000000
6521.74,308.669,00000000
6521.75,310.017,00000000
6521.76,310.017,00000000
6521.77,310.467,00000000
6521.78,311.366,00000000
6521.79,311.366,00000000
6521.8,310.017,00000000
6521.81,310.916,00000000
6521.82,310.017,00000000
6521.83,311.366,00000000
6521.84,311.815,00000000
6521.85,311.366,00000000
6521.86,310.017,00000000
6521.87,309.119,00000000
6521.88,309.568,00000000
6521.89,308.220,00000000
6521.9,308.669,00000000
6521.91,309.119,00000000
6521.92,309.119,00000000
6521.93,309.119,00000000
6521.94,307.771,00000000
6521.95,308.220,00000000
6521.96,307.771,00000000
6521.97,308.220,00000000
6521.98,306.423,00000000
6521.99,307.322,00000000
6522,308.220,00000000
6522.01,308.220,00000000
6522.02,306.423,00000000
6522.03,309.568,00000000
6522.04,307.771,00000000
6522.05,309.568,00000000
6522.06,309.568,00000000
6522.07,308.669,00000000
6522.08,307.322,00000000
6522.09,307.771,00000000
6522.1,307.322,00000000
6522.11,307.771,00000000
6522.12,306.873,00000000
6522.13,307.771,00000000
6522.14,307.322,00000000
6522.15,308.220,00000000
6522.16,308.669,00000000
6522.17,308.220,00000000
6522.18,308.669,00000000
6522.19,310.467,00000000
6522.2,309.119,00000000
6522.21,307.322,00000000
6522.22,310.017,00000000
6522.23,308.220,00000000
6522.24,308.669,00000000
6522.25,308.669,00000000
6522.26,309.119,00000000
6522.27,307.322,00000000
6522.28,308.220,00000000
6522.29,310.467,00000000
6522.3,309.568,00000000
6522.31,308.220,00000000
6522.32,308.669,00000000
6522.33,309.119,00000000
6522.34,309.119,00000000
6522.35,310.017,00000000
6522.36,310.017,00000000
6522.37,309.119,00000000
6522.38,311.366,00000000
6522.39,307.322,00000000
6522.4,307.771,00000000
6522.41,308.220,00000000
6522.42,310.017,00000000
6522.43,308.669,00000000
6522.44,308.669,00000000
6522.45,307.322,00000000
6522.46,307.322,00000000
6522.47,307.322,00000000
6522.48,307.322,00000000
6522.49,308.220,00000000
6522.5,306.423,00000000
6522.51,309.568,00000000
6522.52,305.525,00000000
6522.53,307.771,00000000
6522.54,307.771,00000000
6522.55,308.669,00000000
6522.56,307.322,00000000
6522.57,306.873,00000000
6522.58,307.771,00000000
6522.59,307.771,00000000
6522.6,305.974,00000000
6522.61,306.423,00000000
6522.62,305.525,00000000
6522.63,305.525,00000000
6522.64,305.525,00000000
6522.65,305.525,00000000
6522.66,307.771,00000000
6522.67,306.873,00000000
6522.68,307.322,00000000
6522.69,308.220,00000000
6522.7,305.525,00000000
6522.71,306.423,00000000
6522.72,305.974,00000000
6522.73,306.423,00000000
6522.74,305.974,00000000
6522.75,306.873,00000000
6522.76,305.525,00000000
6522.77,304.627,00000000
6522.78,306.423,00000000
6522.79,306.423,00000000
6522.8,304.627,00000000
6522.81,305.076,00000000
6522.82,305.974,00000000
6522.83,305.525,00000000
6522.84,304.627,00000000
6522.85,305.974,00000000
6522.86,305.974,00000000
6522.87,306.423,00000000
6522.88,304.178,00000000
6522.89,305.076,00000000
6522.9,303.730,00000000
6522.91,306.423,00000000
6522.92,305.974,00000000
6522.93,306.423,00000000
6522.94,305.076,00000000
6522.95,305.974,00000000
6522.96,305.525,00000000
6522.97,303.730,00000000
6522.98,305.076,00000000
6522.99,304.627,00000000
6523,305.525,00000000
6523.01,305.525,00000000
6523.02,303.730,00000000
6523.03,305.525,00000000
6523.04,305.525,00000000
6523.05,305.076,00000000
6523.06,303.730,00000000
6523.07,304.627,00000000
6523.08,304.627,00000000
6523.09,304.178,00000000
6523.1,303.281,00000000
6523.11,304.178,00000000
6523.12,305.076,00000000
6523.13,302.832,00000000
6523.14,302.383,00000000
6523.15,303.281,00000000
6523.16,304.627,00000000
6523.17,303.281,00000000
6523.18,303.281,00000000
6523.19,304.178,00000000
6523.2,302.832,00000000
6523.21,303.730,00000000
6523.22,302.832,00000000
6523.23,302.832,00000000
6523.24,301.935,00000000
6523.25,303.281,00000000
6523.26,303.281,00000000
6523.27,301.486,00000000
6523.28,304.178,00000000
6523.29,302.383,00000000
6523.3,302.832,00000000
6523.31,301.935,00000000
6523.32,302.383,00000000
6523.33,301.486,00000000
6523.34,301.486,00000000
6523.35,300.589,00000000
6523.36,300.140,00000000
6523.37,300.140,00000000
6523.38,299.243,00000000
6523.39,300.589,00000000
6523.4,299.243,00000000
6523.41,301.037,00000000
6523.42,300.589,00000000
6523.43,302.383,00000000
6523.44,301.486,00000000
6523.45,301.935,00000000
6523.46,300.589,00000000
6523.47,300.589,00000000
6523.48,299.243,00000000
6523.49,299.243,00000000
6523.5,300.589,00000000
6523.51,299.243,00000000
6523.52,298.346,00000000
6523.53,300.589,00000000
6523.54,298.346,00000000
6523.55,298.795,00000000
6523.56,298.795,00000000
6523.57,296.553,00000000
6523.58,296.553,00000000
6523.59,297.449,00000000
6523.6,297.001,00000000
6523.61,297.001,00000000
6523.62,297.001,00000000
6523.63,295.656,00000000
6523.64,296.105,00000000
6523.65,295.656,00000000
6523.66,296.553,00000000
6523.67,297.001,00000000
6523.68,297.449,00000000
6523.69,297.449,00000000
6523.7,296.105,00000000
6523.71,296.105,00000000
6523.72,295.656,00000000
6523.73,296.553,00000000
6523.74,296.105,00000000
6523.75,296.105,00000000
6523.76,296.553,00000000
6523.77,295.656,00000000
6523.78,297.898,00000000
6523.79,297.001,00000000
6523.8,297.449,00000000
6523.81,297.001,00000000
6523.82,297.001,00000000
6523.83,298.346,00000000
6523.84,299.243,00000000
6523.85,297.898,00000000
6523.86,297.449,00000000
6523.87,298.795,00000000
6523.88,297.001,00000000
6523.89,297.001,00000000
6523.9,295.208,00000000
6523.91,297.898,00000000
6523.92,296.553,00000000
6523.93,298.795,00000000
6523.94,296.105,00000000
6523.95,296.105,00000000
6523.96,295.656,00000000
6523.97,294.312,00000000
6523.98,294.312,00000000
6523.99,295.208,00000000
6524,294.760,00000000
6524.01,293.864,00000000
6524.02,292.968,00000000
6524.03,295.208,00000000
6524.04,292.968,00000000
6524.05,294.312,00000000
6524.06,295.208,00000000
6524.07,293.416,00000000
6524.08,294.312,00000000
6524.09,294.312,00000000
6524.1,293.864,00000000
6524.11,294.312,00000000
6524.12,292.968,00000000
6524.13,292.072,00000000
6524.14,293.416,00000000
6524.15,290.729,00000000
6524.16,292.072,00000000
6524.17,293.416,00000000
6524.18,291.177,00000000
6524.19,291.177,00000000
6524.2,292.072,00000000
6524.21,290.729,00000000
6524.22,290.729,00000000
6524.23,290.729,00000000
6524.24,290.281,00000000
6524.25,291.625,00000000
6524.26,291.177,00000000
6524.27,289.386,00000000
6524.28,291.177,00000000
6524.29,292.072,00000000
6524.3,291.625,00000000
6524.31,290.281,00000000
6524.32,293.416,00000000
6524.33,293.416,00000000
6524.34,291.625,00000000
6524.35,291.177,00000000
6524.36,292.520,00000000
6524.37,291.177,00000000
6524.38,292.072,00000000
6524.39,291.177,00000000
6524.4,291.625,00000000
6524.41,291.625,00000000
6524.42,291.625,00000000
6524.43,289.386,00000000
6524.44,289.386,00000000
6524.45,289.386,00000000
6524.46,290.729,00000000
6524.47,290.281,00000000
6524.48,290.281,00000000
6524.49,289.386,00000000
6524.5,288.938,00000000
6524.51,288.938,00000000
6524.52,287.148,00000000
6524.53,289.834,00000000
6524.54,287.596,00000000
6524.55,289.386,00000000
6524.56,289.386,00000000
6524.57,290.729,00000000
6524.58,288.491,00000000
6524.59,288.938,00000000
6524.6,288.938,00000000
6524.61,288.043,00000000
6524.62,288.043,00000000
6524.63,288.043,00000000
6524.64,286.254,00000000
6524.65,285.806,00000000
6524.66,290.281,00000000
6524.67,288.938,00000000
6524.68,287.596,00000000
6524.69,288.043,00000000
6524.7,288.938,00000000
6524.71,287.596,00000000
6524.72,287.596,00000000
6524.73,288.938,00000000
6524.74,288.043,00000000
6524.75,288.491,00000000
6524.76,286.701,00000000
6524.77,287.148,00000000
6524.78,286.701,00000000
6524.79,286.701,00000000
6524.8,286.254,00000000
6524.81,286.254,00000000
6524.82,285.359,00000000
6524.83,287.148,00000000
6524.84,288.043,00000000
6524.85,287.148,00000000
6524.86,286.254,00000000
6524.87,286.701,00000000
6524.88,285.359,00000000
6524.89,286.254,00000000
6524.9,285.359,00000000
6524.91,284.017,00000000
6524.92,284.912,00000000
6524.93,284.465,00000000
6524.94,284.017,00000000
6524.95,284.912,00000000
6524.96,284.465,00000000
6524.97,284.017,00000000
6524.98,284.017,00000000
6524.99,284.465,00000000
6525,284.912,00000000
6525.01,285.806,00000000
6525.02,284.017,00000000
6525.03,284.017,00000000
6525.04,285.359,00000000
6525.05,283.570,00000000
6525.06,285.359,00000000
6525.07,285.359,00000000
6525.08,285.359,00000000
6525.09,284.912,00000000
6525.1,284.465,00000000
6525.11,284.465,00000000
6525.12,284.912,00000000
6525.13,284.017,00000000
6525.14,284.465,00000000
6525.15,284.017,00000000
6525.16,284.465,00000000
6525.17,284.912,00000000
6525.18,284.465,00000000
6525.19,284.912,00000000
6525.2,285.359,00000000
6525.21,284.465,00000000
6525.22,283.123,00000000
6525.23,281.782,00000000
6525.24,282.676,00000000
6525.25,282.229,00000000
6525.26,281.782,00000000
6525.27,282.676,00000000
6525.28,282.676,00000000
6525.29,282.229,00000000
6525.3,282.676,00000000
6525.31,283.123,00000000
6525.32,282.229,00000000
6525.33,281.782,00000000
6525.34,282.229,00000000
6525.35,281.335,00000000
6525.36,281.335,00000000
6525.37,281.782,00000000
6525.38,281.782,00000000
6525.39,280.441,00000000
6525.4,281.335,00000000
6525.41,280.888,00000000
6525.42,281.335,00000000
6525.43,279.994,00000000
6525.44,281.782,00000000
6525.45,279.994,00000000
6525.46,280.441,00000000
6525.47,279.994,00000000
6525.48,278.208,00000000
6525.49,279.994,00000000
6525.5,279.548,00000000
6525.51,277.761,00000000
6525.52,277.761,00000000
6525.53,280.888,00000000
6525.54,279.548,00000000
6525.55,278.654,00000000
6525.56,279.548,00000000
6525.57,277.761,00000000
6525.58,279.101,00000000
6525.59,279.994,00000000
6525.6,278.208,00000000
6525.61,279.101,00000000
6525.62,279.101,00000000
6525.63,279.101,00000000
6525.64,278.208,00000000
6525.65,278.208,00000000
6525.66,279.101,00000000
6525.67,279.548,00000000
6525.68,277.761,00000000
6525.69,279.548,00000000
6525.7,279.101,00000000
6525.71,279.101,00000000
6525.72,279.548,00000000
6525.73,279.994,00000000
6525.74,278.654,00000000
6525.75,278.208,00000000
6525.76,280.888,00000000
6525.77,277.314,00000000
6525.78,280.888,00000000
6525.79,279.548,00000000
6525.8,277.761,00000000
6525.81,278.654,00000000
6525.82,278.654,00000000
6525.83,279.101,00000000
6525.84,279.101,00000000
6525.85,277.314,00000000
6525.86,278.654,00000000
6525.87,278.208,00000000
6525.88,276.421,00000000
6525.89,275.082,00000000
6525.9,275.975,00000000
6525.91,274.189,00000000
6525.92,275.975,00000000
6525.93,276.421,00000000
6525.94,275.082,00000000
6525.95,275.082,00000000
6525.96,276.421,00000000
6525.97,274.189,00000000
6525.98,275.082,00000000
6525.99,274.636,00000000
6526,274.189,00000000
6526.01,276.421,00000000
6526.02,273.297,00000000
6526.03,277.314,00000000
6526.04,275.975,00000000
6526.05,274.636,00000000
6526.06,275.082,00000000
6526.07,273.743,00000000
6526.08,274.189,00000000
6526.09,273.297,00000000
6526.1,275.082,00000000
6526.11,274.189,00000000
6526.12,275.528,00000000
6526.13,274.636,00000000
6526.14,273.743,00000000
6526.15,275.528,00000000
6526.16,273.297,00000000
6526.17,274.636,00000000
6526.18,275.082,00000000
6526.19,275.975,00000000
6526.2,277.314,00000000
6526.21,275.082,00000000
6526.22,275.082,00000000
6526.23,276.421,00000000
6526.24,275.528,00000000
6526.25,275.975,00000000
6526.26,275.528,00000000
6526.27,273.297,00000000
6526.28,277.314,00000000
6526.29,275.528,00000000
6526.3,273.297,00000000
6526.31,274.189,00000000
6526.32,273.743,00000000
6526.33,274.636,00000000
6526.34,274.189,00000000
6526.35,273.743,00000000
6526.36,272.404,00000000
6526.37,273.297,00000000
6526.38,276.421,00000000
6526.39,274.636,00000000
6526.4,272.850,00000000
6526.41,273.297,00000000
6526.42,273.297,00000000
6526.43,273.297,00000000
6526.44,273.743,00000000
6526.45,271.958,00000000
6526.46,271.958,00000000
6526.47,272.850,00000000
6526.48,274.189,00000000
6526.49,271.958,00000000
6526.5,272.404,00000000
6526.51,271.512,00000000
6526.52,270.620,00000000
6526.53,271.958,00000000
6526.54,271.512,00000000
6526.55,271.958,00000000
6526.56,271.066,00000000
6526.57,272.404,00000000
6526.58,270.620,00000000
6526.59,271.066,00000000
6526.6,273.743,00000000
6526.61,271.958,00000000
6526.62,271.512,00000000
6526.63,271.066,00000000
6526.64,271.958,00000000
6526.65,271.066,00000000
6526.66,271.512,00000000
6526.67,269.728,00000000
6526.68,269.728,00000000
6526.69,271.512,00000000
6526.7,269.282,00000000
6526.71,271.512,00000000
6526.72,272.850,00000000
6526.73,271.066,00000000
6526.74,270.620,00000000
6526.75,271.958,00000000
6526.76,271.066,00000000
6526.77,268.390,00000000
6526.78,271.066,00000000
6526.79,270.174,00000000
6526.8,271.066,00000000
6526.81,270.620,00000000
6526.82,270.620,00000000
6526.83,273.297,00000000
6526.84,269.728,00000000
6526.85,270.620,00000000
6526.86,270.620,00000000
6526.87,271.512,00000000
6526.88,269.728,00000000
6526.89,269.282,00000000
6526.9,268.836,00000000
6526.91,271.958,00000000
6526.92,271.066,00000000
6526.93,271.066,00000000
6526.94,269.728,00000000
6526.95,270.620,00000000
6526.96,269.728,00000000
6526.97,268.836,00000000
6526.98,270.174,00000000
6526.99,269.728,00000000
6527,270.620,00000000
6527.01,269.728,00000000
6527.02,267.945,00000000
6527.03,271.066,00000000
6527.04,270.620,00000000
6527.05,271.512,00000000
6527.06,271.958,00000000
6527.07,270.620,00000000
6527.08,269.728,00000000
6527.09,269.728,00000000
6527.1,269.282,00000000
6527.11,268.390,00000000
6527.12,269.728,00000000
6527.13,270.174,00000000
6527.14,267.499,00000000
6527.15,267.499,00000000
6527.16,267.945,00000000
6527.17,268.390,00000000
6527.18,268.390,00000000
6527.19,267.945,00000000
6527.2,267.053,00000000
6527.21,267.053,00000000
6527.22,269.282,00000000
6527.23,269.282,00000000
6527.24,269.282,00000000
6527.25,267.499,00000000
6527.26,267.053,00000000
6527.27,266.162,00000000
6527.28,267.945,00000000
6527.29,268.390,00000000
6527.3,265.271,00000000
6527.31,266.608,00000000
6527.32,269.282,00000000
6527.33,268.390,00000000
6527.34,268.836,00000000
6527.35,268.390,00000000
6527.36,268.390,00000000
6527.37,268.390,00000000
6527.38,269.282,00000000
6527.39,266.608,00000000
6527.4,267.945,00000000
6527.41,268.390,00000000
6527.42,268.390,00000000
6527.43,270.174,00000000
6527.44,269.728,00000000
6527.45,269.728,00000000
6527.46,269.282,00000000
6527.47,269.282,00000000
6527.48,268.390,00000000
6527.49,269.728,00000000
6527.5,269.282,00000000
6527.51,270.174,00000000
6527.52,267.499,00000000
6527.53,269.282,00000000
6527.54,268.390,00000000
6527.55,271.066,00000000
6527.56,269.282,00000000
6527.57,268.390,00000000
6527.58,267.945,00000000
6527.59,269.282,00000000
6527.6,268.390,00000000
6527.61,268.836,00000000
6527.62,266.162,00000000
6527.63,267.945,00000000
6527.64,266.162,00000000
6527.65,268.390,00000000
6527.66,268.390,00000000
6527.67,268.390,00000000
6527.68,267.945,00000000
6527.69,268.836,00000000
6527.7,269.282,00000000
6527.71,267.945,00000000
6527.72,267.053,00000000
6527.73,268.836,00000000
6527.74,267.945,00000000
6527.75,267.945,00000000
6527.76,267.945,00000000
6527.77,267.945,00000000
6527.78,270.174,00000000
6527.79,269.282,00000000
6527.8,266.608,00000000
6527.81,267.053,00000000
6527.82,267.053,00000000
6527.83,265.716,00000000
6527.84,267.499,00000000
6527.85,266.162,00000000
6527.86,267.053,00000000
6527.87,266.162,00000000
6527.88,266.162,00000000
6527.89,266.608,00000000
6527.9,267.499,00000000
6527.91,268.390,00000000
6527.92,267.053,00000000
6527.93,268.390,00000000
6527.94,267.053,00000000
6527.95,267.945,00000000
6527.96,267.499,00000000
6527.97,267.053,00000000
6527.98,268.390,00000000
6527.99,267.499,00000000
6528,267.499,00000000
6528.01,268.390,00000000
6528.02,266.608,00000000
6528.03,267.499,00000000
6528.04,268.390,00000000
6528.05,266.608,00000000
6528.06,268.390,00000000
6528.07,267.945,00000000
6528.08,267.053,00000000
6528.09,267.053,00000000
6528.1,266.608,00000000
6528.11,267.499,00000000
6528.12,266.162,00000000
6528.13,267.499,00000000
6528.14,266.608,00000000
6528.15,264.825,00000000
6528.16,266.162,00000000
6528.17,266.162,00000000
6528.18,266.608,00000000
6528.19,267.053,00000000
6528.2,266.162,00000000
6528.21,265.716,00000000
6528.22,265.271,00000000
6528.23,266.162,00000000
6528.24,266.162,00000000
6528.25,264.380,00000000
6528.26,265.716,00000000
6528.27,264.380,00000000
6528.28,265.716,00000000
6528.29,265.271,00000000
6528.3,266.608,00000000
6528.31,266.608,00000000
6528.32,264.380,00000000
6528.33,266.162,00000000
6528.34,267.499,00000000
6528.35,266.608,00000000
6528.36,266.162,00000000
6528.37,266.162,00000000
6528.38,266.608,00000000
6528.39,264.825,00000000
6528.4,266.162,00000000
6528.41,266.608,00000000
6528.42,267.053,00000000
6528.43,267.053,00000000
6528.44,267.053,00000000
6528.45,265.716,00000000
6528.46,266.608,00000000
6528.47,267.053,00000000
6528.48,266.162,00000000
6528.49,267.053,00000000
6528.5,266.608,00000000
6528.51,267.053,00000000
6528.52,267.053,00000000
6528.53,267.945,00000000
6528.54,269.282,00000000
6528.55,268.390,00000000
6528.56,269.282,00000000
6528.57,268.836,00000000
6528.58,269.282,00000000
6528.59,267.499,00000000
6528.6,267.945,00000000
6528.61,270.174,00000000
6528.62,267.945,00000000
6528.63,268.836,00000000
6528.64,268.836,00000000
6528.65,267.053,00000000
6528.66,269.728,00000000
6528.67,270.174,00000000
6528.68,269.282,00000000
6528.69,269.728,00000000
6528.7,268.836,00000000
6528.71,270.174,00000000
6528.72,269.728,00000000
6528.73,267.499,00000000
6528.74,269.282,00000000
6528.75,269.728,00000000
6528.76,270.174,00000000
6528.77,270.174,00000000
6528.78,270.620,00000000
6528.79,270.174,00000000
6528.8,269.282,00000000
6528.81,269.282,00000000
6528.82,268.836,00000000
6528.83,269.282,00000000
6528.84,267.945,00000000
6528.85,268.836,00000000
6528.86,268.390,00000000
6528.87,268.836,00000000
6528.88,267.945,00000000
6528.89,267.053,00000000
6528.9,267.499,00000000
6528.91,268.836,00000000
6528.92,269.728,00000000
6528.93,269.728,00000000
6528.94,269.282,00000000
6528.95,270.620,00000000
6528.96,267.945,00000000
6528.97,268.836,00000000
6528.98,267.053,00000000
6528.99,270.174,00000000
6529,268.836,00000000
6529.01,269.282,00000000
6529.02,268.390,00000000
6529.03,270.620,00000000
6529.04,270.174,00000000
6529.05,268.836,00000000
6529.06,269.728,00000000
6529.07,269.728,00000000
6529.08,270.174,00000000
6529.09,267.945,00000000
6529.1,270.620,00000000
6529.11,267.945,00000000
6529.12,269.282,00000000
6529.13,268.836,00000000
6529.14,267.053,00000000
6529.15,266.162,00000000
6529.16,268.836,00000000
6529.17,267.945,00000000
6529.18,268.390,00000000
6529.19,268.836,00000000
6529.2,269.282,00000000
6529.21,267.053,00000000
6529.22,268.390,00000000
6529.23,267.053,00000000
6529.24,267.053,00000000
6529.25,266.608,00000000
6529.26,268.390,00000000
6529.27,265.716,00000000
6529.28,270.174,00000000
6529.29,269.728,00000000
6529.3,270.174,00000000
6529.31,268.390,00000000
6529.32,268.836,00000000
6529.33,269.282,00000000
6529.34,268.390,00000000
6529.35,268.390,00000000
6529.36,267.053,00000000
6529.37,267.945,00000000
6529.38,267.053,00000000
6529.39,266.608,00000000
6529.4,267.499,00000000
6529.41,268.390,00000000
6529.42,269.728,00000000
6529.43,267.053,00000000
6529.44,269.282,00000000
6529.45,267.945,00000000
6529.46,268.390,00000000
6529.47,267.945,00000000
6529.48,268.390,00000000
6529.49,268.390,00000000
6529.5,269.282,00000000
6529.51,269.728,00000000
6529.52,267.499,00000000
6529.53,268.390,00000000
6529.54,269.282,00000000
6529.55,267.945,00000000
6529.56,268.836,00000000
6529.57,269.282,00000000
6529.58,269.728,00000000
6529.59,268.836,00000000
6529.6,267.499,00000000
6529.61,270.174,00000000
6529.62,268.390,00000000
6529.63,269.282,00000000
6529.64,268.390,00000000
6529.65,269.282,00000000
6529.66,269.282,00000000
6529.67,269.728,00000000
6529.68,271.066,00000000
6529.69,269.728,00000000
6529.7,268.836,00000000
6529.71,269.282,00000000
6529.72,270.620,00000000
6529.73,270.620,00000000
6529.74,269.282,00000000
6529.75,269.728,00000000
6529.76,269.728,00000000
6529.77,269.282,00000000
6529.78,270.620,00000000
6529.79,271.066,00000000
6529.8,270.620,00000000
6529.81,269.728,00000000
6529.82,269.728,00000000
6529.83,269.728,00000000
6529.84,269.728,00000000
6529.85,270.620,00000000
6529.86,271.066,00000000
6529.87,268.390,00000000
6529.88,270.174,00000000
6529.89,269.282,00000000
6529.9,271.066,00000000
6529.91,271.512,00000000
6529.92,271.958,00000000
6529.93,272.404,00000000
6529.94,272.850,00000000
6529.95,271.066,00000000
6529.96,269.282,00000000
6529.97,268.836,00000000
6529.98,270.620,00000000
6529.99,270.620,00000000
6530,270.174,00000000
6530.01,269.728,00000000
6530.02,270.174,00000000
6530.03,271.066,00000000
6530.04,269.728,00000000
6530.05,269.728,00000000
6530.06,271.512,00000000
6530.07,271.066,00000000
6530.08,271.066,00000000
6530.09,269.728,00000000
6530.1,271.958,00000000
6530.11,271.066,00000000
6530.12,270.174,00000000
6530.13,268.836,00000000
6530.14,270.174,00000000
6530.15,267.945,00000000
6530.16,270.174,00000000
6530.17,270.620,00000000
6530.18,268.836,00000000
6530.19,269.728,00000000
6530.2,269.282,00000000
6530.21,268.390,00000000
6530.22,267.945,00000000
6530.23,269.282,00000000
6530.24,269.728,00000000
6530.25,269.728,00000000
6530.26,269.728,00000000
6530.27,271.066,00000000
6530.28,270.620,00000000
6530.29,271.512,00000000
6530.3,271.512,00000000
6530.31,271.512,00000000
6530.32,269.728,00000000
6530.33,270.620,00000000
6530.34,269.282,00000000
6530.35,269.728,00000000
6530.36,271.512,00000000
6530.37,271.512,00000000
6530.38,271.512,00000000
6530.39,271.512,00000000
6530.4,271.958,00000000
6530.41,271.512,00000000
6530.42,271.066,00000000
6530.43,274.636,00000000
6530.44,272.850,00000000
6530.45,272.850,00000000
6530.46,273.297,00000000
6530.47,273.743,00000000
6530.48,271.958,00000000
6530.49,271.958,00000000
6530.5,270.620,00000000
6530.51,272.404,00000000
6530.52,272.850,00000000
6530.53,271.512,00000000
6530.54,272.850,00000000
6530.55,271.512,00000000
6530.56,272.404,00000000
6530.57,273.743,00000000
6530.58,271.512,00000000
6530.59,272.850,00000000
6530.6,273.297,00000000
6530.61,273.297,00000000
6530.62,274.636,00000000
6530.63,273.297,00000000
6530.64,273.743,00000000
6530.65,273.297,00000000
6530.66,274.636,00000000
6530.67,274.189,00000000
6530.68,274.189,00000000
6530.69,274.636,00000000
6530.7,273.297,00000000
6530.71,273.743,00000000
6530.72,274.636,00000000
6530.73,273.743,00000000
6530.74,273.297,00000000
6530.75,274.636,00000000
6530.76,273.743,00000000
6530.77,273.297,00000000
6530.78,274.189,00000000
6530.79,275.082,00000000
6530.8,275.528,00000000
6530.81,273.297,00000000
6530.82,274.636,00000000
6530.83,274.189,00000000
6530.84,274.189,00000000
6530.85,274.189,00000000
6530.86,274.189,00000000
6530.87,274.189,00000000
6530.88,273.297,00000000
6530.89,274.189,00000000
6530.9,272.850,00000000
6530.91,275.082,00000000
6530.92,275.082,00000000
6530.93,276.421,00000000
6530.94,274.189,00000000
6530.95,275.082,00000000
6530.96,275.082,00000000
6530.97,274.189,00000000
6530.98,275.082,00000000
6530.99,274.189,00000000
6531,274.636,00000000
6531.01,274.636,00000000
6531.02,274.636,00000000
6531.03,275.082,00000000
6531.04,275.082,00000000
6531.05,274.189,00000000
6531.06,276.421,00000000
6531.07,272.404,00000000
6531.08,273.743,00000000
6531.09,274.189,00000000
6531.1,273.297,00000000
6531.11,274.636,00000000
6531.12,275.082,00000000
6531.13,275.528,00000000
6531.14,272.404,00000000
6531.15,273.297,00000000
6531.16,273.743,00000000
6531.17,274.189,00000000
6531.18,273.743,00000000
6531.19,274.189,00000000
6531.2,274.636,00000000
6531.21,274.189,00000000
6531.22,273.297,00000000
6531.23,275.528,00000000
6531.24,274.189,00000000
6531.25,273.743,00000000
6531.26,274.189,00000000
6531.27,273.743,00000000
6531.28,274.636,00000000
6531.29,275.528,00000000
6531.3,274.636,00000000
6531.31,276.421,00000000
6531.32,274.189,00000000
6531.33,274.189,00000000
6531.34,274.189,00000000
6531.35,277.314,00000000
6531.36,275.975,00000000
6531.37,275.082,00000000
6531.38,277.314,00000000
6531.39,275.082,00000000
6531.4,273.743,00000000
6531.41,276.868,00000000
6531.42,275.975,00000000
6531.43,275.975,00000000
6531.44,275.975,00000000
6531.45,275.528,00000000
6531.46,275.082,00000000
6531.47,277.314,00000000
6531.48,275.528,00000000
6531.49,277.761,00000000
6531.5,275.528,00000000
6531.51,275.528,00000000
6531.52,274.636,00000000
6531.53,276.868,00000000
6531.54,277.314,00000000
6531.55,275.528,00000000
6531.56,275.528,00000000
6531.57,275.082,00000000
6531.58,275.975,00000000
6531.59,277.314,00000000
6531.6,277.314,00000000
6531.61,276.868,00000000
6531.62,276.421,00000000
6531.63,275.975,00000000
6531.64,276.421,00000000
6531.65,274.189,00000000
6531.66,276.868,00000000
6531.67,275.975,00000000
6531.68,275.975,00000000
6531.69,276.868,00000000
6531.7,274.636,00000000
6531.71,276.868,00000000
6531.72,275.528,00000000
6531.73,277.314,00000000
6531.74,276.868,00000000
6531.75,275.082,00000000
6531.76,276.868,00000000
6531.77,276.868,00000000
6531.78,277.761,00000000
6531.79,277.761,00000000
6531.8,277.761,00000000
6531.81,276.868,00000000
6531.82,278.208,00000000
6531.83,279.101,00000000
6531.84,278.654,00000000
6531.85,277.314,00000000
6531.86,278.654,00000000
6531.87,278.654,00000000
6531.88,279.548,00000000
6531.89,279.101,00000000
6531.9,277.761,00000000
6531.91,279.994,00000000
6531.92,279.548,00000000
6531.93,279.994,00000000
6531.94,278.654,00000000
6531.95,278.654,00000000
6531.96,280.441,00000000
6531.97,278.654,00000000
6531.98,279.548,00000000
6531.99,279.548,00000000
6532,279.101,00000000
6532.01,280.888,00000000
6532.02,278.208,00000000
6532.03,279.548,00000000
6532.04,279.548,00000000
6532.05,278.654,00000000
6532.06,278.654,00000000
6532.07,279.101,00000000
6532.08,280.441,00000000
6532.09,279.101,00000000
6532.1,278.208,00000000
6532.11,280.888,00000000
6532.12,279.548,00000000
6532.13,279.548,00000000
6532.14,277.761,00000000
6532.15,277.761,00000000
6532.16,279.548,00000000
6532.17,279.994,00000000
6532.18,279.994,00000000
6532.19,278.654,00000000
6532.2,279.994,00000000
6532.21,279.548,00000000
6532.22,279.548,00000000
6532.23,279.548,00000000
6532.24,277.761,00000000
6532.25,278.654,00000000
6532.26,278.654,00000000
6532.27,277.761,00000000
6532.28,279.101,00000000
6532.29,279.548,00000000
6532.3,279.101,00000000
6532.31,279.994,00000000
6532.32,279.101,00000000
6532.33,278.654,00000000
6532.34,279.994,00000000
6532.35,279.548,00000000
6532.36,279.994,00000000
6532.37,281.335,00000000
6532.38,280.888,00000000
6532.39,280.888,00000000
6532.4,279.101,00000000
6532.41,281.782,00000000
6532.42,282.676,00000000
6532.43,280.441,00000000
6532.44,279.994,00000000
6532.45,281.782,00000000
6532.46,281.335,00000000
6532.47,280.888,00000000
6532.48,281.335,00000000
6532.49,280.888,00000000
6532.5,282.676,00000000
6532.51,282.676,00000000
6532.52,282.229,00000000
6532.53,283.570,00000000
6532.54,283.123,00000000
6532.55,284.465,00000000
6532.56,284.465,00000000
6532.57,284.017,00000000
6532.58,283.123,00000000
6532.59,284.465,00000000
6532.6,284.017,00000000
6532.61,281.782,00000000
6532.62,282.229,00000000
6532.63,280.441,00000000
6532.64,282.229,00000000
6532.65,280.888,00000000
6532.66,282.676,00000000
6532.67,283.570,00000000
6532.68,282.676,00000000
6532.69,283.570,00000000
6532.7,282.229,00000000
6532.71,281.782,00000000
6532.72,282.229,00000000
6532.73,283.123,00000000
6532.74,282.229,00000000
6532.75,283.123,00000000
6532.76,284.017,00000000
6532.77,282.676,00000000
6532.78,285.359,00000000
6532.79,284.912,00000000
6532.8,282.229,00000000
6532.81,282.676,00000000
6532.82,283.570,00000000
6532.83,283.570,00000000
6532.84,281.782,00000000
6532.85,283.570,00000000
6532.86,284.465,00000000
6532.87,282.229,00000000
6532.88,282.676,00000000
6532.89,282.676,00000000
6532.9,282.676,00000000
6532.91,281.782,00000000
6532.92,284.465,00000000
6532.93,284.465,00000000
6532.94,284.912,00000000
6532.95,284.017,00000000
6532.96,284.912,00000000
6532.97,284.465,00000000
6532.98,285.806,00000000
6532.99,284.912,00000000
6533,285.806,00000000
6533.01,285.806,00000000
6533.02,284.912,00000000
6533.03,284.912,00000000
6533.04,286.254,00000000
6533.05,285.806,00000000
6533.06,286.254,00000000
6533.07,286.254,00000000
6533.08,284.017,00000000
6533.09,284.912,00000000
6533.1,284.465,00000000
6533.11,285.806,00000000
6533.12,285.359,00000000
6533.13,285.806,00000000
6533.14,285.806,00000000
6533.15,284.017,00000000
6533.16,287.596,00000000
6533.17,287.148,00000000
6533.18,287.148,00000000
6533.19,285.806,00000000
6533.2,285.806,00000000
6533.21,288.043,00000000
6533.22,287.148,00000000
6533.23,288.043,00000000
6533.24,287.148,00000000
6533.25,286.701,00000000
6533.26,288.938,00000000
6533.27,286.701,00000000
6533.28,288.491,00000000
6533.29,287.596,00000000
6533.3,287.596,00000000
6533.31,289.834,00000000
6533.32,288.043,00000000
6533.33,287.596,00000000
6533.34,288.938,00000000
6533.35,287.148,00000000
6533.36,287.596,00000000
6533.37,288.491,00000000
6533.38,287.596,00000000
6533.39,287.148,00000000
6533.4,288.491,00000000
6533.41,286.701,00000000
6533.42,287.596,00000000
6533.43,288.491,00000000
6533.44,289.834,00000000
6533.45,290.281,00000000
6533.46,287.596,00000000
6533.47,288.938,00000000
6533.48,288.938,00000000
6533.49,288.043,00000000
6533.5,289.386,00000000
6533.51,289.834,00000000
6533.52,287.596,00000000
6533.53,291.177,00000000
6533.54,290.281,00000000
6533.55,288.491,00000000
6533.56,289.834,00000000
6533.57,289.834,00000000
6533.58,288.491,00000000
6533.59,292.072,00000000
6533.6,291.625,00000000
6533.61,291.177,00000000
6533.62,291.625,00000000
6533.63,292.520,00000000
6533.64,290.729,00000000
6533.65,291.177,00000000
6533.66,293.416,00000000
6533.67,290.281,00000000
6533.68,292.520,00000000
6533.69,292.968,00000000
6533.7,292.072,00000000
6533.71,291.625,00000000
6533.72,292.072,00000000
6533.73,292.072,00000000
6533.74,292.072,00000000
6533.75,292.520,00000000
6533.76,292.520,00000000
6533.77,291.177,00000000
6533.78,293.416,00000000
6533.79,292.072,00000000
6533.8,292.968,00000000
6533.81,291.625,00000000
6533.82,291.625,00000000
6533.83,293.416,00000000
6533.84,291.625,00000000
6533.85,291.177,00000000
6533.86,291.177,00000000
6533.87,292.520,00000000
6533.88,291.177,00000000
6533.89,291.177,00000000
6533.9,292.072,00000000
6533.91,291.177,00000000
6533.92,292.968,00000000
6533.93,294.760,00000000
6533.94,293.864,00000000
6533.95,292.968,00000000
6533.96,294.760,00000000
6533.97,295.208,00000000
6533.98,295.656,00000000
6533.99,295.208,00000000
6534,295.656,00000000
6534.01,295.208,00000000
6534.02,292.968,00000000
6534.03,294.312,00000000
6534.04,294.760,00000000
6534.05,294.760,00000000
6534.06,296.105,00000000
6534.07,295.656,00000000
6534.08,296.105,00000000
6534.09,295.656,00000000
6534.1,296.105,00000000
6534.11,295.208,00000000
6534.12,295.656,00000000
6534.13,295.656,00000000
6534.14,296.553,00000000
6534.15,295.656,00000000
6534.16,296.553,00000000
6534.17,298.346,00000000
6534.18,297.449,00000000
6534.19,297.001,00000000
6534.2,297.001,00000000
6534.21,296.553,00000000
6534.22,296.553,00000000
6534.23,297.449,00000000
6534.24,298.346,00000000
6534.25,297.001,00000000
6534.26,299.243,00000000
6534.27,296.553,00000000
6534.28,298.795,00000000
6534.29,299.691,00000000
6534.3,298.795,00000000
6534.31,299.691,00000000
6534.32,299.691,00000000
6534.33,300.140,00000000
6534.34,298.795,00000000
6534.35,300.140,00000000
6534.36,300.589,00000000
6534.37,297.449,00000000
6534.38,300.140,00000000
6534.39,299.691,00000000
6534.4,298.795,00000000
6534.41,299.243,00000000
6534.42,299.243,00000000
6534.43,299.691,00000000
6534.44,299.243,00000000
6534.45,299.243,00000000
6534.46,300.589,00000000
6534.47,299.691,00000000
6534.48,299.243,00000000
6534.49,299.691,00000000
6534.5,300.589,00000000
6534.51,298.795,00000000
6534.52,297.898,00000000
6534.53,300.140,00000000
6534.54,300.140,00000000
6534.55,300.589,00000000
6534.56,300.589,00000000
6534.57,300.140,00000000
6534.58,301.486,00000000
6534.59,300.140,00000000
6534.6,300.140,00000000
6534.61,300.140,00000000
6534.62,301.037,00000000
6534.63,301.037,00000000
6534.64,300.589,00000000
6534.65,300.589,00000000
6534.66,302.832,00000000
6534.67,302.383,00000000
6534.68,302.383,00000000
6534.69,302.832,00000000
6534.7,303.281,00000000
6534.71,303.281,00000000
6534.72,303.281,00000000
6534.73,301.935,00000000
6534.74,302.832,00000000
6534.75,301.935,00000000
6534.76,302.383,00000000
6534.77,301.486,00000000
6534.78,302.832,00000000
6534.79,305.076,00000000
6534.8,302.832,00000000
6534.81,303.730,00000000
6534.82,301.935,00000000
6534.83,303.730,00000000
6534.84,304.178,00000000
6534.85,303.281,00000000
6534.86,303.281,00000000
6534.87,303.281,00000000
6534.88,304.178,00000000
6534.89,302.383,00000000
6534.9,304.627,00000000
6534.91,303.730,00000000
6534.92,304.627,00000000
6534.93,303.730,00000000
6534.94,305.974,00000000
6534.95,303.730,00000000
6534.96,306.873,00000000
6534.97,305.076,00000000
6534.98,304.178,00000000
6534.99,303.730,00000000
6535,305.076,00000000
6535.01,305.076,00000000
6535.02,303.730,00000000
6535.03,304.627,00000000
6535.04,305.525,00000000
6535.05,306.873,00000000
6535.06,305.076,00000000
6535.07,305.076,00000000
6535.08,306.423,00000000
6535.09,306.423,00000000
6535.1,308.669,00000000
6535.11,307.322,00000000
6535.12,308.669,00000000
6535.13,306.423,00000000
6535.14,306.873,00000000
6535.15,305.525,00000000
6535.16,307.771,00000000
6535.17,307.771,00000000
6535.18,307.771,00000000
6535.19,306.873,00000000
6535.2,307.322,00000000
6535.21,305.525,00000000
6535.22,306.423,00000000
6535.23,305.525,00000000
6535.24,307.771,00000000
6535.25,308.669,00000000
6535.26,306.873,00000000
6535.27,306.873,00000000
6535.28,308.220,00000000
6535.29,308.669,00000000
6535.3,308.669,00000000
6535.31,308.220,00000000
6535.32,308.669,00000000
6535.33,307.322,00000000
6535.34,306.873,00000000
6535.35,309.119,00000000
6535.36,308.669,00000000
6535.37,310.467,00000000
6535.38,309.568,00000000
6535.39,308.669,00000000
6535.4,310.467,00000000
6535.41,310.017,00000000
6535.42,309.568,00000000
6535.43,310.017,00000000
6535.44,309.119,00000000
6535.45,309.568,00000000
6535.46,310.467,00000000
6535.47,310.017,00000000
6535.48,309.568,00000000
6535.49,309.119,00000000
6535.5,310.017,00000000
6535.51,309.119,00000000
6535.52,308.220,00000000
6535.53,309.119,00000000
6535.54,309.119,00000000
6535.55,310.467,00000000
6535.56,310.467,00000000
6535.57,309.119,00000000
6535.58,309.119,00000000
6535.59,309.568,00000000
6535.6,310.017,00000000
6535.61,310.916,00000000
6535.62,310.017,00000000
6535.63,311.366,00000000
6535.64,309.568,00000000
6535.65,310.467,00000000
6535.66,311.366,00000000
6535.67,310.916,00000000
6535.68,310.017,00000000
6535.69,311.366,00000000
6535.7,310.017,00000000
6535.71,310.916,00000000
6535.72,310.017,00000000
6535.73,310.467,00000000
6535.74,310.467,00000000
6535.75,311.366,00000000
6535.76,310.467,00000000
6535.77,310.916,00000000
6535.78,312.265,00000000
6535.79,311.815,00000000
6535.8,312.265,00000000
6535.81,312.714,00000000
6535.82,313.164,00000000
6535.83,314.513,00000000
6535.84,312.714,00000000
6535.85,312.714,00000000
6535.86,313.614,00000000
6535.87,314.963,00000000
6535.88,313.614,00000000
6535.89,310.916,00000000
6535.9,312.714,00000000
6535.91,312.714,00000000
6535.92,313.164,00000000
6535.93,313.614,00000000
6535.94,311.815,00000000
6535.95,313.164,00000000
6535.96,312.265,00000000
6535.97,312.265,00000000
6535.98,313.164,00000000
6535.99,313.164,00000000
6536,314.063,00000000
6536.01,314.063,00000000
6536.02,313.164,00000000
6536.03,314.513,00000000
6536.04,314.063,00000000
6536.05,314.963,00000000
6536.06,314.063,00000000
6536.07,314.513,00000000
6536.08,314.513,00000000
6536.09,314.513,00000000
6536.1,314.963,00000000
6536.11,315.413,00000000
6536.12,314.513,00000000
6536.13,314.963,00000000
6536.14,314.513,00000000
6536.15,312.714,00000000
6536.16,314.513,00000000
6536.17,316.763,00000000
6536.18,314.513,00000000
6536.19,315.863,00000000
6536.2,314.513,00000000
6536.21,316.763,00000000
6536.22,315.863,00000000
6536.23,317.213,00000000
6536.24,315.863,00000000
6536.25,316.313,00000000
6536.26,314.063,00000000
6536.27,313.614,00000000
6536.28,316.313,00000000
6536.29,316.313,00000000
6536.3,315.863,00000000
6536.31,316.313,00000000
6536.32,316.763,00000000
6536.33,316.313,00000000
6536.34,316.313,00000000
6536.35,317.663,00000000
6536.36,318.113,00000000
6536.37,318.563,00000000
6536.38,317.663,00000000
6536.39,318.563,00000000
6536.4,318.563,00000000
6536.41,317.663,00000000
6536.42,318.563,00000000
6536.43,318.563,00000000
6536.44,318.563,00000000
6536.45,319.013,00000000
6536.46,319.013,00000000
6536.47,318.563,00000000
6536.48,317.663,00000000
6536.49,318.563,00000000
6536.5,318.113,00000000
6536.51,318.563,00000000
6536.52,317.213,00000000
6536.53,318.113,00000000
6536.54,316.763,00000000
6536.55,318.563,00000000
6536.56,317.663,00000000
6536.57,317.663,00000000
6536.58,318.563,00000000
6536.59,317.213,00000000
6536.6,318.563,00000000
6536.61,317.213,00000000
6536.62,319.463,00000000
6536.63,318.563,00000000
6536.64,318.113,00000000
6536.65,317.663,00000000
6536.66,318.563,00000000
6536.67,320.364,00000000
6536.68,319.913,00000000
6536.69,319.913,00000000
6536.7,319.463,00000000
6536.71,319.013,00000000
6536.72,320.814,00000000
6536.73,320.814,00000000
6536.74,321.264,00000000
6536.75,319.463,00000000
6536.76,319.463,00000000
6536.77,318.113,00000000
6536.78,320.814,00000000
6536.79,319.463,00000000
6536.8,320.364,00000000
6536.81,318.563,00000000
6536.82,319.013,00000000
6536.83,319.463,00000000
6536.84,319.913,00000000
6536.85,318.113,00000000
6536.86,319.013,00000000
6536.87,319.463,00000000
6536.88,319.013,00000000
6536.89,319.013,00000000
6536.9,318.563,00000000
6536.91,320.364,00000000
6536.92,319.013,00000000
6536.93,319.013,00000000
6536.94,319.013,00000000
6536.95,320.364,00000000
6536.96,319.463,00000000
6536.97,318.113,00000000
6536.98,319.013,00000000
6536.99,319.913,00000000
6537,319.463,00000000
6537.01,320.364,00000000
6537.02,318.113,00000000
6537.03,321.715,00000000
6537.04,320.364,00000000
6537.05,321.264,00000000
6537.06,319.913,00000000
6537.07,319.913,00000000
6537.08,318.113,00000000
6537.09,320.364,00000000
6537.1,319.463,00000000
6537.11,319.913,00000000
6537.12,320.364,00000000
6537.13,322.165,00000000
6537.14,320.364,00000000
6537.15,320.364,00000000
6537.16,321.264,00000000
6537.17,322.165,00000000
6537.18,320.814,00000000
6537.19,320.364,00000000
6537.2,321.264,00000000
6537.21,320.814,00000000
6537.22,321.715,00000000
6537.23,321.264,00000000
6537.24,320.364,00000000
6537.25,320.364,00000000
6537.26,320.814,00000000
6537.27,317.663,00000000
6537.28,320.364,00000000
6537.29,320.364,00000000
6537.3,319.463,00000000
6537.31,320.364,00000000
6537.32,319.913,00000000
6537.33,320.814,00000000
6537.34,320.814,00000000
6537.35,320.814,00000000
6537.36,319.913,00000000
6537.37,320.364,00000000
6537.38,320.364,00000000
6537.39,319.913,00000000
6537.4,319.463,00000000
6537.41,320.364,00000000
6537.42,319.913,00000000
6537.43,320.814,00000000
6537.44,319.463,00000000
6537.45,319.013,00000000
6537.46,319.013,00000000
6537.47,318.563,00000000
6537.48,318.113,00000000
6537.49,320.364,00000000
6537.5,318.563,00000000
6537.51,317.663,00000000
6537.52,316.313,00000000
6537.53,319.013,00000000
6537.54,318.563,00000000
6537.55,320.364,00000000
6537.56,318.113,00000000
6537.57,318.563,00000000
6537.58,319.013,00000000
6537.59,319.913,00000000
6537.6,319.463,00000000
6537.61,319.463,00000000
6537.62,319.913,00000000
6537.63,319.913,00000000
6537.64,320.814,00000000
6537.65,320.364,00000000
6537.66,321.715,00000000
6537.67,321.715,00000000
6537.68,322.165,00000000
6537.69,321.715,00000000
6537.7,322.165,00000000
6537.71,321.264,00000000
6537.72,320.814,00000000
6537.73,319.913,00000000
6537.74,321.264,00000000
6537.75,321.264,00000000
6537.76,321.264,00000000
6537.77,319.463,00000000
6537.78,321.264,00000000
6537.79,321.715,00000000
6537.8,321.715,00000000
6537.81,321.715,00000000
6537.82,322.165,00000000
6537.83,322.165,00000000
6537.84,322.165,00000000
6537.85,320.364,00000000
6537.86,322.165,00000000
6537.87,320.814,00000000
6537.88,320.814,00000000
6537.89,321.264,00000000
6537.9,322.616,00000000
6537.91,321.264,00000000
6537.92,321.715,00000000
6537.93,321.264,00000000
6537.94,319.913,00000000
6537.95,322.165,00000000
6537.96,320.814,00000000
6537.97,321.264,00000000
6537.98,322.165,00000000
6537.99,321.715,00000000
6538,322.165,00000000
6538.01,320.814,00000000
6538.02,319.913,00000000
6538.03,320.364,00000000
6538.04,319.913,00000000
6538.05,319.463,00000000
6538.06,321.264,00000000
6538.07,320.364,00000000
6538.08,319.463,00000000
6538.09,319.913,00000000
6538.1,319.463,00000000
6538.11,319.913,00000000
6538.12,320.364,00000000
6538.13,319.913,00000000
6538.14,321.264,00000000
6538.15,318.563,00000000
6538.16,320.814,00000000
6538.17,322.616,00000000
6538.18,322.616,00000000
6538.19,323.066,00000000
6538.2,321.264,00000000
6538.21,322.616,00000000
6538.22,322.165,00000000
6538.23,320.814,00000000
6538.24,322.616,00000000
6538.25,319.913,00000000
6538.26,322.165,00000000
6538.27,319.913,00000000
6538.28,322.165,00000000
6538.29,321.715,00000000
6538.3,321.264,00000000
6538.31,319.913,00000000
6538.32,319.913,00000000
6538.33,321.715,00000000
6538.34,320.364,00000000
6538.35,320.814,00000000
6538.36,321.715,00000000
6538.37,321.715,00000000
6538.38,320.814,00000000
6538.39,321.264,00000000
6538.4,319.463,00000000
6538.41,322.165,00000000
6538.42,322.165,00000000
6538.43,321.264,00000000
6538.44,321.264,00000000
6538.45,319.913,00000000
6538.46,322.165,00000000
6538.47,320.814,00000000
6538.48,320.814,00000000
6538.49,321.264,00000000
6538.5,322.165,00000000
6538.51,321.264,00000000
6538.52,319.463,00000000
6538.53,321.715,00000000
6538.54,320.814,00000000
6538.55,319.463,00000000
6538.56,320.364,00000000
6538.57,319.013,00000000
6538.58,319.013,00000000
6538.59,319.913,00000000
6538.6,318.563,00000000
6538.61,319.463,00000000
6538.62,319.463,00000000
6538.63,320.364,00000000
6538.64,317.663,00000000
6538.65,318.563,00000000
6538.66,320.814,00000000
6538.67,321.264,00000000
6538.68,321.264,00000000
6538.69,321.715,00000000
6538.7,321.715,00000000
6538.71,321.715,00000000
6538.72,319.913,00000000
6538.73,320.814,00000000
6538.74,319.463,00000000
6538.75,319.463,00000000
6538.76,319.013,00000000
6538.77,318.563,00000000
6538.78,320.364,00000000
6538.79,319.013,00000000
6538.8,319.463,00000000
6538.81,320.364,00000000
6538.82,319.913,00000000
6538.83,321.264,00000000
6538.84,320.814,00000000
6538.85,320.364,00000000
6538.86,321.715,00000000
6538.87,320.364,00000000
6538.88,321.715,00000000
6538.89,320.364,00000000
6538.9,322.165,00000000
6538.91,320.814,00000000
6538.92,322.165,00000000
6538.93,322.616,00000000
6538.94,321.264,00000000
6538.95,321.264,00000000
6538.96,319.913,00000000
6538.97,320.814,00000000
6538.98,319.913,00000000
6538.99,320.814,00000000
6539,320.814,00000000
6539.01,320.364,00000000
6539.02,319.913,00000000
6539.03,320.814,00000000
6539.04,321.264,00000000
6539.05,320.364,00000000
6539.06,321.264,00000000
6539.07,319.463,00000000
6539.08,319.013,00000000
6539.09,319.013,00000000
6539.1,319.463,00000000
6539.11,318.563,00000000
6539.12,320.814,00000000
6539.13,321.264,00000000
6539.14,317.663,00000000
6539.15,319.013,00000000
6539.16,321.264,00000000
6539.17,319.913,00000000
6539.18,319.913,00000000
6539.19,319.463,00000000
6539.2,320.364,00000000
6539.21,322.165,00000000
6539.22,320.364,00000000
6539.23,320.364,00000000
6539.24,320.364,00000000
6539.25,319.013,00000000
6539.26,318.563,00000000
6539.27,320.364,00000000
6539.28,320.814,00000000
6539.29,319.913,00000000
6539.3,319.913,00000000
6539.31,321.264,00000000
6539.32,320.364,00000000
6539.33,319.913,00000000
6539.34,320.364,00000000
6539.35,320.814,00000000
6539.36,318.113,00000000
6539.37,318.113,00000000
6539.38,319.913,00000000
6539.39,318.563,00000000
6539.4,318.563,00000000
6539.41,318.113,00000000
6539.42,318.113,00000000
6539.43,319.913,00000000
6539.44,319.013,00000000
6539.45,319.913,00000000
6539.46,318.113,00000000
6539.47,319.463,00000000
6539.48,318.113,00000000
6539.49,318.113,00000000
6539.5,319.013,00000000
6539.51,319.013,00000000
6539.52,320.814,00000000
6539.53,319.913,00000000
6539.54,320.364,00000000
6539.55,320.364,00000000
6539.56,319.463,00000000
6539.57,320.364,00000000
6539.58,319.013,00000000
6539.59,320.364,00000000
6539.6,319.913,00000000
6539.61,319.913,00000000
6539.62,319.913,00000000
6539.63,321.264,00000000
6539.64,318.563,00000000
6539.65,320.814,00000000
6539.66,320.814,00000000
6539.67,322.165,00000000
6539.68,320.814,00000000
6539.69,321.264,00000000
6539.7,320.364,00000000
6539.71,320.814,00000000
6539.72,319.913,00000000
6539.73,319.913,00000000
6539.74,322.165,00000000
6539.75,319.013,00000000
6539.76,319.913,00000000
6539.77,319.913,00000000
6539.78,320.364,00000000
6539.79,319.463,00000000
6539.8,318.113,00000000
6539.81,318.563,00000000
6539.82,319.013,00000000
6539.83,319.013,00000000
6539.84,318.563,00000000
6539.85,318.563,00000000
6539.86,318.563,00000000
6539.87,318.113,00000000
6539.88,318.113,00000000
6539.89,318.113,00000000
6539.9,318.113,00000000
6539.91,319.463,00000000
6539.92,319.013,00000000
6539.93,319.463,00000000
6539.94,318.113,00000000
6539.95,318.563,00000000
6539.96,316.313,00000000
6539.97,317.663,00000000
6539.98,319.463,00000000
6539.99,318.563,00000000
6540,317.663,00000000
6540.01,317.663,00000000
6540.02,317.663,00000000
6540.03,318.113,00000000
6540.04,317.213,00000000
6540.05,318.563,00000000
6540.06,317.663,00000000
6540.07,318.113,00000000
6540.08,317.213,00000000
6540.09,317.213,00000000
6540.1,317.213,00000000
6540.11,318.563,00000000
6540.12,317.663,00000000
6540.13,317.213,00000000
6540.14,315.863,00000000
6540.15,315.863,00000000
6540.16,316.313,00000000
6540.17,317.213,00000000
6540.18,315.413,00000000
6540.19,315.863,00000000
6540.2,316.313,00000000
6540.21,316.313,00000000
6540.22,314.963,00000000
6540.23,314.963,00000000
6540.24,315.863,00000000
6540.25,314.063,00000000
6540.26,316.763,00000000
6540.27,313.614,00000000
6540.28,317.213,00000000
6540.29,315.863,00000000
6540.3,315.413,00000000
6540.31,316.313,00000000
6540.32,315.863,00000000
6540.33,315.863,00000000
6540.34,316.313,00000000
6540.35,315.413,00000000
6540.36,317.663,00000000
6540.37,316.763,00000000
6540.38,317.213,00000000
6540.39,316.763,00000000
6540.4,316.313,00000000
6540.41,318.113,00000000
6540.42,316.763,00000000
6540.43,315.863,00000000
6540.44,316.763,00000000
6540.45,316.763,00000000
6540.46,318.113,00000000
6540.47,317.663,00000000
6540.48,315.863,00000000
6540.49,314.963,00000000
6540.5,314.963,00000000
6540.51,314.513,00000000
6540.52,314.963,00000000
6540.53,314.963,00000000
6540.54,316.313,00000000
6540.55,316.313,00000000
6540.56,315.413,00000000
6540.57,314.513,00000000
6540.58,316.763,00000000
6540.59,314.963,00000000
6540.6,314.963,00000000
6540.61,314.513,00000000
6540.62,316.313,00000000
6540.63,315.863,00000000
6540.64,314.963,00000000
6540.65,315.413,00000000
6540.66,316.763,00000000
6540.67,316.763,00000000
6540.68,315.413,00000000
6540.69,316.763,00000000
6540.7,316.313,00000000
6540.71,315.413,00000000
6540.72,317.663,00000000
6540.73,317.213,00000000
6540.74,316.763,00000000
6540.75,316.763,00000000
6540.76,316.313,00000000
6540.77,314.963,00000000
6540.78,314.963,00000000
6540.79,315.413,00000000
6540.8,314.063,00000000
6540.81,314.513,00000000
6540.82,314.063,00000000
6540.83,314.513,00000000
6540.84,314.063,00000000
6540.85,314.063,00000000
6540.86,312.714,00000000
6540.87,312.714,00000000
6540.88,313.614,00000000
6540.89,312.265,00000000
6540.9,312.265,00000000
6540.91,312.714,00000000
6540.92,312.714,00000000
6540.93,314.063,00000000
6540.94,312.714,00000000
6540.95,312.714,00000000
6540.96,313.164,00000000
6540.97,312.714,00000000
6540.98,314.513,00000000
6540.99,312.714,00000000
6541,313.614,00000000
6541.01,315.413,00000000
6541.02,313.164,00000000
6541.03,314.963,00000000
6541.04,314.063,00000000
6541.05,314.513,00000000
6541.06,314.963,00000000
6541.07,314.063,00000000
6541.08,314.963,00000000
6541.09,312.714,00000000
6541.1,313.164,00000000
6541.11,314.063,00000000
6541.12,312.265,00000000
6541.13,312.714,00000000
6541.14,311.366,00000000
6541.15,311.366,00000000
6541.16,313.164,00000000
6541.17,312.265,00000000
6541.18,313.614,00000000
6541.19,312.714,00000000
6541.2,312.265,00000000
6541.21,311.366,00000000
6541.22,311.366,00000000
6541.23,314.063,00000000
6541.24,313.164,00000000
6541.25,313.164,00000000
6541.26,313.164,00000000
6541.27,311.366,00000000
6541.28,313.614,00000000
6541.29,313.614,00000000
6541.3,314.963,00000000
6541.31,313.164,00000000
6541.32,311.815,00000000
6541.33,311.815,00000000
6541.34,312.714,00000000
6541.35,312.265,00000000
6541.36,311.815,00000000
6541.37,313.164,00000000
6541.38,311.815,00000000
6541.39,310.916,00000000
6541.4,312.714,00000000
6541.41,313.164,00000000
6541.42,313.164,00000000
6541.43,312.714,00000000
6541.44,313.164,00000000
6541.45,313.164,00000000
6541.46,312.714,00000000
6541.47,312.265,00000000
6541.48,312.714,00000000
6541.49,313.614,00000000
6541.5,312.265,00000000
6541.51,311.815,00000000
6541.52,310.017,00000000
6541.53,312.265,00000000
6541.54,311.815,00000000
6541.55,311.366,00000000
6541.56,311.366,00000000
6541.57,311.366,00000000
6541.58,311.815,00000000
6541.59,311.815,00000000
6541.6,311.366,00000000
6541.61,310.916,00000000
6541.62,313.164,00000000
6541.63,311.815,00000000
6541.64,312.714,00000000
6541.65,310.017,00000000
6541.66,311.815,00000000
6541.67,313.614,00000000
6541.68,311.366,00000000
6541.69,312.714,00000000
6541.7,310.916,00000000
6541.71,311.366,00000000
6541.72,313.164,00000000
6541.73,310.467,00000000
6541.74,310.467,00000000
6541.75,310.017,00000000
6541.76,310.467,00000000
6541.77,309.119,00000000
6541.78,309.568,00000000
6541.79,310.467,00000000
6541.8,309.119,00000000
6541.81,309.568,00000000
6541.82,309.119,00000000
6541.83,310.467,00000000
6541.84,311.366,00000000
6541.85,310.467,00000000
6541.86,310.467,00000000
6541.87,309.568,00000000
6541.88,310.467,00000000
6541.89,310.017,00000000
6541.9,309.119,00000000
6541.91,309.568,00000000
6541.92,310.916,00000000
6541.93,310.467,00000000
6541.94,310.017,00000000
6541.95,309.119,00000000
6541.96,309.568,00000000
6541.97,309.568,00000000
6541.98,311.366,00000000
6541.99,309.119,00000000
6542,310.467,00000000
6542.01,309.568,00000000
6542.02,308.220,00000000
6542.03,309.568,00000000
6542.04,311.366,00000000
6542.05,310.467,00000000
6542.06,310.467,00000000
6542.07,310.467,00000000
6542.08,308.669,00000000
6542.09,309.568,00000000
6542.1,309.568,00000000
6542.11,309.568,00000000
6542.12,308.220,00000000
6542.13,309.568,00000000
6542.14,307.322,00000000
6542.15,308.669,00000000
6542.16,310.017,00000000
6542.17,309.568,00000000
6542.18,310.017,00000000
6542.19,309.119,00000000
6542.2,307.771,00000000
6542.21,309.119,00000000
6542.22,308.220,00000000
6542.23,309.119,00000000
6542.24,308.220,00000000
6542.25,309.119,00000000
6542.26,310.467,00000000
6542.27,309.119,00000000
6542.28,310.467,00000000
6542.29,310.467,00000000
6542.3,309.568,00000000
6542.31,309.119,00000000
6542.32,308.669,00000000
6542.33,309.119,00000000
6542.34,307.771,00000000
6542.35,308.669,00000000
6542.36,309.568,00000000
6542.37,307.771,00000000
6542.38,307.322,00000000
6542.39,307.771,00000000
6542.4,307.771,00000000
6542.41,307.322,00000000
6542.42,308.669,00000000
6542.43,308.669,00000000
6542.44,309.119,00000000
6542.45,309.568,00000000
6542.46,309.568,00000000
6542.47,309.568,00000000
6542.48,309.568,00000000
6542.49,309.119,00000000
6542.5,308.220,00000000
6542.51,311.366,00000000
6542.52,308.220,00000000
6542.53,309.119,00000000
6542.54,308.669,00000000
6542.55,309.119,00000000
6542.56,308.669,00000000
6542.57,310.017,00000000
6542.58,309.119,00000000
6542.59,309.568,00000000
6542.6,309.568,00000000
6542.61,308.669,00000000
6542.62,309.119,00000000
6542.63,308.220,00000000
6542.64,308.220,00000000
6542.65,307.322,00000000
6542.66,309.568,00000000
6542.67,309.568,00000000
6542.68,308.669,00000000
6542.69,307.771,00000000
6542.7,309.568,00000000
6542.71,305.974,00000000
6542.72,307.322,00000000
6542.73,308.669,00000000
6542.74,308.220,00000000
6542.75,307.771,00000000
6542.76,306.423,00000000
6542.77,305.974,00000000
6542.78,305.525,00000000
6542.79,304.627,00000000
6542.8,305.974,00000000
6542.81,305.974,00000000
6542.82,305.974,00000000
6542.83,305.525,00000000
6542.84,304.627,00000000
6542.85,305.974,00000000
6542.86,304.627,00000000
6542.87,305.525,00000000
6542.88,304.178,00000000
6542.89,304.178,00000000
6542.9,303.281,00000000
6542.91,304.178,00000000
6542.92,305.974,00000000
6542.93,304.627,00000000
6542.94,304.627,00000000
6542.95,304.627,00000000
6542.96,305.076,00000000
6542.97,305.525,00000000
6542.98,304.627,00000000
6542.99,306.423,00000000
6543,303.730,00000000
6543.01,304.627,00000000
6543.02,304.627,00000000
6543.03,305.974,00000000
6543.04,305.525,00000000
6543.05,304.178,00000000
6543.06,305.974,00000000
6543.07,303.281,00000000
6543.08,304.627,00000000
6543.09,303.281,00000000
6543.1,302.383,00000000
6543.11,302.832,00000000
6543.12,303.730,00000000
6543.13,304.627,00000000
6543.14,302.832,00000000
6543.15,301.935,00000000
6543.16,302.832,00000000
6543.17,301.486,00000000
6543.18,302.832,00000000
6543.19,301.935,00000000
6543.2,301.037,00000000
6543.21,301.037,00000000
6543.22,302.832,00000000
6543.23,302.383,00000000
6543.24,300.589,00000000
6543.25,301.935,00000000
6543.26,302.383,00000000
6543.27,300.140,00000000
6543.28,303.281,00000000
6543.29,301.935,00000000
6543.3,301.935,00000000
6543.31,301.486,00000000
6543.32,302.832,00000000
6543.33,303.281,00000000
6543.34,302.832,00000000
6543.35,302.383,00000000
6543.36,301.935,00000000
6543.37,301.935,00000000
6543.38,302.832,00000000
6543.39,301.935,00000000
6543.4,301.935,00000000
6543.41,302.383,00000000
6543.42,303.730,00000000
6543.43,302.383,00000000
6543.44,304.178,00000000
6543.45,300.140,00000000
6543.46,301.037,00000000
6543.47,301.037,00000000
6543.48,302.383,00000000
6543.49,301.486,00000000
6543.5,301.037,00000000
6543.51,300.589,00000000
6543.52,298.795,00000000
6543.53,301.935,00000000
6543.54,300.140,00000000
6543.55,300.140,00000000
6543.56,299.243,00000000
6543.57,298.346,00000000
6543.58,299.691,00000000
6543.59,301.486,00000000
6543.6,301.037,00000000
6543.61,299.691,00000000
6543.62,299.691,00000000
6543.63,299.691,00000000
6543.64,299.243,00000000
6543.65,298.346,00000000
6543.66,301.486,00000000
6543.67,298.795,00000000
6543.68,298.346,00000000
6543.69,299.691,00000000
6543.7,298.795,00000000
6543.71,298.795,00000000
6543.72,298.795,00000000
6543.73,298.795,00000000
6543.74,296.553,00000000
6543.75,298.795,00000000
6543.76,298.795,00000000
6543.77,296.553,00000000
6543.78,297.898,00000000
6543.79,297.898,00000000
6543.8,294.760,00000000
6543.81,296.105,00000000
6543.82,297.001,00000000
6543.83,296.105,00000000
6543.84,297.449,00000000
6543.85,295.656,00000000
6543.86,295.208,00000000
6543.87,295.208,00000000
6543.88,294.760,00000000
6543.89,296.105,00000000
6543.9,295.208,00000000
6543.91,296.553,00000000
6543.92,296.105,00000000
6543.93,294.312,00000000
6543.94,297.001,00000000
6543.95,293.864,00000000
6543.96,294.760,00000000
6543.97,295.208,00000000
6543.98,295.208,00000000
6543.99,295.208,00000000
6544,293.864,00000000
6544.01,294.312,00000000
6544.02,293.416,00000000
6544.03,294.760,00000000
6544.04,292.968,00000000
6544.05,292.968,00000000
6544.06,292.520,00000000
6544.07,292.072,00000000
6544.08,294.312,00000000
6544.09,293.864,00000000
6544.1,293.864,00000000
6544.11,292.072,00000000
6544.12,293.416,00000000
6544.13,292.968,00000000
6544.14,292.520,00000000
6544.15,291.177,00000000
6544.16,292.520,00000000
6544.17,291.177,00000000
6544.18,292.968,00000000
6544.19,292.520,00000000
6544.2,293.416,00000000
6544.21,293.416,00000000
6544.22,292.072,00000000
6544.23,291.625,00000000
6544.24,293.864,00000000
6544.25,292.520,00000000
6544.26,293.416,00000000
6544.27,291.177,00000000
6544.28,293.864,00000000
6544.29,292.520,00000000
6544.3,295.208,00000000
6544.31,292.072,00000000
6544.32,291.625,00000000
6544.33,292.520,00000000
6544.34,291.625,00000000
6544.35,292.968,00000000
6544.36,291.177,00000000
6544.37,291.177,00000000
6544.38,289.834,00000000
6544.39,288.491,00000000
6544.4,289.834,00000000
6544.41,290.281,00000000
6544.42,289.386,00000000
6544.43,289.386,00000000
6544.44,292.072,00000000
6544.45,291.625,00000000
6544.46,291.177,00000000
6544.47,289.386,00000000
6544.48,290.729,00000000
6544.49,291.177,00000000
6544.5,291.177,00000000
6544.51,292.520,00000000
6544.52,289.834,00000000
6544.53,290.729,00000000
6544.54,292.520,00000000
6544.55,290.729,00000000
6544.56,289.386,00000000
6544.57,290.281,00000000
6544.58,291.177,00000000
6544.59,289.386,00000000
6544.6,289.386,00000000
6544.61,289.834,00000000
6544.62,288.491,00000000
6544.63,289.834,00000000
6544.64,287.596,00000000
6544.65,287.596,00000000
6544.66,287.596,00000000
6544.67,288.043,00000000
6544.68,288.043,00000000
6544.69,287.148,00000000
6544.7,287.148,00000000
6544.71,287.596,00000000
6544.72,287.596,00000000
6544.73,288.938,00000000
6544.74,287.596,00000000
6544.75,289.386,00000000
6544.76,290.281,00000000
6544.77,289.386,00000000
6544.78,291.177,00000000
6544.79,288.491,00000000
6544.8,288.043,00000000
6544.81,288.938,00000000
6544.82,288.938,00000000
6544.83,288.043,00000000
6544.84,288.491,00000000
6544.85,287.596,00000000
6544.86,288.938,00000000
6544.87,288.491,00000000
6544.88,288.043,00000000
6544.89,287.596,00000000
6544.9,288.491,00000000
6544.91,288.491,00000000
6544.92,288.491,00000000
6544.93,288.043,00000000
6544.94,288.491,00000000
6544.95,287.148,00000000
6544.96,286.701,00000000
6544.97,287.148,00000000
6544.98,284.912,00000000
6544.99,284.017,00000000
6545,285.806,00000000
6545.01,284.912,00000000
6545.02,282.676,00000000
6545.03,285.359,00000000
6545.04,285.359,00000000
6545.05,284.912,00000000
6545.06,284.017,00000000
6545.07,284.465,00000000
6545.08,284.912,00000000
6545.09,284.465,00000000
6545.1,284.017,00000000
6545.11,284.465,00000000
6545.12,284.465,00000000
6545.13,282.676,00000000
6545.14,282.676,00000000
6545.15,282.229,00000000
6545.16,282.676,00000000
6545.17,283.570,00000000
6545.18,283.123,00000000
6545.19,284.465,00000000
6545.2,283.570,00000000
6545.21,284.017,00000000
6545.22,283.570,00000000
6545.23,284.017,00000000
6545.24,285.359,00000000
6545.25,284.017,00000000
6545.26,282.676,00000000
6545.27,282.229,00000000
6545.28,282.229,00000000
6545.29,283.123,00000000
6545.3,283.570,00000000
6545.31,281.335,00000000
6545.32,282.229,00000000
6545.33,281.782,00000000
6545.34,282.676,00000000
6545.35,280.888,00000000
6545.36,281.335,00000000
6545.37,281.782,00000000
6545.38,281.335,00000000
6545.39,280.888,00000000
6545.4,279.994,00000000
6545.41,280.888,00000000
6545.42,281.782,00000000
6545.43,279.548,00000000
6545.44,280.888,00000000
6545.45,280.441,00000000
6545.46,281.335,00000000
6545.47,278.654,00000000
6545.48,279.548,00000000
6545.49,281.782,00000000
6545.5,279.994,00000000
6545.51,279.548,00000000
6545.52,278.654,00000000
6545.53,280.888,00000000
6545.54,280.441,00000000
6545.55,277.761,00000000
6545.56,279.994,00000000
6545.57,279.994,00000000
6545.58,278.208,00000000
6545.59,278.654,00000000
6545.6,278.654,00000000
6545.61,276.868,00000000
6545.62,278.208,00000000
6545.63,276.868,00000000
6545.64,277.314,00000000
6545.65,275.975,00000000
6545.66,277.314,00000000
6545.67,278.208,00000000
6545.68,277.314,00000000
6545.69,275.082,00000000
6545.7,275.528,00000000
6545.71,275.082,00000000
6545.72,275.528,00000000
6545.73,275.975,00000000
6545.74,275.082,00000000
6545.75,275.082,00000000
6545.76,274.189,00000000
6545.77,273.743,00000000
6545.78,275.082,00000000
6545.79,274.189,00000000
6545.8,273.743,00000000
6545.81,276.421,00000000
6545.82,275.528,00000000
6545.83,277.314,00000000
6545.84,275.528,00000000
6545.85,275.082,00000000
6545.86,274.636,00000000
6545.87,275.528,00000000
6545.88,274.189,00000000
6545.89,275.082,00000000
6545.9,274.636,00000000
6545.91,275.528,00000000
6545.92,275.528,00000000
6545.93,275.082,00000000
6545.94,275.528,00000000
6545.95,274.636,00000000
6545.96,276.421,00000000
6545.97,274.636,00000000
6545.98,275.528,00000000
6545.99,274.636,00000000
6546,273.297,00000000
6546.01,273.297,00000000
6546.02,273.743,00000000
6546.03,274.636,00000000
6546.04,273.297,00000000
6546.05,274.636,00000000
6546.06,275.082,00000000
6546.07,273.743,00000000
6546.08,274.636,00000000
6546.09,274.636,00000000
6546.1,274.189,00000000
6546.11,275.082,00000000
6546.12,275.082,00000000
6546.13,275.975,00000000
6546.14,274.636,00000000
6546.15,275.975,00000000
6546.16,275.528,00000000
6546.17,275.975,00000000
6546.18,275.528,00000000
6546.19,275.528,00000000
6546.2,276.421,00000000
6546.21,274.636,00000000
6546.22,276.421,00000000
6546.23,275.082,00000000
6546.24,275.082,00000000
6546.25,276.421,00000000
6546.26,274.636,00000000
6546.27,272.404,00000000
6546.28,275.082,00000000
6546.29,275.528,00000000
6546.3,274.636,00000000
6546.31,273.743,00000000
6546.32,273.743,00000000
6546.33,273.297,00000000
6546.34,272.850,00000000
6546.35,274.636,00000000
6546.36,273.297,00000000
6546.37,272.404,00000000
6546.38,272.850,00000000
6546.39,273.297,00000000
6546.4,272.850,00000000
6546.41,273.297,00000000
6546.42,272.850,00000000
6546.43,271.512,00000000
6546.44,274.189,00000000
6546.45,272.850,00000000
6546.46,272.404,00000000
6546.47,273.743,00000000
6546.48,272.850,00000000
6546.49,273.297,00000000
6546.5,273.743,00000000
6546.51,271.958,00000000
6546.52,270.620,00000000
6546.53,273.297,00000000
6546.54,272.404,00000000
6546.55,271.958,00000000
6546.56,269.282,00000000
6546.57,272.404,00000000
6546.58,272.850,00000000
6546.59,271.066,00000000
6546.6,273.743,00000000
6546.61,273.297,00000000
6546.62,272.404,00000000
6546.63,271.066,00000000
6546.64,271.066,00000000
6546.65,270.620,00000000
6546.66,272.404,00000000
6546.67,272.850,00000000
6546.68,273.297,00000000
6546.69,272.850,00000000
6546.7,272.404,00000000
6546.71,271.958,00000000
6546.72,271.066,00000000
6546.73,271.512,00000000
6546.74,271.066,00000000
6546.75,271.066,00000000
6546.76,271.512,00000000
6546.77,270.620,00000000
6546.78,273.743,00000000
6546.79,271.958,00000000
6546.8,271.958,00000000
6546.81,271.066,00000000
6546.82,271.066,00000000
6546.83,270.620,00000000
6546.84,271.958,00000000
6546.85,270.620,00000000
6546.86,270.174,00000000
6546.87,269.728,00000000
6546.88,269.728,00000000
6546.89,269.728,00000000
6546.9,267.945,00000000
6546.91,269.728,00000000
6546.92,269.282,00000000
6546.93,269.282,00000000
6546.94,271.958,00000000
6546.95,270.174,00000000
6546.96,269.282,00000000
6546.97,268.390,00000000
6546.98,270.174,00000000
6546.99,268.390,00000000
6547,268.836,00000000
6547.01,270.620,00000000
6547.02,269.728,00000000
6547.03,271.066,00000000
6547.04,270.620,00000000
6547.05,269.728,00000000
6547.06,269.728,00000000
6547.07,270.174,00000000
6547.08,267.945,00000000
6547.09,269.282,00000000
6547.1,270.620,00000000
6547.11,269.728,00000000
6547.12,270.174,00000000
6547.13,269.728,00000000
6547.14,267.945,00000000
6547.15,267.499,00000000
6547.16,269.728,00000000
6547.17,270.174,00000000
6547.18,271.066,00000000
6547.19,271.958,00000000
6547.2,271.066,00000000
6547.21,269.728,00000000
6547.22,271.066,00000000
6547.23,270.620,00000000
6547.24,268.836,00000000
6547.25,268.390,00000000
6547.26,269.282,00000000
6547.27,269.282,00000000
6547.28,268.836,00000000
6547.29,269.728,00000000
6547.3,269.282,00000000
6547.31,271.066,00000000
6547.32,268.836,00000000
6547.33,268.836,00000000
6547.34,269.728,00000000
6547.35,269.282,00000000
6547.36,268.390,00000000
6547.37,270.174,00000000
6547.38,267.945,00000000
6547.39,270.174,00000000
6547.4,267.499,00000000
6547.41,267.945,00000000
6547.42,268.836,00000000
6547.43,267.499,00000000
6547.44,270.174,00000000
6547.45,270.174,00000000
6547.46,268.836,00000000
6547.47,271.066,00000000
6547.48,269.728,00000000
6547.49,269.728,00000000
6547.5,270.620,00000000
6547.51,271.066,00000000
6547.52,270.174,00000000
6547.53,270.620,00000000
6547.54,271.958,00000000
6547.55,272.404,00000000
6547.56,271.958,00000000
6547.57,270.174,00000000
6547.58,270.174,00000000
6547.59,270.174,00000000
6547.6,270.620,00000000
6547.61,270.620,00000000
6547.62,269.728,00000000
6547.63,271.958,00000000
6547.64,268.836,00000000
6547.65,269.282,00000000
6547.66,271.958,00000000
6547.67,270.620,00000000
6547.68,270.174,00000000
6547.69,269.728,00000000
6547.7,270.620,00000000
6547.71,269.282,00000000
6547.72,270.174,00000000
6547.73,269.282,00000000
6547.74,267.945,00000000
6547.75,267.945,00000000
6547.76,269.282,00000000
6547.77,267.053,00000000
6547.78,269.282,00000000
6547.79,268.390,00000000
6547.8,268.390,00000000
6547.81,270.620,00000000
6547.82,270.174,00000000
6547.83,268.836,00000000
6547.84,267.053,00000000
6547.85,269.728,00000000
6547.86,269.282,00000000
6547.87,267.945,00000000
6547.88,267.945,00000000
6547.89,267.945,00000000
6547.9,267.053,00000000
6547.91,268.836,00000000
6547.92,268.836,00000000
6547.93,268.836,00000000
6547.94,267.945,00000000
6547.95,268.836,00000000
6547.96,267.945,00000000
6547.97,268.836,00000000
6547.98,267.945,00000000
6547.99,268.390,00000000
6548,270.174,00000000
6548.01,269.728,00000000
6548.02,267.053,00000000
6548.03,269.282,00000000
6548.04,268.836,00000000
6548.05,269.282,00000000
6548.06,269.728,00000000
6548.07,268.390,00000000
6548.08,269.728,00000000
6548.09,271.066,00000000
6548.1,269.728,00000000
6548.11,270.174,00000000
6548.12,270.620,00000000
6548.13,268.836,00000000
6548.14,267.945,00000000
6548.15,268.390,00000000
6548.16,269.728,00000000
6548.17,269.728,00000000
6548.18,268.836,00000000
6548.19,267.499,00000000
6548.2,267.499,00000000
6548.21,269.282,00000000
6548.22,267.945,00000000
6548.23,268.390,00000000
6548.24,267.945,00000000
6548.25,267.053,00000000
6548.26,267.053,00000000
6548.27,268.390,00000000
6548.28,268.390,00000000
6548.29,267.499,00000000
6548.3,267.945,00000000
6548.31,266.608,00000000
6548.32,266.162,00000000
6548.33,266.162,00000000
6548.34,266.608,00000000
6548.35,267.499,00000000
6548.36,266.608,00000000
6548.37,267.053,00000000
6548.38,268.390,00000000
6548.39,267.053,00000000
6548.4,267.053,00000000
6548.41,268.390,00000000
6548.42,267.053,00000000
6548.43,267.499,00000000
6548.44,268.390,00000000
6548.45,267.499,00000000
6548.46,266.162,00000000
6548.47,267.499,00000000
6548.48,266.608,00000000
6548.49,266.162,00000000
6548.5,268.836,00000000
6548.51,267.053,00000000
6548.52,266.608,00000000
6548.53,267.053,00000000
6548.54,269.282,00000000
6548.55,268.836,00000000
6548.56,267.945,00000000
6548.57,268.390,00000000
6548.58,269.282,00000000
6548.59,267.945,00000000
6548.6,269.282,00000000
6548.61,268.390,00000000
6548.62,269.282,00000000
6548.63,268.390,00000000
6548.64,268.836,00000000
6548.65,267.499,00000000
6548.66,268.390,00000000
6548.67,267.945,00000000
6548.68,268.836,00000000
6548.69,268.390,00000000
6548.7,268.390,00000000
6548.71,269.282,00000000
6548.72,267.053,00000000
6548.73,267.945,00000000
6548.74,268.390,00000000
6548.75,266.162,00000000
6548.76,268.836,00000000
6548.77,266.162,00000000
6548.78,268.836,00000000
6548.79,268.390,00000000
6548.8,268.390,00000000
6548.81,269.282,00000000
6548.82,269.282,00000000
6548.83,268.390,00000000
6548.84,268.390,00000000
6548.85,268.390,00000000
6548.86,267.499,00000000
6548.87,267.499,00000000
6548.88,267.053,00000000
6548.89,266.162,00000000
6548.9,266.608,00000000
6548.91,267.499,00000000
6548.92,268.390,00000000
6548.93,268.390,00000000
6548.94,268.390,00000000
6548.95,267.053,00000000
6548.96,266.162,00000000
6548.97,267.053,00000000
6548.98,266.608,00000000
6548.99,265.716,00000000
6549,267.499,00000000
6549.01,267.499,00000000
6549.02,265.271,00000000
6549.03,268.390,00000000
6549.04,267.945,00000000
6549.05,266.608,00000000
6549.06,267.945,00000000
6549.07,266.608,00000000
6549.08,266.162,00000000
6549.09,267.945,00000000
6549.1,267.945,00000000
6549.11,266.162,00000000
6549.12,268.390,00000000
6549.13,267.945,00000000
6549.14,266.162,00000000
6549.15,268.390,00000000
6549.16,267.053,00000000
6549.17,266.608,00000000
6549.18,268.390,00000000
6549.19,268.836,00000000
6549.2,268.390,00000000
6549.21,267.945,00000000
6549.22,268.390,00000000
6549.23,266.608,00000000
6549.24,268.390,00000000
6549.25,267.945,00000000
6549.26,267.499,00000000
6549.27,266.162,00000000
6549.28,267.945,00000000
6549.29,267.499,00000000
6549.3,267.499,00000000
6549.31,267.499,00000000
6549.32,267.053,00000000
6549.33,266.162,00000000
6549.34,267.053,00000000
6549.35,267.053,00000000
6549.36,266.608,00000000
6549.37,266.162,00000000
6549.38,266.608,00000000
6549.39,267.053,00000000
6549.4,266.608,00000000
6549.41,268.390,00000000
6549.42,267.053,00000000
6549.43,267.499,00000000
6549.44,267.499,00000000
6549.45,268.390,00000000
6549.46,265.716,00000000
6549.47,266.162,00000000
6549.48,265.716,00000000
6549.49,266.608,00000000
6549.5,266.608,00000000
6549.51,266.608,00000000
6549.52,265.716,00000000
6549.53,269.282,00000000
6549.54,267.499,00000000
6549.55,267.053,00000000
6549.56,266.162,00000000
6549.57,268.390,00000000
6549.58,269.728,00000000
6549.59,268.390,00000000
6549.6,267.945,00000000
6549.61,268.390,00000000
6549.62,267.499,00000000
6549.63,267.053,00000000
6549.64,265.716,00000000
6549.65,267.053,00000000
6549.66,268.390,00000000
6549.67,267.945,00000000
6549.68,270.620,00000000
6549.69,269.728,00000000
6549.7,267.945,00000000
6549.71,267.945,00000000
6549.72,268.836,00000000
6549.73,268.390,00000000
6549.74,268.836,00000000
6549.75,267.945,00000000
6549.76,269.728,00000000
6549.77,268.836,00000000
6549.78,270.174,00000000
6549.79,269.728,00000000
6549.8,269.282,00000000
6549.81,271.066,00000000
6549.82,270.174,00000000
6549.83,272.850,00000000
6549.84,271.958,00000000
6549.85,272.404,00000000
6549.86,271.066,00000000
6549.87,271.066,00000000
6549.88,270.174,00000000
6549.89,270.174,00000000
6549.9,271.066,00000000
6549.91,271.512,00000000
6549.92,271.066,00000000
6549.93,271.512,00000000
6549.94,271.512,00000000
6549.95,271.512,00000000
6549.96,269.728,00000000
6549.97,271.512,00000000
6549.98,271.958,00000000
6549.99,269.282,00000000
6550,271.066,00000000
6550.01,270.620,00000000
6550.02,267.053,00000000
6550.03,271.958,00000000
6550.04,271.512,00000000
6550.05,271.958,00000000
6550.06,272.404,00000000
6550.07,271.512,00000000
6550.08,273.297,00000000
6550.09,271.512,00000000
6550.1,272.404,00000000
6550.11,271.512,00000000
6550.12,271.512,00000000
6550.13,271.512,00000000
6550.14,269.282,00000000
6550.15,269.282,00000000
6550.16,272.404,00000000
6550.17,271.512,00000000
6550.18,272.404,00000000
6550.19,271.512,00000000
6550.2,271.958,00000000
6550.21,273.743,00000000
6550.22,271.958,00000000
6550.23,272.404,00000000
6550.24,272.404,00000000
6550.25,271.512,00000000
6550.26,271.958,00000000
6550.27,271.066,00000000
6550.28,272.850,00000000
6550.29,271.512,00000000
6550.3,271.512,00000000
6550.31,272.404,00000000
6550.32,272.404,00000000
6550.33,273.743,00000000
6550.34,273.743,00000000
6550.35,273.743,00000000
6550.36,272.850,00000000
6550.37,271.958,00000000
6550.38,273.297,00000000
6550.39,272.850,00000000
6550.4,271.958,00000000
6550.41,273.743,00000000
6550.42,271.066,00000000
6550.43,273.297,00000000
6550.44,271.958,00000000
6550.45,273.297,00000000
6550.46,273.743,00000000
6550.47,272.850,00000000
6550.48,272.850,00000000
6550.49,273.743,00000000
6550.5,274.636,00000000
6550.51,273.297,00000000
6550.52,272.850,00000000
6550.53,272.850,00000000
6550.54,274.189,00000000
6550.55,272.404,00000000
6550.56,273.297,00000000
6550.57,272.404,00000000
6550.58,273.297,00000000
6550.59,271.512,00000000
6550.6,271.512,00000000
6550.61,273.743,00000000
6550.62,272.404,00000000
6550.63,271.958,00000000
6550.64,272.850,00000000
6550.65,272.850,00000000
6550.66,272.850,00000000
6550.67,275.082,00000000
6550.68,274.189,00000000
6550.69,275.528,00000000
6550.7,274.636,00000000
6550.71,274.189,00000000
6550.72,272.850,00000000
6550.73,273.297,00000000
6550.74,274.189,00000000
6550.75,274.189,00000000
6550.76,273.297,00000000
6550.77,271.512,00000000
6550.78,272.850,00000000
6550.79,272.850,00000000
6550.8,271.512,00000000
6550.81,273.743,00000000
6550.82,273.297,00000000
6550.83,271.512,00000000
6550.84,274.636,00000000
6550.85,273.743,00000000
6550.86,273.743,00000000
6550.87,275.082,00000000
6550.88,272.850,00000000
6550.89,271.512,00000000
6550.9,273.297,00000000
6550.91,272.850,00000000
6550.92,273.743,00000000
6550.93,272.404,00000000
6550.94,274.636,00000000
6550.95,274.636,00000000
6550.96,273.297,00000000
6550.97,272.404,00000000
6550.98,273.297,00000000
6550.99,273.743,00000000
6551,271.958,00000000
6551.01,272.850,00000000
6551.02,271.512,00000000
6551.03,275.082,00000000
6551.04,273.297,00000000
6551.05,273.297,00000000
6551.06,273.297,00000000
6551.07,274.189,00000000
6551.08,274.636,00000000
6551.09,273.297,00000000
6551.1,273.297,00000000
6551.11,273.743,00000000
6551.12,274.636,00000000
6551.13,273.743,00000000
6551.14,272.404,00000000
6551.15,272.404,00000000
6551.16,274.189,00000000
6551.17,274.189,00000000
6551.18,273.743,00000000
6551.19,273.297,00000000
6551.2,273.297,00000000
6551.21,273.297,00000000
6551.22,274.189,00000000
6551.23,273.743,00000000
6551.24,275.975,00000000
6551.25,274.189,00000000
6551.26,274.636,00000000
6551.27,275.082,00000000
6551.28,277.761,00000000
6551.29,274.636,00000000
6551.3,276.421,00000000
6551.31,275.082,00000000
6551.32,273.297,00000000
6551.33,275.528,00000000
6551.34,274.189,00000000
6551.35,273.297,00000000
6551.36,274.189,00000000
6551.37,275.528,00000000
6551.38,275.528,00000000
6551.39,273.743,00000000
6551.4,272.850,00000000
6551.41,275.975,00000000
6551.42,275.528,00000000
6551.43,274.636,00000000
6551.44,275.082,00000000
6551.45,275.082,00000000
6551.46,274.636,00000000
6551.47,275.082,00000000
6551.48,275.082,00000000
6551.49,275.528,00000000
6551.5,274.189,00000000
6551.51,274.189,00000000
6551.52,275.082,00000000
6551.53,276.421,00000000
6551.54,275.975,00000000
6551.55,275.975,00000000
6551.56,277.314,00000000
6551.57,276.421,00000000
6551.58,275.528,00000000
6551.59,277.314,00000000
6551.6,278.208,00000000
6551.61,276.421,00000000
6551.62,279.101,00000000
6551.63,276.868,00000000
6551.64,276.868,00000000
6551.65,275.975,00000000
6551.66,278.208,00000000
6551.67,279.101,00000000
6551.68,278.654,00000000
6551.69,279.101,00000000
6551.7,278.208,00000000
6551.71,278.208,00000000
6551.72,278.208,00000000
6551.73,279.994,00000000
6551.74,276.868,00000000
6551.75,279.548,00000000
6551.76,279.101,00000000
6551.77,278.208,00000000
6551.78,279.994,00000000
6551.79,279.548,00000000
6551.8,279.994,00000000
6551.81,278.654,00000000
6551.82,279.994,00000000
6551.83,280.441,00000000
6551.84,279.994,00000000
6551.85,279.548,00000000
6551.86,278.654,00000000
6551.87,281.335,00000000
6551.88,279.994,00000000
6551.89,279.101,00000000
6551.9,280.888,00000000
6551.91,280.888,00000000
6551.92,280.441,00000000
6551.93,279.548,00000000
6551.94,279.548,00000000
6551.95,279.994,00000000
6551.96,279.548,00000000
6551.97,279.994,00000000
6551.98,280.888,00000000
6551.99,279.994,00000000
6552,279.994,00000000
6552.01,279.994,00000000
6552.02,279.548,00000000
6552.03,279.548,00000000
6552.04,279.548,00000000
6552.05,278.654,00000000
6552.06,279.101,00000000
6552.07,278.208,00000000
6552.08,280.888,00000000
6552.09,278.654,00000000
6552.1,278.654,00000000
6552.11,278.654,00000000
6552.12,279.994,00000000
6552.13,279.101,00000000
6552.14,279.548,00000000
6552.15,279.101,00000000
6552.16,279.101,00000000
6552.17,279.548,00000000
6552.18,278.654,00000000
6552.19,280.888,00000000
6552.2,278.208,00000000
6552.21,279.101,00000000
6552.22,280.441,00000000
6552.23,280.888,00000000
6552.24,279.101,00000000
6552.25,280.888,00000000
6552.26,278.654,00000000
6552.27,277.761,00000000
6552.28,279.994,00000000
6552.29,279.101,00000000
6552.3,278.654,00000000
6552.31,279.548,00000000
6552.32,279.548,00000000
6552.33,279.548,00000000
6552.34,278.654,00000000
6552.35,279.101,00000000
6552.36,279.994,00000000
6552.37,278.654,00000000
6552.38,279.548,00000000
6552.39,278.654,00000000
6552.4,277.761,00000000
6552.41,279.994,00000000
6552.42,280.888,00000000
6552.43,279.101,00000000
6552.44,280.441,00000000
6552.45,281.335,00000000
6552.46,281.782,00000000
6552.47,280.441,00000000
6552.48,280.888,00000000
6552.49,280.441,00000000
6552.5,283.123,00000000
6552.51,280.888,00000000
6552.52,280.888,00000000
6552.53,281.335,00000000
6552.54,281.335,00000000
6552.55,282.676,00000000
6552.56,282.676,00000000
6552.57,282.229,00000000
6552.58,283.570,00000000
6552.59,282.676,00000000
6552.6,282.229,00000000
6552.61,282.229,00000000
6552.62,281.782,00000000
6552.63,283.570,00000000
6552.64,283.123,00000000
6552.65,282.676,00000000
6552.66,283.123,00000000
6552.67,284.017,00000000
6552.68,283.570,00000000
6552.69,284.465,00000000
6552.7,284.465,00000000
6552.71,283.570,00000000
6552.72,284.017,00000000
6552.73,284.017,00000000
6552.74,284.912,00000000
6552.75,284.465,00000000
6552.76,284.017,00000000
6552.77,283.123,00000000
6552.78,284.465,00000000
6552.79,284.017,00000000
6552.8,284.912,00000000
6552.81,285.359,00000000
6552.82,284.912,00000000
6552.83,286.254,00000000
6552.84,285.806,00000000
6552.85,284.912,00000000
6552.86,286.254,00000000
6552.87,285.359,00000000
6552.88,284.912,00000000
6552.89,285.359,00000000
6552.9,284.465,00000000
6552.91,286.254,00000000
6552.92,284.465,00000000
6552.93,285.806,00000000
6552.94,285.806,00000000
6552.95,285.359,00000000
6552.96,285.806,00000000
6552.97,284.912,00000000
6552.98,287.148,00000000
6552.99,285.806,00000000
6553,286.701,00000000
6553.01,286.254,00000000
6553.02,286.254,00000000
6553.03,288.043,00000000
6553.04,288.043,00000000
6553.05,288.043,00000000
6553.06,287.596,00000000
6553.07,288.491,00000000
6553.08,287.596,00000000
6553.09,287.596,00000000
6553.1,288.043,00000000
6553.11,288.491,00000000
6553.12,285.806,00000000
6553.13,287.596,00000000
6553.14,286.701,00000000
6553.15,288.043,00000000
6553.16,288.043,00000000
6553.17,287.148,00000000
6553.18,287.148,00000000
6553.19,286.701,00000000
6553.2,288.043,00000000
6553.21,288.043,00000000
6553.22,286.701,00000000
6553.23,288.938,00000000
6553.24,288.491,00000000
6553.25,288.491,00000000
6553.26,288.938,00000000
6553.27,288.043,00000000
6553.28,288.491,00000000
6553.29,289.386,00000000
6553.3,289.834,00000000
6553.31,289.834,00000000
6553.32,289.386,00000000
6553.33,289.386,00000000
6553.34,288.491,00000000
6553.35,288.043,00000000
6553.36,291.625,00000000
6553.37,288.938,00000000
6553.38,289.386,00000000
6553.39,290.281,00000000
6553.4,288.043,00000000
6553.41,290.281,00000000
6553.42,289.834,00000000
6553.43,291.625,00000000
6553.44,290.729,00000000
6553.45,289.386,00000000
6553.46,290.281,00000000
6553.47,289.834,00000000
6553.48,288.491,00000000
6553.49,290.281,00000000
6553.5,291.177,00000000
6553.51,289.834,00000000
6553.52,290.281,00000000
6553.53,292.072,00000000
6553.54,291.177,00000000
6553.55,291.177,00000000
6553.56,292.968,00000000
6553.57,292.072,00000000
6553.58,291.177,00000000
6553.59,290.729,00000000
6553.6,292.968,00000000
6553.61,292.968,00000000
6553.62,292.968,00000000
6553.63,292.520,00000000
6553.64,291.625,00000000
6553.65,291.177,00000000
6553.66,292.968,00000000
6553.67,293.416,00000000
6553.68,293.416,00000000
6553.69,290.729,00000000
6553.7,292.520,00000000
6553.71,291.625,00000000
6553.72,293.416,00000000
6553.73,293.864,00000000
6553.74,291.177,00000000
6553.75,292.072,00000000
6553.76,293.416,00000000
6553.77,292.520,00000000
6553.78,293.416,00000000
6553.79,293.416,00000000
6553.8,292.520,00000000
6553.81,293.416,00000000
6553.82,292.520,00000000
6553.83,292.968,00000000
6553.84,292.072,00000000
6553.85,293.416,00000000
6553.86,293.416,00000000
6553.87,293.416,00000000
6553.88,294.312,00000000
6553.89,293.416,00000000
6553.9,291.625,00000000
6553.91,295.208,00000000
6553.92,295.208,00000000
6553.93,295.656,00000000
6553.94,295.208,00000000
6553.95,296.105,00000000
6553.96,295.208,00000000
6553.97,295.656,00000000
6553.98,294.760,00000000
6553.99,294.760,00000000
6554,296.105,00000000
6554.01,293.864,00000000
6554.02,294.760,00000000
6554.03,294.760,00000000
6554.04,295.656,00000000
6554.05,295.208,00000000
6554.06,297.001,00000000
6554.07,295.656,00000000
6554.08,297.001,00000000
6554.09,296.553,00000000
6554.1,295.656,00000000
6554.11,295.656,00000000
6554.12,295.656,00000000
6554.13,295.656,00000000
6554.14,295.208,00000000
6554.15,296.105,00000000
6554.16,296.553,00000000
6554.17,297.898,00000000
6554.18,297.449,00000000
6554.19,297.001,00000000
6554.2,297.449,00000000
6554.21,296.105,00000000
6554.22,295.208,00000000
6554.23,297.001,00000000
6554.24,295.656,00000000
6554.25,294.312,00000000
6554.26,297.001,00000000
6554.27,295.656,00000000
6554.28,298.346,00000000
6554.29,298.346,00000000
6554.3,297.449,00000000
6554.31,298.346,00000000
6554.32,297.898,00000000
6554.33,297.449,00000000
6554.34,297.898,00000000
6554.35,297.898,00000000
6554.36,298.346,00000000
6554.37,297.449,00000000
6554.38,297.001,00000000
6554.39,295.656,00000000
6554.4,297.001,00000000
6554.41,298.346,00000000
6554.42,299.243,00000000
6554.43,298.346,00000000
6554.44,298.346,00000000
6554.45,298.346,00000000
6554.46,297.898,00000000
6554.47,297.898,00000000
6554.48,297.898,00000000
6554.49,298.795,00000000
6554.5,297.898,00000000
6554.51,298.346,00000000
6554.52,298.346,00000000
6554.53,298.346,00000000
6554.54,298.795,00000000
6554.55,301.037,00000000
6554.56,301.037,00000000
6554.57,301.935,00000000
6554.58,301.037,00000000
6554.59,300.589,00000000
6554.6,301.486,00000000
6554.61,300.589,00000000
6554.62,301.935,00000000
6554.63,301.486,00000000
6554.64,303.281,00000000
6554.65,301.486,00000000
6554.66,302.383,00000000
6554.67,302.383,00000000
6554.68,301.935,00000000
6554.69,301.037,00000000
6554.7,301.935,00000000
6554.71,301.935,00000000
6554.72,302.383,00000000
6554.73,300.589,00000000
6554.74,302.383,00000000
6554.75,302.832,00000000
6554.76,302.832,00000000
6554.77,302.383,00000000
6554.78,304.627,00000000
6554.79,302.832,00000000
6554.8,304.178,00000000
6554.81,303.730,00000000
6554.82,302.832,00000000
6554.83,303.730,00000000
6554.84,304.178,00000000
6554.85,303.730,00000000
6554.86,303.281,00000000
6554.87,304.178,00000000
6554.88,304.627,00000000
6554.89,302.383,00000000
6554.9,302.832,00000000
6554.91,304.627,00000000
6554.92,303.730,00000000
6554.93,304.627,00000000
6554.94,305.525,00000000
6554.95,303.730,00000000
6554.96,305.974,00000000
6554.97,303.730,00000000
6554.98,303.730,00000000
6554.99,304.627,00000000
6555,305.525,00000000
6555.01,304.178,00000000
6555.02,303.730,00000000
6555.03,308.220,00000000
6555.04,306.423,00000000
6555.05,305.974,00000000
6555.06,306.873,00000000
6555.07,307.322,00000000
6555.08,306.423,00000000
6555.09,304.627,00000000
6555.1,305.974,00000000
6555.11,305.974,00000000
6555.12,306.423,00000000
6555.13,305.525,00000000
6555.14,304.627,00000000
6555.15,305.974,00000000
6555.16,306.423,00000000
6555.17,307.322,00000000
6555.18,307.322,00000000
6555.19,306.423,00000000
6555.2,306.423,00000000
6555.21,307.771,00000000
6555.22,306.873,00000000
6555.23,306.423,00000000
6555.24,307.771,00000000
6555.25,307.322,00000000
6555.26,306.423,00000000
6555.27,306.873,00000000
6555.28,308.220,00000000
6555.29,307.322,00000000
6555.3,308.669,00000000
6555.31,308.669,00000000
6555.32,308.669,00000000
6555.33,309.119,00000000
6555.34,308.669,00000000
6555.35,309.119,00000000
6555.36,308.220,00000000
6555.37,311.815,00000000
6555.38,310.467,00000000
6555.39,310.017,00000000
6555.4,308.669,00000000
6555.41,309.119,00000000
6555.42,310.916,00000000
6555.43,310.017,00000000
6555.44,310.467,00000000
6555.45,311.815,00000000
6555.46,310.017,00000000
6555.47,310.467,00000000
6555.48,311.366,00000000
6555.49,311.366,00000000
6555.5,311.815,00000000
6555.51,310.916,00000000
6555.52,310.916,00000000
6555.53,312.265,00000000
6555.54,313.614,00000000
6555.55,312.265,00000000
6555.56,314.513,00000000
6555.57,313.614,00000000
6555.58,311.815,00000000
6555.59,310.916,00000000
6555.6,312.265,00000000
6555.61,311.815,00000000
6555.62,312.714,00000000
6555.63,312.714,00000000
6555.64,312.265,00000000
6555.65,312.265,00000000
6555.66,313.614,00000000
6555.67,312.265,00000000
6555.68,314.963,00000000
6555.69,313.164,00000000
6555.7,313.164,00000000
6555.71,314.063,00000000
6555.72,314.513,00000000
6555.73,312.714,00000000
6555.74,312.265,00000000
6555.75,312.265,00000000
6555.76,313.164,00000000
6555.77,310.916,00000000
6555.78,313.614,00000000
6555.79,314.513,00000000
6555.8,314.063,00000000
6555.81,313.614,00000000
6555.82,314.963,00000000
6555.83,313.614,00000000
6555.84,314.063,00000000
6555.85,314.963,00000000
6555.86,313.614,00000000
6555.87,314.513,00000000
6555.88,313.164,00000000
6555.89,314.963,00000000
6555.9,314.063,00000000
6555.91,314.513,00000000
6555.92,314.963,00000000
6555.93,315.413,00000000
6555.94,317.213,00000000
6555.95,317.213,00000000
6555.96,315.863,00000000
6555.97,316.763,00000000
6555.98,316.313,00000000
6555.99,316.763,00000000
6556,318.563,00000000
6556.01,316.763,00000000
6556.02,314.963,00000000
6556.03,316.763,00000000
6556.04,315.413,00000000
6556.05,315.413,00000000
6556.06,314.963,00000000
6556.07,314.963,00000000
6556.08,315.863,00000000
6556.09,314.963,00000000
6556.1,314.063,00000000
6556.11,314.513,00000000
6556.12,314.063,00000000
6556.13,314.963,00000000
6556.14,313.164,00000000
6556.15,313.614,00000000
6556.16,314.063,00000000
6556.17,314.513,00000000
6556.18,316.763,00000000
6556.19,315.863,00000000
6556.2,315.863,00000000
6556.21,315.863,00000000
6556.22,314.963,00000000
6556.23,314.063,00000000
6556.24,315.413,00000000
6556.25,314.963,00000000
6556.26,316.313,00000000
6556.27,313.164,00000000
6556.28,317.213,00000000
6556.29,317.213,00000000
6556.3,316.763,00000000
6556.31,317.213,00000000
6556.32,316.763,00000000
6556.33,315.863,00000000
6556.34,317.663,00000000
6556.35,317.213,00000000
6556.36,316.313,00000000
6556.37,316.763,00000000
6556.38,318.563,00000000
6556.39,315.863,00000000
6556.4,316.763,00000000
6556.41,317.663,00000000
6556.42,315.863,00000000
6556.43,318.563,00000000
6556.44,316.313,00000000
6556.45,316.313,00000000
6556.46,317.213,00000000
6556.47,316.313,00000000
6556.48,317.663,00000000
6556.49,314.963,00000000
6556.5,314.513,00000000
6556.51,314.063,00000000
6556.52,314.063,00000000
6556.53,316.313,00000000
6556.54,315.413,00000000
6556.55,316.763,00000000
6556.56,315.863,00000000
6556.57,316.313,00000000
6556.58,314.963,00000000
6556.59,314.513,00000000
6556.6,316.763,00000000
6556.61,316.763,00000000
6556.62,316.313,00000000
6556.63,317.663,00000000
6556.64,316.763,00000000
6556.65,316.763,00000000
6556.66,318.113,00000000
6556.67,317.663,00000000
6556.68,317.663,00000000
6556.69,318.113,00000000
6556.7,316.313,00000000
6556.71,317.213,00000000
6556.72,317.663,00000000
6556.73,318.113,00000000
6556.74,318.563,00000000
6556.75,319.013,00000000
6556.76,318.563,00000000
6556.77,317.213,00000000
6556.78,317.663,00000000
6556.79,319.463,00000000
6556.8,316.313,00000000
6556.81,317.663,00000000
6556.82,317.213,00000000
6556.83,315.413,00000000
6556.84,317.663,00000000
6556.85,316.313,00000000
6556.86,317.663,00000000
6556.87,317.213,00000000
6556.88,316.763,00000000
6556.89,315.863,00000000
6556.9,316.763,00000000
6556.91,315.863,00000000
6556.92,316.313,00000000
6556.93,317.213,00000000
6556.94,317.213,00000000
6556.95,317.663,00000000
6556.96,318.113,00000000
6556.97,316.763,00000000
6556.98,316.313,00000000
6556.99,316.763,00000000
6557,318.563,00000000
6557.01,316.313,00000000
6557.02,316.763,00000000
6557.03,317.213,00000000
6557.04,318.563,00000000
6557.05,319.013,00000000
6557.06,318.113,00000000
6557.07,317.663,00000000
6557.08,318.113,00000000
6557.09,318.113,00000000
6557.1,317.663,00000000
6557.11,319.463,00000000
6557.12,319.013,00000000
6557.13,318.113,00000000
6557.14,317.663,00000000
6557.15,317.213,00000000
6557.16,318.563,00000000
6557.17,319.013,00000000
6557.18,319.463,00000000
6557.19,319.913,00000000
6557.2,318.113,00000000
6557.21,319.013,00000000
6557.22,318.563,00000000
6557.23,319.913,00000000
6557.24,319.013,00000000
6557.25,319.013,00000000
6557.26,319.463,00000000
6557.27,319.013,00000000
6557.28,320.364,00000000
6557.29,320.364,00000000
6557.3,319.463,00000000
6557.31,319.463,00000000
6557.32,317.213,00000000
6557.33,317.663,00000000
6557.34,317.213,00000000
6557.35,319.013,00000000
6557.36,319.013,00000000
6557.37,319.013,00000000
6557.38,318.563,00000000
6557.39,319.013,00000000
6557.4,318.113,00000000
6557.41,319.463,00000000
6557.42,319.013,00000000
6557.43,320.814,00000000
6557.44,319.463,00000000
6557.45,320.364,00000000
6557.46,321.264,00000000
6557.47,321.264,00000000
6557.48,319.463,00000000
6557.49,319.913,00000000
6557.5,319.013,00000000
6557.51,320.364,00000000
6557.52,319.913,00000000
6557.53,322.165,00000000
6557.54,322.165,00000000
6557.55,320.814,00000000
6557.56,321.264,00000000
6557.57,321.264,00000000
6557.58,322.165,00000000
6557.59,320.814,00000000
6557.6,321.264,00000000
6557.61,320.814,00000000
6557.62,320.814,00000000
6557.63,319.913,00000000
6557.64,320.814,00000000
6557.65,320.814,00000000
6557.66,323.517,00000000
6557.67,321.715,00000000
6557.68,322.165,00000000
6557.69,323.066,00000000
6557.7,320.814,00000000
6557.71,320.814,00000000
6557.72,321.715,00000000
6557.73,321.264,00000000
6557.74,321.715,00000000
6557.75,321.715,00000000
6557.76,321.264,00000000
6557.77,321.264,00000000
6557.78,323.517,00000000
6557.79,320.814,00000000
6557.8,321.715,00000000
6557.81,323.066,00000000
6557.82,322.165,00000000
6557.83,322.165,00000000
6557.84,321.715,00000000
6557.85,320.364,00000000
6557.86,321.715,00000000
6557.87,320.814,00000000
6557.88,319.913,00000000
6557.89,319.013,00000000
6557.9,318.113,00000000
6557.91,319.913,00000000
6557.92,320.364,00000000
6557.93,320.364,00000000
6557.94,320.814,00000000
6557.95,319.913,00000000
6557.96,319.013,00000000
6557.97,319.463,00000000
6557.98,319.463,00000000
6557.99,319.913,00000000
6558,320.364,00000000
6558.01,319.463,00000000
6558.02,320.364,00000000
6558.03,321.264,00000000
6558.04,319.913,00000000
6558.05,321.715,00000000
6558.06,321.264,00000000
6558.07,321.715,00000000
6558.08,321.715,00000000
6558.09,322.165,00000000
6558.1,321.264,00000000
6558.11,319.913,00000000
6558.12,319.913,00000000
6558.13,319.913,00000000
6558.14,319.913,00000000
6558.15,320.814,00000000
6558.16,319.463,00000000
6558.17,321.264,00000000
6558.18,320.814,00000000
6558.19,322.165,00000000
6558.2,322.165,00000000
6558.21,320.814,00000000
6558.22,322.616,00000000
6558.23,322.165,00000000
6558.24,321.264,00000000
6558.25,321.715,00000000
6558.26,321.715,00000000
6558.27,319.913,00000000
6558.28,321.264,00000000
6558.29,323.066,00000000
6558.3,322.165,00000000
6558.31,321.715,00000000
6558.32,321.264,00000000
6558.33,322.165,00000000
6558.34,320.814,00000000
6558.35,321.715,00000000
6558.36,321.715,00000000
6558.37,320.814,00000000
6558.38,321.264,00000000
6558.39,321.715,00000000
6558.4,321.264,00000000
6558.41,323.066,00000000
6558.42,322.165,00000000
6558.43,322.165,00000000
6558.44,321.264,00000000
6558.45,319.913,00000000
6558.46,321.264,00000000
6558.47,320.364,00000000
6558.48,320.814,00000000
6558.49,320.814,00000000
6558.5,320.364,00000000
6558.51,319.913,00000000
6558.52,319.913,00000000
6558.53,323.066,00000000
6558.54,321.264,00000000
6558.55,319.913,00000000
6558.56,320.814,00000000
6558.57,320.814,00000000
6558.58,321.264,00000000
6558.59,319.913,00000000
6558.6,321.264,00000000
6558.61,320.364,00000000
6558.62,321.715,00000000
6558.63,319.463,00000000
6558.64,320.364,00000000
6558.65,319.013,00000000
6558.66,322.165,00000000
6558.67,322.165,00000000
6558.68,319.913,00000000
6558.69,319.913,00000000
6558.7,321.264,00000000
6558.71,321.264,00000000
6558.72,321.264,00000000
6558.73,320.814,00000000
6558.74,319.913,00000000
6558.75,320.364,00000000
6558.76,321.264,00000000
6558.77,332.535,00000000
6558.78,416.690,00000000
6558.79,542.349,00000000
6558.8,8028.591,00000000
6558.81,11247.862,00000000
6558.82,12147.029,00000000
6558.83,11509.663,00000000
6558.84,9524.907,00000000
6558.85,8425.064,00000000
6558.86,7649.445,00000000
6558.87,7467.361,00000000
6558.88,7512.867,00000000
6558.89,7330.901,00000000
6558.9,7285.435,00000000
6558.91,7285.435,00000000
6558.92,7330.901,00000000
6558.93,7330.901,00000000
6558.94,7285.435,00000000
6558.95,7603.910,00000000
6558.96,7285.435,00000000
6558.97,7330.901,00000000
6558.98,7194.530,00000000
6558.99,7421.865,00000000
6559,7512.867,00000000
6559.01,7421.865,00000000
6559.02,7376.378,00000000
6559.03,7103.666,00000000
6559.04,7239.978,00000000
6559.05,7194.530,00000000
6559.06,7285.435,00000000
6559.07,7330.901,00000000
6559.08,7239.978,00000000
6559.09,7285.435,00000000
6559.1,7285.435,00000000
6559.11,7330.901,00000000
6559.12,7239.978,00000000
6559.13,7421.865,00000000
6559.14,7149.093,00000000
6559.15,7330.901,00000000
6559.16,7103.666,00000000
6559.17,7194.530,00000000
6559.18,7285.435,00000000
6559.19,7330.901,00000000
6559.2,7467.361,00000000
6559.21,7194.530,00000000
6559.22,7194.530,00000000
6559.23,7512.867,00000000
6559.24,7239.978,00000000
6559.25,7285.435,00000000
6559.26,7103.666,00000000
6559.27,7239.978,00000000
6559.28,7149.093,00000000
6559.29,7194.530,00000000
6559.3,7421.865,00000000
6559.31,7558.384,00000000
6559.32,7603.910,00000000
6559.33,7831.688,00000000
6559.34,8014.088,00000000
6559.35,8014.088,00000000
6559.36,7831.688,00000000
6559.37,7922.868,00000000
6559.38,7740.547,00000000
6559.39,7512.867,00000000
6559.4,7194.530,00000000
6559.41,7012.840,00000000
6559.42,6831.308,00000000
6559.43,6967.442,00000000
6559.44,7103.666,00000000
6559.45,7694.991,00000000
6559.46,7831.688,00000000
6559.47,7831.688,00000000
6559.48,8014.088,00000000
6559.49,8242.310,00000000
6559.5,8105.347,00000000
6559.51,7831.688,00000000
6559.52,7968.473,00000000
6559.53,8014.088,00000000
6559.54,7968.473,00000000
6559.55,8059.712,00000000
6559.56,8196.646,00000000
6559.57,8105.347,00000000
6559.58,8242.310,00000000
6559.59,8196.646,00000000
6559.6,8242.310,00000000
6559.61,8287.983,00000000
6559.62,8105.347,00000000
6559.63,8150.991,00000000
6559.64,8242.310,00000000
6559.65,8059.712,00000000
6559.66,8150.991,00000000
6559.67,8196.646,00000000
6559.68,8242.310,00000000
6559.69,8105.347,00000000
6559.7,8059.712,00000000
6559.71,8242.310,00000000
6559.72,8196.646,00000000
6559.73,8196.646,00000000
6559.74,8242.310,00000000
6559.75,8014.088,00000000
6559.76,8150.991,00000000
6559.77,8242.310,00000000
6559.78,8196.646,00000000
6559.79,8105.347,00000000
6559.8,8196.646,00000000
6559.81,8333.667,00000000
6559.82,8196.646,00000000
6559.83,8196.646,00000000
6559.84,8242.310,00000000
6559.85,8287.983,00000000
6559.86,7831.688,00000000
6559.87,7831.688,00000000
6559.88,7877.273,00000000
6559.89,7740.547,00000000
6559.9,7831.688,00000000
6559.91,7740.547,00000000
6559.92,7877.273,00000000
6559.93,7877.273,00000000
6559.94,7740.547,00000000
6559.95,7831.688,00000000
6559.96,7831.688,00000000
6559.97,7786.112,00000000
6559.98,7922.868,00000000
6559.99,7831.688,00000000
6560,7877.273,00000000
6560.01,7740.547,00000000
6560.02,7968.473,00000000
6560.03,7786.112,00000000
6560.04,7831.688,00000000
6560.05,7740.547,00000000
6560.06,7740.547,00000000
6560.07,7877.273,00000000
6560.08,7786.112,00000000
6560.09,7740.547,00000000
6560.1,7831.688,00000000
6560.11,7694.991,00000000
6560.12,7740.547,00000000
6560.13,7786.112,00000000
6560.14,7649.445,00000000
6560.15,7740.547,00000000
6560.16,7740.547,00000000
6560.17,7740.547,00000000
6560.18,7877.273,00000000
6560.19,7831.688,00000000
6560.2,7877.273,00000000
6560.21,7922.868,00000000
6560.22,7694.991,00000000
6560.23,7831.688,00000000
6560.24,7740.547,00000000
6560.25,7740.547,00000000
6560.26,7877.273,00000000
6560.27,7694.991,00000000
6560.28,7786.112,00000000
6560.29,7831.688,00000000
6560.3,7877.273,00000000
6560.31,7877.273,00000000
6560.32,7831.688,00000000
6560.33,7694.991,00000000
6560.34,7786.112,00000000
6560.35,7740.547,00000000
6560.36,7786.112,00000000
6560.37,7922.868,00000000
6560.38,7649.445,00000000
6560.39,7694.991,00000000
6560.4,7877.273,00000000
6560.41,7877.273,00000000
6560.42,7694.991,00000000
6560.43,7831.688,00000000
6560.44,7649.445,00000000
6560.45,7740.547,00000000
6560.46,7740.547,00000000
6560.47,7649.445,00000000
6560.48,7922.868,00000000
6560.49,7649.445,00000000
6560.5,7786.112,00000000
6560.51,7740.547,00000000
6560.52,7831.688,00000000
6560.53,7740.547,00000000
6560.54,7922.868,00000000
6560.55,7694.991,00000000
6560.56,7649.445,00000000
6560.57,7831.688,00000000
6560.58,7831.688,00000000
6560.59,7786.112,00000000
6560.6,7740.547,00000000
6560.61,7968.473,00000000
6560.62,7831.688,00000000
6560.63,7649.445,00000000
6560.64,7786.112,00000000
6560.65,7968.473,00000000
6560.66,7786.112,00000000
6560.67,7877.273,00000000
6560.68,7786.112,00000000
6560.69,7694.991,00000000
6560.7,7831.688,00000000
6560.71,7831.688,00000000
6560.72,7877.273,00000000
6560.73,7877.273,00000000
6560.74,7649.445,00000000
6560.75,7786.112,00000000
6560.76,7831.688,00000000
6560.77,7877.273,00000000
6560.78,7877.273,00000000
6560.79,7649.445,00000000
6560.8,7649.445,00000000
6560.81,7649.445,00000000
6560.82,7786.112,00000000
6560.83,7786.112,00000000
6560.84,7786.112,00000000
6560.85,7831.688,00000000
6560.86,7740.547,00000000
6560.87,7786.112,00000000
6560.88,7877.273,00000000
6560.89,7877.273,00000000
6560.9,7877.273,00000000
6560.91,7831.688,00000000
6560.92,7740.547,00000000
6560.93,7649.445,00000000
6560.94,7740.547,00000000
6560.95,7922.868,00000000
6560.96,7877.273,00000000
6560.97,7922.868,00000000
6560.98,7786.112,00000000
6560.99,7831.688,00000000
6561,7877.273,00000000
6561.01,7740.547,00000000
6561.02,7740.547,00000000
6561.03,7649.445,00000000
6561.04,7922.868,00000000
6561.05,7603.910,00000000
6561.06,7694.991,00000000
6561.07,7877.273,00000000
6561.08,7694.991,00000000
6561.09,7649.445,00000000
6561.1,7831.688,00000000
6561.11,7740.547,00000000
6561.12,7877.273,00000000
6561.13,7877.273,00000000
6561.14,7649.445,00000000
6561.15,7786.112,00000000
6561.16,7877.273,00000000
6561.17,7649.445,00000000
6561.18,7740.547,00000000
6561.19,7831.688,00000000
6561.2,7740.547,00000000
6561.21,7740.547,00000000
6561.22,7649.445,00000000
6561.23,7740.547,00000000
6561.24,7831.688,00000000
6561.25,7831.688,00000000
6561.26,7786.112,00000000
6561.27,7831.688,00000000
6561.28,7877.273,00000000
6561.29,7694.991,00000000
6561.3,7877.273,00000000
6561.31,7694.991,00000000
6561.32,7877.273,00000000
6561.33,7831.688,00000000
6561.34,7831.688,00000000
6561.35,7786.112,00000000
6561.36,7649.445,00000000
6561.37,7831.688,00000000
6561.38,7649.445,00000000
6561.39,7694.991,00000000
6561.4,7786.112,00000000
6561.41,7740.547,00000000
6561.42,7786.112,00000000
6561.43,7694.991,00000000
6561.44,7968.473,00000000
6561.45,7831.688,00000000
6561.46,7740.547,00000000
6561.47,7694.991,00000000
6561.48,7786.112,00000000
6561.49,7694.991,00000000
6561.5,7786.112,00000000
6561.51,7831.688,00000000
6561.52,7649.445,00000000
6561.53,7831.688,00000000
6561.54,7831.688,00000000
6561.55,7740.547,00000000
6561.56,7740.547,00000000
6561.57,7922.868,00000000
6561.58,7922.868,00000000
6561.59,7786.112,00000000
6561.6,7694.991,00000000
6561.61,7831.688,00000000
6561.62,7786.112,00000000
6561.63,7786.112,00000000
6561.64,7831.688,00000000
6561.65,7831.688,00000000
6561.66,7831.688,00000000
6561.67,7786.112,00000000
6561.68,7831.688,00000000
6561.69,7831.688,00000000
6561.7,7740.547,00000000
6561.71,7649.445,00000000
6561.72,7786.112,00000000
6561.73,7694.991,00000000
6561.74,7786.112,00000000
6561.75,7877.273,00000000
6561.76,7786.112,00000000
6561.77,7831.688,00000000
6561.78,7694.991,00000000
6561.79,7694.991,00000000
6561.8,7694.991,00000000
6561.81,7694.991,00000000
6561.82,7786.112,00000000
6561.83,7649.445,00000000
6561.84,7649.445,00000000
6561.85,7740.547,00000000
6561.86,7831.688,00000000
6561.87,7877.273,00000000
6561.88,7786.112,00000000
6561.89,7831.688,00000000
6561.9,7786.112,00000000
6561.91,7694.991,00000000
6561.92,7649.445,00000000
6561.93,7740.547,00000000
6561.94,7694.991,00000000
6561.95,7877.273,00000000
6561.96,7786.112,00000000
6561.97,7786.112,00000000
6561.98,7740.547,00000000
6561.99,7740.547,00000000
6562,7740.547,00000000
6562.01,7740.547,00000000
6562.02,7786.112,00000000
6562.03,7877.273,00000000
6562.04,7877.273,00000000
6562.05,7649.445,00000000
6562.06,7877.273,00000000
6562.07,7831.688,00000000
6562.08,7786.112,00000000
6562.09,7740.547,00000000
6562.1,7786.112,00000000
6562.11,7786.112,00000000
6562.12,7740.547,00000000
6562.13,7603.910,00000000
6562.14,7831.688,00000000
6562.15,7831.688,00000000
6562.16,7786.112,00000000
6562.17,7877.273,00000000
6562.18,7831.688,00000000
6562.19,7603.910,00000000
6562.2,7831.688,00000000
6562.21,7649.445,00000000
6562.22,7831.688,00000000
6562.23,7831.688,00000000
6562.24,7877.273,00000000
6562.25,7649.445,00000000
6562.26,7740.547,00000000
6562.27,7786.112,00000000
6562.28,7649.445,00000000
6562.29,7786.112,00000000
6562.3,7877.273,00000000
6562.31,7558.384,00000000
6562.32,7649.445,00000000
6562.33,7694.991,00000000
6562.34,7694.991,00000000
6562.35,7877.273,00000000
6562.36,7922.868,00000000
6562.37,7649.445,00000000
6562.38,7877.273,00000000
6562.39,7831.688,00000000
6562.4,7740.547,00000000
6562.41,7786.112,00000000
6562.42,7831.688,00000000
6562.43,7740.547,00000000
6562.44,7968.473,00000000
6562.45,7786.112,00000000
6562.46,7649.445,00000000
6562.47,7877.273,00000000
6562.48,7694.991,00000000
6562.49,7740.547,00000000
6562.5,7649.445,00000000
6562.51,7694.991,00000000
6562.52,7649.445,00000000
6562.53,7740.547,00000000
6562.54,7649.445,00000000
6562.55,7786.112,00000000
6562.56,7786.112,00000000
6562.57,7877.273,00000000
6562.58,7786.112,00000000
6562.59,7740.547,00000000
6562.6,7740.547,00000000
6562.61,7603.910,00000000
6562.62,7649.445,00000000
6562.63,7694.991,00000000
6562.64,7694.991,00000000
6562.65,7740.547,00000000
6562.66,7649.445,00000000
6562.67,7740.547,00000000
6562.68,7603.910,00000000
6562.69,7694.991,00000000
6562.7,7877.273,00000000
6562.71,7649.445,00000000
6562.72,7603.910,00000000
6562.73,7786.112,00000000
6562.74,7694.991,00000000
6562.75,7649.445,00000000
6562.76,7694.991,00000000
6562.77,7512.867,00000000
6562.78,7467.361,00000000
6562.79,7285.435,00000000
6562.8,7330.901,00000000
6562.81,7467.361,00000000
6562.82,7330.901,00000000
6562.83,7421.865,00000000
6562.84,7467.361,00000000
6562.85,7512.867,00000000
6562.86,7694.991,00000000
6562.87,7467.361,00000000
6562.88,7512.867,00000000
6562.89,7285.435,00000000
6562.9,7512.867,00000000
6562.91,7376.378,00000000
6562.92,7330.901,00000000
6562.93,7376.378,00000000
6562.94,7285.435,00000000
6562.95,7376.378,00000000
6562.96,7330.901,00000000
6562.97,7376.378,00000000
6562.98,7285.435,00000000
6562.99,7376.378,00000000
6563,7467.361,00000000
6563.01,7421.865,00000000
6563.02,7330.901,00000000
6563.03,7512.867,00000000
6563.04,7512.867,00000000
6563.05,7512.867,00000000
6563.06,7376.378,00000000
6563.07,7421.865,00000000
6563.08,7512.867,00000000
6563.09,7285.435,00000000
6563.1,7421.865,00000000
6563.11,7512.867,00000000
6563.12,7512.867,00000000
6563.13,7558.384,00000000
6563.14,7603.910,00000000
6563.15,7512.867,00000000
6563.16,7376.378,00000000
6563.17,7831.688,00000000
6563.18,8105.347,00000000
6563.19,8379.361,00000000
6563.2,8425.064,00000000
6563.21,8196.646,00000000
6563.22,7740.547,00000000
6563.23,7285.435,00000000
6563.24,7239.978,00000000
6563.25,7103.666,00000000
6563.26,7194.530,00000000
6563.27,7285.435,00000000
6563.28,8196.646,00000000
6563.29,8196.646,00000000
6563.3,8242.310,00000000
6563.31,8287.983,00000000
6563.32,8242.310,00000000
6563.33,8105.347,00000000
6563.34,8105.347,00000000
6563.35,8242.310,00000000
6563.36,8242.310,00000000
6563.37,8105.347,00000000
6563.38,8059.712,00000000
6563.39,8196.646,00000000
6563.4,8516.501,00000000
6563.41,8425.064,00000000
6563.42,8516.501,00000000
6563.43,7922.868,00000000
6563.44,7467.361,00000000
6563.45,7330.901,00000000
6563.46,7103.666,00000000
6563.47,7103.666,00000000
6563.48,7149.093,00000000
6563.49,7694.991,00000000
6563.5,8014.088,00000000
6563.51,8562.234,00000000
6563.52,8516.501,00000000
6563.53,8242.310,00000000
6563.54,8105.347,00000000
6563.55,8105.347,00000000
6563.56,8105.347,00000000
6563.57,8059.712,00000000
6563.58,8059.712,00000000
6563.59,8333.667,00000000
6563.6,8333.667,00000000
6563.61,8470.778,00000000
6563.62,8333.667,00000000
6563.63,7968.473,00000000
6563.64,8150.991,00000000
6563.65,8059.712,00000000
6563.66,8059.712,00000000
6563.67,8105.347,00000000
6563.68,8014.088,00000000
6563.69,8287.983,00000000
6563.7,8196.646,00000000
6563.71,8287.983,00000000
6563.72,8287.983,00000000
6563.73,8287.983,00000000
6563.74,8014.088,00000000
6563.75,8105.347,00000000
6563.76,8014.088,00000000
6563.77,8242.310,00000000
6563.78,8014.088,00000000
6563.79,8242.310,00000000
6563.8,8105.347,00000000
6563.81,7877.273,00000000
6563.82,7877.273,00000000
6563.83,8059.712,00000000
6563.84,8287.983,00000000
6563.85,8287.983,00000000
6563.86,8059.712,00000000
6563.87,8150.991,00000000
6563.88,8150.991,00000000
6563.89,8105.347,00000000
6563.9,8150.991,00000000
6563.91,8150.991,00000000
6563.92,8196.646,00000000
6563.93,8379.361,00000000
6563.94,7968.473,00000000
6563.95,7376.378,00000000
6563.96,7467.361,00000000
6563.97,7558.384,00000000
6563.98,7467.361,00000000
6563.99,7786.112,00000000
6564,7740.547,00000000
6564.01,7603.910,00000000
6564.02,7649.445,00000000
6564.03,7512.867,00000000
6564.04,7467.361,00000000
6564.05,7421.865,00000000
6564.06,7512.867,00000000
6564.07,7421.865,00000000
6564.08,7149.093,00000000
6564.09,7103.666,00000000
6564.1,7330.901,00000000
6564.11,7194.530,00000000
6564.12,7330.901,00000000
6564.13,7421.865,00000000
6564.14,7330.901,00000000
6564.15,16385.373,00000000
6564.16,27447.619,00000000
6564.17,21029.031,00000000
6564.18,14168.719,00000000
6564.19,9157.662,00000000
6564.2,6649.934,00000000
6564.21,5655.193,00000000
6564.22,5429.782,00000000
6564.23,5429.782,00000000
6564.24,7647.050,00000000
6564.25,6582.525,00000000
6564.26,5762.069,00000000
6564.27,2336.508,00000000
6564.28,2696.941,00000000
6564.29,3047.666,00000000
6564.3,3365.124,00000000
6564.31,3685.582,00000000
6564.32,3933.767,00000000
6564.33,4174.256,00000000
6564.34,4411.621,00000000
6564.35,4631.388,00000000
6564.36,4818.755,00000000
6564.37,4968.372,00000000
6564.38,5118.594,00000000
6564.39,5215.833,00000000
6564.4,5318.205,00000000
6564.41,8872.160,00000000
6564.42,10054.273,00000000
6564.43,10025.205,00000000
6564.44,7376.378,00000000
6564.45,6378.167,00000000
6564.46,5926.013,00000000
6564.47,5835.700,00000000
6564.48,5655.193,00000000
6564.49,5835.700,00000000
6564.5,5790.559,00000000
6564.51,5700.305,00000000
6564.52,5790.559,00000000
6564.53,5564.999,00000000
6564.54,5655.193,00000000
6564.55,5790.559,00000000
6564.56,5610.091,00000000
6564.57,5610.091,00000000
6564.58,5745.427,00000000
6564.59,5790.559,00000000
6564.6,5745.427,00000000
6564.61,5655.193,00000000
6564.62,5790.559,00000000
6564.63,5745.427,00000000
6564.64,5610.091,00000000
6564.65,5790.559,00000000
6564.66,5880.852,00000000
6564.67,5655.193,00000000
6564.68,5700.305,00000000
6564.69,5745.427,00000000
6564.7,5655.193,00000000
6564.71,5700.305,00000000
6564.72,5655.193,00000000
6564.73,5790.559,00000000
6564.74,5655.193,00000000
6564.75,5700.305,00000000
6564.76,5745.427,00000000
6564.77,5655.193,00000000
6564.78,5880.852,00000000
6564.79,5564.999,00000000
6564.8,5610.091,00000000
6564.81,5564.999,00000000
6564.82,5700.305,00000000
6564.83,5790.559,00000000
6564.84,5745.427,00000000
6564.85,5700.305,00000000
6564.86,5610.091,00000000
6564.87,5655.193,00000000
6564.88,5790.559,00000000
6564.89,5790.559,00000000
6564.9,5790.559,00000000
6564.91,5700.305,00000000
6564.92,5790.559,00000000
6564.93,5790.559,00000000
6564.94,5655.193,00000000
6564.95,5700.305,00000000
6564.96,5655.193,00000000
6564.97,5655.193,00000000
6564.98,5790.559,00000000
6564.99,5700.305,00000000
6565,5655.193,00000000
6565.01,5655.193,00000000
6565.02,5655.193,00000000
6565.03,5700.305,00000000
6565.04,5655.193,00000000
6565.05,5564.999,00000000
6565.06,5700.305,00000000
6565.07,5700.305,00000000
6565.08,5745.427,00000000
6565.09,5564.999,00000000
6565.1,5700.305,00000000
6565.11,5564.999,00000000
6565.12,5610.091,00000000
6565.13,5655.193,00000000
6565.14,5655.193,00000000
6565.15,5655.193,00000000
6565.16,5655.193,00000000
6565.17,5790.559,00000000
6565.18,5700.305,00000000
6565.19,5790.559,00000000
6565.2,5655.193,00000000
6565.21,5880.852,00000000
6565.22,6016.365,00000000
6565.23,6922.054,00000000
6565.24,7149.093,00000000
6565.25,7922.868,00000000
6565.26,9111.801,00000000
6565.27,11927.384,00000000
6565.28,17620.963,00000000
6565.29,23654.361,00000000
6565.3,27447.619,00000000
6565.31,29541.309,00000000
6565.32,30192.879,00000000
6565.33,30644.943,00000000
6565.34,30745.512,00000000
6565.35,30695.223,00000000
6565.36,29441.215,00000000
6565.37,27695.955,00000000
6565.38,26951.684,00000000
6565.39,26605.117,00000000
6565.4,26456.736,00000000
6565.41,26456.736,00000000
6565.42,26506.188,00000000
6565.43,26506.188,00000000
6565.44,26407.297,00000000
6565.45,26456.736,00000000
6565.46,26605.117,00000000
6565.47,26357.865,00000000
6565.48,26456.736,00000000
6565.49,26506.188,00000000
6565.5,26456.736,00000000
6565.51,26506.188,00000000
6565.52,26654.598,00000000
6565.53,26506.188,00000000
6565.54,26506.188,00000000
6565.55,26605.117,00000000
6565.56,26456.736,00000000
6565.57,26654.598,00000000
6565.58,26407.297,00000000
6565.59,26704.088,00000000
6565.6,26704.088,00000000
6565.61,26506.188,00000000
6565.62,26456.736,00000000
6565.63,26506.188,00000000
6565.64,26456.736,00000000
6565.65,26555.646,00000000
6565.66,26456.736,00000000
6565.67,26506.188,00000000
6565.68,26506.188,00000000
6565.69,26407.297,00000000
6565.7,26555.646,00000000
6565.71,26407.297,00000000
6565.72,26407.297,00000000
6565.73,26407.297,00000000
6565.74,26456.736,00000000
6565.75,26506.188,00000000
6565.76,26506.188,00000000
6565.77,26654.598,00000000
6565.78,26456.736,00000000
6565.79,26456.736,00000000
6565.8,26605.117,00000000
6565.81,26456.736,00000000
6565.82,26506.188,00000000
6565.83,26605.117,00000000
6565.84,26506.188,00000000
6565.85,26555.646,00000000
6565.86,26506.188,00000000
6565.87,26456.736,00000000
6565.88,26456.736,00000000
6565.89,26357.865,00000000
6565.9,26506.188,00000000
6565.91,26654.598,00000000
6565.92,26357.865,00000000
6565.93,26506.188,00000000
6565.94,26506.188,00000000
6565.95,26506.188,00000000
6565.96,26407.297,00000000
6565.97,26456.736,00000000
6565.98,26555.646,00000000
6565.99,26555.646,00000000
6566,26407.297,00000000
6566.01,26308.445,00000000
6566.02,26605.117,00000000
6566.03,26456.736,00000000
6566.04,26456.736,00000000
6566.05,26259.033,00000000
6566.06,26506.188,00000000
6566.07,26407.297,00000000
6566.08,26407.297,00000000
6566.09,26456.736,00000000
6566.1,26456.736,00000000
6566.11,26456.736,00000000
6566.12,26506.188,00000000
6566.13,26308.445,00000000
6566.14,26357.865,00000000
6566.15,26506.188,00000000
6566.16,26407.297,00000000
6566.17,26407.297,00000000
6566.18,26555.646,00000000
6566.19,26506.188,00000000
6566.2,26506.188,00000000
6566.21,26506.188,00000000
6566.22,26357.865,00000000
6566.23,26506.188,00000000
6566.24,26407.297,00000000
6566.25,26555.646,00000000
6566.26,26456.736,00000000
6566.27,26456.736,00000000
6566.28,26456.736,00000000
6566.29,26407.297,00000000
6566.3,26555.646,00000000
6566.31,26456.736,00000000
6566.32,26605.117,00000000
6566.33,26704.088,00000000
6566.34,26456.736,00000000
6566.35,26506.188,00000000
6566.36,26506.188,00000000
6566.37,26456.736,00000000
6566.38,26555.646,00000000
6566.39,26407.297,00000000
6566.4,26555.646,00000000
6566.41,26605.117,00000000
6566.42,26407.297,00000000
6566.43,26407.297,00000000
6566.44,26605.117,00000000
6566.45,26506.188,00000000
6566.46,26456.736,00000000
6566.47,26605.117,00000000
6566.48,26456.736,00000000
6566.49,26456.736,00000000
6566.5,26456.736,00000000
6566.51,26654.598,00000000
6566.52,26456.736,00000000
6566.53,26357.865,00000000
6566.54,26456.736,00000000
6566.55,26605.117,00000000
6566.56,26555.646,00000000
6566.57,26605.117,00000000
6566.58,26704.088,00000000
6566.59,26605.117,00000000
6566.6,26555.646,00000000
6566.61,26555.646,00000000
6566.62,26506.188,00000000
6566.63,26605.117,00000000
6566.64,26407.297,00000000
6566.65,26605.117,00000000
6566.66,26555.646,00000000
6566.67,26456.736,00000000
6566.68,26456.736,00000000
6566.69,26506.188,00000000
6566.7,26506.188,00000000
6566.71,26605.117,00000000
6566.72,26456.736,00000000
6566.73,26506.188,00000000
6566.74,26555.646,00000000
6566.75,26555.646,00000000
6566.76,26506.188,00000000
6566.77,26506.188,00000000
6566.78,26357.865,00000000
6566.79,26506.188,00000000
6566.8,26407.297,00000000
6566.81,26456.736,00000000
6566.82,26456.736,00000000
6566.83,26506.188,00000000
6566.84,26407.297,00000000
6566.85,26407.297,00000000
6566.86,26357.865,00000000
6566.87,26407.297,00000000
6566.88,26506.188,00000000
6566.89,26357.865,00000000
6566.9,26555.646,00000000
6566.91,26456.736,00000000
6566.92,26506.188,00000000
6566.93,26456.736,00000000
6566.94,26506.188,00000000
6566.95,26605.117,00000000
6566.96,26456.736,00000000
6566.97,26407.297,00000000
6566.98,26555.646,00000000
6566.99,26605.117,00000000
6567,26506.188,00000000
6567.01,26605.117,00000000
6567.02,26506.188,00000000
6567.03,26605.117,00000000
6567.04,26555.646,00000000
6567.05,26456.736,00000000
6567.06,26506.188,00000000
6567.07,26456.736,00000000
6567.08,26555.646,00000000
6567.09,26506.188,00000000
6567.1,26456.736,00000000
6567.11,26506.188,00000000
6567.12,26506.188,00000000
6567.13,26357.865,00000000
6567.14,26357.865,00000000
6567.15,26506.188,00000000
6567.16,26407.297,00000000
6567.17,26357.865,00000000
6567.18,26456.736,00000000
6567.19,26407.297,00000000
6567.2,26506.188,00000000
6567.21,26506.188,00000000
6567.22,26357.865,00000000
6567.23,26506.188,00000000
6567.24,26259.033,00000000
6567.25,26259.033,00000000
6567.26,26456.736,00000000
6567.27,26407.297,00000000
6567.28,26506.188,00000000
6567.29,26555.646,00000000
6567.3,26506.188,00000000
6567.31,26456.736,00000000
6567.32,26654.598,00000000
6567.33,26456.736,00000000
6567.34,26456.736,00000000
6567.35,26506.188,00000000
6567.36,26357.865,00000000
6567.37,26357.865,00000000
6567.38,26456.736,00000000
6567.39,26506.188,00000000
6567.4,26704.088,00000000
6567.41,26704.088,00000000
6567.42,26456.736,00000000
6567.43,26605.117,00000000
6567.44,26555.646,00000000
6567.45,26605.117,00000000
6567.46,26456.736,00000000
6567.47,26407.297,00000000
6567.48,26506.188,00000000
6567.49,26456.736,00000000
6567.5,26506.188,00000000
6567.51,26506.188,00000000
6567.52,26555.646,00000000
6567.53,26654.598,00000000
6567.54,26506.188,00000000
6567.55,26605.117,00000000
6567.56,26407.297,00000000
6567.57,26456.736,00000000
6567.58,26506.188,00000000
6567.59,26506.188,00000000
6567.6,26555.646,00000000
6567.61,26506.188,00000000
6567.62,26506.188,00000000
6567.63,26803.096,00000000
6567.64,26506.188,00000000
6567.65,26555.646,00000000
6567.66,26605.117,00000000
6567.67,26407.297,00000000
6567.68,26654.598,00000000
6567.69,26456.736,00000000
6567.7,26555.646,00000000
6567.71,26555.646,00000000
6567.72,26456.736,00000000
6567.73,26506.188,00000000
6567.74,26555.646,00000000
6567.75,26456.736,00000000
6567.76,26654.598,00000000
6567.77,26456.736,00000000
6567.78,26506.188,00000000
6567.79,26605.117,00000000
6567.8,26506.188,00000000
6567.81,26506.188,00000000
6567.82,26407.297,00000000
6567.83,26407.297,00000000
6567.84,26506.188,00000000
6567.85,26357.865,00000000
6567.86,26555.646,00000000
6567.87,26506.188,00000000
6567.88,26357.865,00000000
6567.89,26308.445,00000000
6567.9,26506.188,00000000
6567.91,26407.297,00000000
6567.92,26605.117,00000000
6567.93,26456.736,00000000
6567.94,26605.117,00000000
6567.95,26555.646,00000000
6567.96,26654.598,00000000
6567.97,26407.297,00000000
6567.98,26555.646,00000000
6567.99,26506.188,00000000
6568,26506.188,00000000
6568.01,26407.297,00000000
6568.02,26506.188,00000000
6568.03,26555.646,00000000
6568.04,26704.088,00000000
6568.05,26456.736,00000000
6568.06,26456.736,00000000
6568.07,26555.646,00000000
6568.08,26555.646,00000000
6568.09,26456.736,00000000
6568.1,26654.598,00000000
6568.11,26456.736,00000000
6568.12,26308.445,00000000
6568.13,26555.646,00000000
6568.14,26308.445,00000000
6568.15,26407.297,00000000
6568.16,26259.033,00000000
6568.17,26407.297,00000000
6568.18,26506.188,00000000
6568.19,26555.646,00000000
6568.2,26605.117,00000000
6568.21,26506.188,00000000
6568.22,26555.646,00000000
6568.23,26357.865,00000000
6568.24,26555.646,00000000
6568.25,26506.188,00000000
6568.26,26555.646,00000000
6568.27,26357.865,00000000
6568.28,26555.646,00000000
6568.29,26407.297,00000000
6568.3,26555.646,00000000
6568.31,26456.736,00000000
6568.32,26506.188,00000000
6568.33,26605.117,00000000
6568.34,26605.117,00000000
6568.35,26456.736,00000000
6568.36,26357.865,00000000
6568.37,26407.297,00000000
6568.38,26654.598,00000000
6568.39,26506.188,00000000
6568.4,26506.188,00000000
6568.41,26506.188,00000000
6568.42,26456.736,00000000
6568.43,26506.188,00000000
6568.44,26704.088,00000000
6568.45,26704.088,00000000
6568.46,26555.646,00000000
6568.47,26456.736,00000000
6568.48,26555.646,00000000
6568.49,26456.736,00000000
6568.5,26605.117,00000000
6568.51,26357.865,00000000
6568.52,26456.736,00000000
6568.53,26605.117,00000000
6568.54,26605.117,00000000
6568.55,26605.117,00000000
6568.56,26704.088,00000000
6568.57,26456.736,00000000
6568.58,26704.088,00000000
6568.59,26407.297,00000000
6568.6,26506.188,00000000
6568.61,26506.188,00000000
6568.62,26605.117,00000000
6568.63,26456.736,00000000
6568.64,26605.117,00000000
6568.65,26506.188,00000000
6568.66,26456.736,00000000
6568.67,26506.188,00000000
6568.68,26357.865,00000000
6568.69,26506.188,00000000
6568.7,26555.646,00000000
6568.71,26357.865,00000000
6568.72,26456.736,00000000
6568.73,26407.297,00000000
6568.74,26456.736,00000000
6568.75,26456.736,00000000
6568.76,26506.188,00000000
6568.77,26704.088,00000000
6568.78,26555.646,00000000
6568.79,26555.646,00000000
6568.8,26456.736,00000000
6568.81,26654.598,00000000
6568.82,26555.646,00000000
6568.83,26456.736,00000000
6568.84,26605.117,00000000
6568.85,26506.188,00000000
6568.86,26654.598,00000000
6568.87,26654.598,00000000
6568.88,26506.188,00000000
6568.89,26357.865,00000000
6568.9,26506.188,00000000
6568.91,26555.646,00000000
6568.92,26456.736,00000000
6568.93,26456.736,00000000
6568.94,26506.188,00000000
6568.95,26506.188,00000000
6568.96,26605.117,00000000
6568.97,26407.297,00000000
6568.98,26407.297,00000000
6568.99,26555.646,00000000
6569,26506.188,00000000
6569.01,26506.188,00000000
6569.02,26605.117,00000000
6569.03,26506.188,00000000
6569.04,26654.598,00000000
6569.05,26456.736,00000000
6569.06,26456.736,00000000
6569.07,26456.736,00000000
6569.08,26407.297,00000000
6569.09,26506.188,00000000
6569.1,26456.736,00000000
6569.11,26456.736,00000000
6569.12,26506.188,00000000
6569.13,26456.736,00000000
6569.14,26506.188,00000000
6569.15,26555.646,00000000
6569.16,26506.188,00000000
6569.17,26407.297,00000000
6569.18,26456.736,00000000
6569.19,26357.865,00000000
6569.2,26506.188,00000000
6569.21,26357.865,00000000
6569.22,26456.736,00000000
6569.23,26555.646,00000000
6569.24,26357.865,00000000
6569.25,26456.736,00000000
6569.26,26506.188,00000000
6569.27,26407.297,00000000
6569.28,26704.088,00000000
6569.29,26357.865,00000000
6569.3,26555.646,00000000
6569.31,26407.297,00000000
6569.32,26555.646,00000000
6569.33,26456.736,00000000
6569.34,26506.188,00000000
6569.35,26456.736,00000000
6569.36,26407.297,00000000
6569.37,26456.736,00000000
6569.38,26506.188,00000000
6569.39,26456.736,00000000
6569.4,26506.188,00000000
6569.41,26555.646,00000000
6569.42,26506.188,00000000
6569.43,26506.188,00000000
6569.44,26506.188,00000000
6569.45,26506.188,00000000
6569.46,26506.188,00000000
6569.47,26456.736,00000000
6569.48,26456.736,00000000
6569.49,26506.188,00000000
6569.5,26704.088,00000000
6569.51,26456.736,00000000
6569.52,26506.188,00000000
6569.53,26456.736,00000000
6569.54,26654.598,00000000
6569.55,26456.736,00000000
6569.56,26704.088,00000000
6569.57,26506.188,00000000
6569.58,26407.297,00000000
6569.59,26605.117,00000000
6569.6,26654.598,00000000
6569.61,26605.117,00000000
6569.62,26357.865,00000000
6569.63,26704.088,00000000
6569.64,26506.188,00000000
6569.65,26555.646,00000000
6569.66,26654.598,00000000
6569.67,26357.865,00000000
6569.68,26605.117,00000000
6569.69,26456.736,00000000
6569.7,26506.188,00000000
6569.71,26506.188,00000000
6569.72,26456.736,00000000
6569.73,26407.297,00000000
6569.74,26456.736,00000000
6569.75,26506.188,00000000
6569.76,26506.188,00000000
6569.77,26555.646,00000000
6569.78,26605.117,00000000
6569.79,26456.736,00000000
6569.8,26506.188,00000000
6569.81,26506.188,00000000
6569.82,26506.188,00000000
6569.83,26407.297,00000000
6569.84,26407.297,00000000
6569.85,26456.736,00000000
6569.86,26357.865,00000000
6569.87,26506.188,00000000
6569.88,26308.445,00000000
6569.89,26259.033,00000000
6569.9,26605.117,00000000
6569.91,26605.117,00000000
6569.92,26506.188,00000000
6569.93,26407.297,00000000
6569.94,26407.297,00000000
6569.95,26506.188,00000000
6569.96,26506.188,00000000
6569.97,26506.188,00000000
6569.98,26605.117,00000000
6569.99,26456.736,00000000
6570,26506.188,00000000
6570.01,26605.117,00000000
6570.02,26704.088,00000000
6570.03,26506.188,00000000
6570.04,26555.646,00000000
6570.05,26456.736,00000000
6570.06,26605.117,00000000
6570.07,26407.297,00000000
6570.08,26357.865,00000000
6570.09,26555.646,00000000
6570.1,26506.188,00000000
6570.11,26506.188,00000000
6570.12,26506.188,00000000
6570.13,26259.033,00000000
6570.14,26506.188,00000000
6570.15,26506.188,00000000
6570.16,26605.117,00000000
6570.17,26605.117,00000000
6570.18,26605.117,00000000
6570.19,26605.117,00000000
6570.2,26555.646,00000000
6570.21,26456.736,00000000
6570.22,26357.865,00000000
6570.23,26357.865,00000000
6570.24,26456.736,00000000
6570.25,26555.646,00000000
6570.26,26407.297,00000000
6570.27,26456.736,00000000
6570.28,26357.865,00000000
6570.29,26555.646,00000000
6570.3,26407.297,00000000
6570.31,26555.646,00000000
6570.32,26506.188,00000000
6570.33,26456.736,00000000
6570.34,26357.865,00000000
6570.35,26456.736,00000000
6570.36,26506.188,00000000
6570.37,26407.297,00000000
6570.38,26357.865,00000000
6570.39,26407.297,00000000
6570.4,26555.646,00000000
6570.41,26259.033,00000000
6570.42,26456.736,00000000
6570.43,26506.188,00000000
6570.44,26456.736,00000000
6570.45,26407.297,00000000
6570.46,26506.188,00000000
6570.47,26506.188,00000000
6570.48,26456.736,00000000
6570.49,26605.117,00000000
6570.5,26506.188,00000000
6570.51,26605.117,00000000
6570.52,26704.088,00000000
6570.53,26555.646,00000000
6570.54,26407.297,00000000
6570.55,26456.736,00000000
6570.56,26506.188,00000000
6570.57,26555.646,00000000
6570.58,26555.646,00000000
6570.59,26357.865,00000000
6570.6,26456.736,00000000
6570.61,26506.188,00000000
6570.62,26555.646,00000000
6570.63,26605.117,00000000
6570.64,26605.117,00000000
6570.65,26407.297,00000000
6570.66,26357.865,00000000
6570.67,26506.188,00000000
6570.68,26456.736,00000000
6570.69,26506.188,00000000
6570.7,26506.188,00000000
6570.71,26605.117,00000000
6570.72,26456.736,00000000
6570.73,26456.736,00000000
6570.74,26555.646,00000000
6570.75,26506.188,00000000
6570.76,26605.117,00000000
6570.77,26555.646,00000000
6570.78,26506.188,00000000
6570.79,26654.598,00000000
6570.8,26456.736,00000000
6570.81,26605.117,00000000
6570.82,26555.646,00000000
6570.83,26407.297,00000000
6570.84,26506.188,00000000
6570.85,26555.646,00000000
6570.86,26407.297,00000000
6570.87,26456.736,00000000
6570.88,26456.736,00000000
6570.89,26357.865,00000000
6570.9,26456.736,00000000
6570.91,26407.297,00000000
6570.92,26357.865,00000000
6570.93,26506.188,00000000
6570.94,26506.188,00000000
6570.95,26456.736,00000000
6570.96,26506.188,00000000
6570.97,26456.736,00000000
6570.98,26654.598,00000000
6570.99,26555.646,00000000
6571,26456.736,00000000
6571.01,26456.736,00000000
6571.02,26506.188,00000000
6571.03,26456.736,00000000
6571.04,26506.188,00000000
6571.05,26555.646,00000000
6571.06,26308.445,00000000
6571.07,26506.188,00000000
6571.08,26605.117,00000000
6571.09,26456.736,00000000
6571.1,26704.088,00000000
6571.11,26506.188,00000000
6571.12,26506.188,00000000
6571.13,26308.445,00000000
6571.14,26357.865,00000000
6571.15,26506.188,00000000
6571.16,26555.646,00000000
6571.17,26555.646,00000000
6571.18,26357.865,00000000
6571.19,26555.646,00000000
6571.2,26555.646,00000000
6571.21,26506.188,00000000
6571.22,26407.297,00000000
6571.23,26506.188,00000000
6571.24,26555.646,00000000
6571.25,26605.117,00000000
6571.26,26555.646,00000000
6571.27,26605.117,00000000
6571.28,26506.188,00000000
6571.29,26506.188,00000000
6571.3,26357.865,00000000
6571.31,26506.188,00000000
6571.32,26456.736,00000000
6571.33,26357.865,00000000
6571.34,26357.865,00000000
6571.35,26506.188,00000000
6571.36,26456.736,00000000
6571.37,26456.736,00000000
6571.38,26407.297,00000000
6571.39,26308.445,00000000
6571.4,26555.646,00000000
6571.41,26407.297,00000000
6571.42,26506.188,00000000
6571.43,26506.188,00000000
6571.44,26506.188,00000000
6571.45,26506.188,00000000
6571.46,26456.736,00000000
6571.47,26456.736,00000000
6571.48,26506.188,00000000
6571.49,26456.736,00000000
6571.5,26605.117,00000000
6571.51,26506.188,00000000
6571.52,26555.646,00000000
6571.53,26555.646,00000000
6571.54,26605.117,00000000
6571.55,26456.736,00000000
6571.56,26555.646,00000000
6571.57,26506.188,00000000
6571.58,26506.188,00000000
6571.59,26506.188,00000000
6571.6,26407.297,00000000
6571.61,26407.297,00000000
6571.62,26506.188,00000000
6571.63,26456.736,00000000
6571.64,26605.117,00000000
6571.65,26456.736,00000000
6571.66,26407.297,00000000
6571.67,26456.736,00000000
6571.68,26555.646,00000000
6571.69,26555.646,00000000
6571.7,26704.088,00000000
6571.71,26555.646,00000000
6571.72,26555.646,00000000
6571.73,26555.646,00000000
6571.74,26555.646,00000000
6571.75,26506.188,00000000
6571.76,26555.646,00000000
6571.77,26456.736,00000000
6571.78,26357.865,00000000
6571.79,26506.188,00000000
6571.8,26456.736,00000000
6571.81,26456.736,00000000
6571.82,26357.865,00000000
6571.83,26506.188,00000000
6571.84,26605.117,00000000
6571.85,26506.188,00000000
6571.86,26555.646,00000000
6571.87,26555.646,00000000
6571.88,26506.188,00000000
6571.89,26407.297,00000000
6571.9,26456.736,00000000
6571.91,26407.297,00000000
6571.92,26506.188,00000000
6571.93,26456.736,00000000
6571.94,26555.646,00000000
6571.95,26555.646,00000000
6571.96,26456.736,00000000
6571.97,26357.865,00000000
6571.98,26506.188,00000000
6571.99,26506.188,00000000
6572,26555.646,00000000
6572.01,26506.188,00000000
6572.02,26555.646,00000000
6572.03,26357.865,00000000
6572.04,26259.033,00000000
6572.05,26456.736,00000000
6572.06,26704.088,00000000
6572.07,26357.865,00000000
6572.08,26456.736,00000000
6572.09,26456.736,00000000
6572.1,26654.598,00000000
6572.11,26506.188,00000000
6572.12,26555.646,00000000
6572.13,26456.736,00000000
6572.14,26407.297,00000000
6572.15,26357.865,00000000
6572.16,26407.297,00000000
6572.17,26407.297,00000000
6572.18,26555.646,00000000
6572.19,26456.736,00000000
6572.2,26456.736,00000000
6572.21,26456.736,00000000
6572.22,26456.736,00000000
6572.23,26407.297,00000000
6572.24,26704.088,00000000
6572.25,26456.736,00000000
6572.26,26407.297,00000000
6572.27,26456.736,00000000
6572.28,26506.188,00000000
6572.29,26357.865,00000000
6572.3,26407.297,00000000
6572.31,26357.865,00000000
6572.32,26357.865,00000000
6572.33,26506.188,00000000
6572.34,26555.646,00000000
6572.35,26357.865,00000000
6572.36,26506.188,00000000
6572.37,26407.297,00000000
6572.38,26456.736,00000000
6572.39,26357.865,00000000
6572.4,26506.188,00000000
6572.41,26407.297,00000000
6572.42,26308.445,00000000
6572.43,26407.297,00000000
6572.44,26407.297,00000000
6572.45,26605.117,00000000
6572.46,26456.736,00000000
6572.47,26456.736,00000000
6572.48,26506.188,00000000
6572.49,26456.736,00000000
6572.5,26456.736,00000000
6572.51,26456.736,00000000
6572.52,26456.736,00000000
6572.53,26704.088,00000000
6572.54,26456.736,00000000
6572.55,26456.736,00000000
6572.56,26555.646,00000000
6572.57,26407.297,00000000
6572.58,26506.188,00000000
6572.59,26456.736,00000000
6572.6,26506.188,00000000
6572.61,26456.736,00000000
6572.62,26407.297,00000000
6572.63,26456.736,00000000
6572.64,26506.188,00000000
6572.65,26654.598,00000000
6572.66,26456.736,00000000
6572.67,26357.865,00000000
6572.68,26605.117,00000000
6572.69,26605.117,00000000
6572.7,26654.598,00000000
6572.71,26456.736,00000000
6572.72,26605.117,00000000
6572.73,26555.646,00000000
6572.74,26704.088,00000000
6572.75,26357.865,00000000
6572.76,26605.117,00000000
6572.77,26506.188,00000000
6572.78,26357.865,00000000
6572.79,26506.188,00000000
6572.8,26506.188,00000000
6572.81,26456.736,00000000
6572.82,26456.736,00000000
6572.83,26506.188,00000000
6572.84,26456.736,00000000
6572.85,26308.445,00000000
6572.86,26357.865,00000000
6572.87,26605.117,00000000
6572.88,26704.088,00000000
6572.89,26506.188,00000000
6572.9,26605.117,00000000
6572.91,26456.736,00000000
6572.92,26605.117,00000000
6572.93,26456.736,00000000
6572.94,26605.117,00000000
6572.95,26456.736,00000000
6572.96,26555.646,00000000
6572.97,26506.188,00000000
6572.98,26555.646,00000000
6572.99,26456.736,00000000
6573,26506.188,00000000
6573.01,26456.736,00000000
6573.02,26506.188,00000000
6573.03,26407.297,00000000
6573.04,26506.188,00000000
6573.05,26456.736,00000000
6573.06,26506.188,00000000
6573.07,26555.646,00000000
6573.08,26555.646,00000000
6573.09,26506.188,00000000
6573.1,26555.646,00000000
6573.11,26555.646,00000000
6573.12,26506.188,00000000
6573.13,26456.736,00000000
6573.14,26456.736,00000000
6573.15,26654.598,00000000
6573.16,26605.117,00000000
6573.17,26407.297,00000000
6573.18,26506.188,00000000
6573.19,26407.297,00000000
6573.2,26357.865,00000000
6573.21,26308.445,00000000
6573.22,26357.865,00000000
6573.23,26555.646,00000000
6573.24,26506.188,00000000
6573.25,26555.646,00000000
6573.26,26605.117,00000000
6573.27,26555.646,00000000
6573.28,26407.297,00000000
6573.29,26605.117,00000000
6573.3,26407.297,00000000
6573.31,26506.188,00000000
6573.32,26704.088,00000000
6573.33,26456.736,00000000
6573.34,26654.598,00000000
6573.35,26456.736,00000000
6573.36,26407.297,00000000
6573.37,26308.445,00000000
6573.38,26456.736,00000000
6573.39,26456.736,00000000
6573.4,26456.736,00000000
6573.41,26506.188,00000000
6573.42,26456.736,00000000
6573.43,26357.865,00000000
6573.44,26407.297,00000000
6573.45,26308.445,00000000
6573.46,26357.865,00000000
6573.47,26456.736,00000000
6573.48,26605.117,00000000
6573.49,26605.117,00000000
6573.5,26456.736,00000000
6573.51,26407.297,00000000
6573.52,26407.297,00000000
6573.53,26407.297,00000000
6573.54,26605.117,00000000
6573.55,26308.445,00000000
6573.56,26605.117,00000000
6573.57,26506.188,00000000
6573.58,26506.188,00000000
6573.59,26555.646,00000000
6573.6,26704.088,00000000
6573.61,26555.646,00000000
6573.62,26357.865,00000000
6573.63,26456.736,00000000
6573.64,26555.646,00000000
6573.65,26456.736,00000000
6573.66,26506.188,00000000
6573.67,26506.188,00000000
6573.68,26555.646,00000000
6573.69,26308.445,00000000
6573.7,26506.188,00000000
6573.71,26456.736,00000000
6573.72,26654.598,00000000
6573.73,26357.865,00000000
6573.74,26456.736,00000000
6573.75,26555.646,00000000
6573.76,26555.646,00000000
6573.77,26456.736,00000000
6573.78,26456.736,00000000
6573.79,26456.736,00000000
6573.8,26357.865,00000000
6573.81,26357.865,00000000
6573.82,26555.646,00000000
6573.83,26555.646,00000000
6573.84,26506.188,00000000
6573.85,26506.188,00000000
6573.86,26506.188,00000000
6573.87,26357.865,00000000
6573.88,26456.736,00000000
6573.89,26555.646,00000000
6573.9,26308.445,00000000
6573.91,26605.117,00000000
6573.92,26555.646,00000000
6573.93,26605.117,00000000
6573.94,26456.736,00000000
6573.95,26605.117,00000000
6573.96,26506.188,00000000
6573.97,26357.865,00000000
6573.98,26704.088,00000000
6573.99,26555.646,00000000
6574,26506.188,00000000
6574.01,26407.297,00000000
6574.02,26456.736,00000000
6574.03,26555.646,00000000
6574.04,26407.297,00000000
6574.05,26506.188,00000000
6574.06,26506.188,00000000
6574.07,26605.117,00000000
6574.08,26456.736,00000000
6574.09,26357.865,00000000
6574.1,26407.297,00000000
6574.11,26456.736,00000000
6574.12,26357.865,00000000
6574.13,26506.188,00000000
6574.14,26357.865,00000000
6574.15,26506.188,00000000
6574.16,26555.646,00000000
6574.17,26555.646,00000000
6574.18,26456.736,00000000
6574.19,26456.736,00000000
6574.2,26506.188,00000000
6574.21,26407.297,00000000
6574.22,26605.117,00000000
6574.23,26506.188,00000000
6574.24,26407.297,00000000
6574.25,26456.736,00000000
6574.26,26605.117,00000000
6574.27,26456.736,00000000
6574.28,26605.117,00000000
6574.29,26407.297,00000000
6574.3,26605.117,00000000
6574.31,26506.188,00000000
6574.32,26506.188,00000000
6574.33,26654.598,00000000
6574.34,26506.188,00000000
6574.35,26407.297,00000000
6574.36,26506.188,00000000
6574.37,26555.646,00000000
6574.38,26456.736,00000000
6574.39,26555.646,00000000
6574.4,26654.598,00000000
6574.41,26555.646,00000000
6574.42,26506.188,00000000
6574.43,26555.646,00000000
6574.44,26654.598,00000000
6574.45,26506.188,00000000
6574.46,26555.646,00000000
6574.47,26704.088,00000000
6574.48,26654.598,00000000
6574.49,26605.117,00000000
6574.5,26506.188,00000000
6574.51,26704.088,00000000
6574.52,26555.646,00000000
6574.53,26753.588,00000000
6574.54,26357.865,00000000
6574.55,26555.646,00000000
6574.56,26506.188,00000000
6574.57,26704.088,00000000
6574.58,26555.646,00000000
6574.59,26456.736,00000000
6574.6,26506.188,00000000
6574.61,26605.117,00000000
6574.62,26605.117,00000000
6574.63,26555.646,00000000
6574.64,26506.188,00000000
6574.65,26704.088,00000000
6574.66,26506.188,00000000
6574.67,26605.117,00000000
6574.68,26605.117,00000000
6574.69,26506.188,00000000
6574.7,26605.117,00000000
6574.71,26506.188,00000000
6574.72,26506.188,00000000
6574.73,26506.188,00000000
6574.74,26456.736,00000000
6574.75,26456.736,00000000
6574.76,26506.188,00000000
6574.77,26407.297,00000000
6574.78,26456.736,00000000
6574.79,26357.865,00000000
6574.8,26456.736,00000000
6574.81,26555.646,00000000
6574.82,26456.736,00000000
6574.83,26506.188,00000000
6574.84,26704.088,00000000
6574.85,26506.188,00000000
6574.86,26555.646,00000000
6574.87,26605.117,00000000
6574.88,26506.188,00000000
6574.89,26605.117,00000000
6574.9,26704.088,00000000
6574.91,26061.488,00000000
6574.92,26555.646,00000000
6574.93,26456.736,00000000
6574.94,26704.088,00000000
6574.95,26506.188,00000000
6574.96,26407.297,00000000
6574.97,26506.188,00000000
6574.98,26555.646,00000000
6574.99,26506.188,00000000
6575,26555.646,00000000
6575.01,26456.736,00000000
6575.02,26605.117,00000000
6575.03,26456.736,00000000
6575.04,26456.736,00000000
6575.05,26555.646,00000000
6575.06,26555.646,00000000
6575.07,26555.646,00000000
6575.08,26605.117,00000000
6575.09,26456.736,00000000
6575.1,26407.297,00000000
6575.11,26506.188,00000000
6575.12,26407.297,00000000
6575.13,26555.646,00000000
6575.14,26456.736,00000000
6575.15,26506.188,00000000
6575.16,26506.188,00000000
6575.17,26456.736,00000000
6575.18,26605.117,00000000
6575.19,26456.736,00000000
6575.2,26456.736,00000000
6575.21,26506.188,00000000
6575.22,26555.646,00000000
6575.23,26456.736,00000000
6575.24,26506.188,00000000
6575.25,26456.736,00000000
6575.26,26555.646,00000000
6575.27,26605.117,00000000
6575.28,26456.736,00000000
6575.29,26456.736,00000000
6575.3,26506.188,00000000
6575.31,26506.188,00000000
6575.32,26456.736,00000000
6575.33,26456.736,00000000
6575.34,26555.646,00000000
6575.35,26555.646,00000000
6575.36,26605.117,00000000
6575.37,26654.598,00000000
6575.38,26456.736,00000000
6575.39,26654.598,00000000
6575.4,26654.598,00000000
6575.41,26605.117,00000000
6575.42,26654.598,00000000
6575.43,26456.736,00000000
6575.44,26506.188,00000000
6575.45,26456.736,00000000
6575.46,26605.117,00000000
6575.47,26555.646,00000000
6575.48,26654.598,00000000
6575.49,26605.117,00000000
6575.5,26555.646,00000000
6575.51,26555.646,00000000
6575.52,26555.646,00000000
6575.53,26704.088,00000000
6575.54,26506.188,00000000
6575.55,26357.865,00000000
6575.56,26506.188,00000000
6575.57,26407.297,00000000
6575.58,26704.088,00000000
6575.59,26555.646,00000000
6575.6,26357.865,00000000
6575.61,26555.646,00000000
6575.62,26407.297,00000000
6575.63,26456.736,00000000
6575.64,26456.736,00000000
6575.65,26555.646,00000000
6575.66,26704.088,00000000
6575.67,26456.736,00000000
6575.68,26555.646,00000000
6575.69,26555.646,00000000
6575.7,26456.736,00000000
6575.71,26506.188,00000000
6575.72,26555.646,00000000
6575.73,26506.188,00000000
6575.74,26506.188,00000000
6575.75,26407.297,00000000
6575.76,26605.117,00000000
6575.77,26456.736,00000000
6575.78,26506.188,00000000
6575.79,26506.188,00000000
6575.8,26407.297,00000000
6575.81,26506.188,00000000
6575.82,26506.188,00000000
6575.83,26456.736,00000000
6575.84,26555.646,00000000
6575.85,26456.736,00000000
6575.86,26506.188,00000000
6575.87,26407.297,00000000
6575.88,26506.188,00000000
6575.89,26357.865,00000000
6575.9,26555.646,00000000
6575.91,26456.736,00000000
6575.92,26456.736,00000000
6575.93,26506.188,00000000
6575.94,26605.117,00000000
6575.95,26555.646,00000000
6575.96,26704.088,00000000
6575.97,26654.598,00000000
6575.98,26456.736,00000000
6575.99,26456.736,00000000
6576,26456.736,00000000
6576.01,26506.188,00000000
6576.02,26605.117,00000000
6576.03,26456.736,00000000
6576.04,26555.646,00000000
6576.05,26654.598,00000000
6576.06,26407.297,00000000
6576.07,26506.188,00000000
6576.08,26555.646,00000000
6576.09,26555.646,00000000
6576.1,26555.646,00000000
6576.11,26456.736,00000000
6576.12,26506.188,00000000
6576.13,26506.188,00000000
6576.14,26506.188,00000000
6576.15,26704.088,00000000
6576.16,26605.117,00000000
6576.17,26605.117,00000000
6576.18,26605.117,00000000
6576.19,26654.598,00000000
6576.2,26456.736,00000000
6576.21,26456.736,00000000
6576.22,26506.188,00000000
6576.23,26605.117,00000000
6576.24,26654.598,00000000
6576.25,26654.598,00000000
6576.26,26555.646,00000000
6576.27,26704.088,00000000
6576.28,26704.088,00000000
6576.29,26407.297,00000000
6576.3,26506.188,00000000
6576.31,26605.117,00000000
6576.32,26506.188,00000000
6576.33,26259.033,00000000
6576.34,26506.188,00000000
6576.35,26605.117,00000000
6576.36,26456.736,00000000
6576.37,26704.088,00000000
6576.38,26555.646,00000000
6576.39,26605.117,00000000
6576.4,26555.646,00000000
6576.41,26605.117,00000000
6576.42,26605.117,00000000
6576.43,26555.646,00000000
6576.44,26456.736,00000000
6576.45,26704.088,00000000
6576.46,26506.188,00000000
6576.47,26506.188,00000000
6576.48,26605.117,00000000
6576.49,26555.646,00000000
6576.5,26456.736,00000000
6576.51,26704.088,00000000
6576.52,26555.646,00000000
6576.53,26605.117,00000000
6576.54,26506.188,00000000
6576.55,26654.598,00000000
6576.56,26555.646,00000000
6576.57,26605.117,00000000
6576.58,26407.297,00000000
6576.59,26555.646,00000000
6576.6,26456.736,00000000
6576.61,26555.646,00000000
6576.62,26456.736,00000000
6576.63,26456.736,00000000
6576.64,26456.736,00000000
6576.65,26506.188,00000000
6576.66,26555.646,00000000
6576.67,26654.598,00000000
6576.68,26357.865,00000000
6576.69,26506.188,00000000
6576.7,26506.188,00000000
6576.71,26456.736,00000000
6576.72,26456.736,00000000
6576.73,26555.646,00000000
6576.74,26407.297,00000000
6576.75,26407.297,00000000
6576.76,26456.736,00000000
6576.77,26407.297,00000000
6576.78,26506.188,00000000
6576.79,26259.033,00000000
6576.8,26506.188,00000000
6576.81,26456.736,00000000
6576.82,26456.736,00000000
6576.83,26456.736,00000000
6576.84,26506.188,00000000
6576.85,26555.646,00000000
6576.86,26456.736,00000000
6576.87,26456.736,00000000
6576.88,26407.297,00000000
6576.89,26407.297,00000000
6576.9,26654.598,00000000
6576.91,26506.188,00000000
6576.92,26456.736,00000000
6576.93,26456.736,00000000
6576.94,26555.646,00000000
6576.95,26753.588,00000000
6576.96,26456.736,00000000
6576.97,26555.646,00000000
6576.98,26456.736,00000000
6576.99,26456.736,00000000
6577,26506.188,00000000
6577.01,26456.736,00000000
6577.02,26605.117,00000000
6577.03,26506.188,00000000
6577.04,26506.188,00000000
6577.05,26456.736,00000000
6577.06,26555.646,00000000
6577.07,26357.865,00000000
6577.08,26506.188,00000000
6577.09,26555.646,00000000
6577.1,26456.736,00000000
6577.11,26654.598,00000000
6577.12,26555.646,00000000
6577.13,26407.297,00000000
6577.14,26506.188,00000000
6577.15,26456.736,00000000
6577.16,26308.445,00000000
6577.17,26605.117,00000000
6577.18,26456.736,00000000
6577.19,26456.736,00000000
6577.2,26555.646,00000000
6577.21,26407.297,00000000
6577.22,26456.736,00000000
6577.23,26456.736,00000000
6577.24,26555.646,00000000
6577.25,26456.736,00000000
6577.26,26555.646,00000000
6577.27,26456.736,00000000
6577.28,26555.646,00000000
6577.29,26456.736,00000000
6577.3,26555.646,00000000
6577.31,26456.736,00000000
6577.32,26555.646,00000000
6577.33,26506.188,00000000
6577.34,26456.736,00000000
6577.35,26555.646,00000000
6577.36,26555.646,00000000
6577.37,26605.117,00000000
6577.38,26506.188,00000000
6577.39,26506.188,00000000
6577.4,26555.646,00000000
6577.41,26605.117,00000000
6577.42,26555.646,00000000
6577.43,26456.736,00000000
6577.44,26456.736,00000000
6577.45,26506.188,00000000
6577.46,26605.117,00000000
6577.47,26704.088,00000000
6577.48,26654.598,00000000
6577.49,26654.598,00000000
6577.5,26605.117,00000000
6577.51,26605.117,00000000
6577.52,26654.598,00000000
6577.53,26407.297,00000000
6577.54,26605.117,00000000
6577.55,26605.117,00000000
6577.56,26555.646,00000000
6577.57,26654.598,00000000
6577.58,26259.033,00000000
6577.59,26605.117,00000000
6577.6,26555.646,00000000
6577.61,26357.865,00000000
6577.62,26605.117,00000000
6577.63,26407.297,00000000
6577.64,26506.188,00000000
6577.65,26704.088,00000000
6577.66,26456.736,00000000
6577.67,26704.088,00000000
6577.68,26605.117,00000000
6577.69,26753.588,00000000
6577.7,26407.297,00000000
6577.71,26456.736,00000000
6577.72,26704.088,00000000
6577.73,26506.188,00000000
6577.74,26357.865,00000000
6577.75,26456.736,00000000
6577.76,26605.117,00000000
6577.77,26605.117,00000000
6577.78,26506.188,00000000
6577.79,26555.646,00000000
6577.8,26456.736,00000000
6577.81,26555.646,00000000
6577.82,26704.088,00000000
6577.83,26555.646,00000000
6577.84,26654.598,00000000
6577.85,26407.297,00000000
6577.86,26555.646,00000000
6577.87,26605.117,00000000
6577.88,26456.736,00000000
6577.89,26456.736,00000000
6577.9,26456.736,00000000
6577.91,26506.188,00000000
6577.92,26605.117,00000000
6577.93,26654.598,00000000
6577.94,26555.646,00000000
6577.95,26456.736,00000000
6577.96,26654.598,00000000
6577.97,26456.736,00000000
6577.98,26456.736,00000000
6577.99,26605.117,00000000
6578,26704.088,00000000
6578.01,26654.598,00000000
6578.02,26605.117,00000000
6578.03,26506.188,00000000
6578.04,26506.188,00000000
6578.05,26704.088,00000000
6578.06,26605.117,00000000
6578.07,26704.088,00000000
6578.08,26506.188,00000000
6578.09,26704.088,00000000
6578.1,26357.865,00000000
6578.11,26456.736,00000000
6578.12,26605.117,00000000
6578.13,26357.865,00000000
6578.14,26456.736,00000000
6578.15,26555.646,00000000
6578.16,26456.736,00000000
6578.17,26704.088,00000000
6578.18,26506.188,00000000
6578.19,26407.297,00000000
6578.2,26506.188,00000000
6578.21,26555.646,00000000
6578.22,26506.188,00000000
6578.23,26456.736,00000000
6578.24,26555.646,00000000
6578.25,26605.117,00000000
6578.26,26605.117,00000000
6578.27,26605.117,00000000
6578.28,26506.188,00000000
6578.29,26456.736,00000000
6578.3,26555.646,00000000
6578.31,26555.646,00000000
6578.32,26605.117,00000000
6578.33,26456.736,00000000
6578.34,26555.646,00000000
6578.35,26605.117,00000000
6578.36,26654.598,00000000
6578.37,26506.188,00000000
6578.38,26605.117,00000000
6578.39,26259.033,00000000
6578.4,26357.865,00000000
6578.41,26357.865,00000000
6578.42,26555.646,00000000
6578.43,26555.646,00000000
6578.44,26506.188,00000000
6578.45,26456.736,00000000
6578.46,26555.646,00000000
6578.47,26506.188,00000000
6578.48,26506.188,00000000
6578.49,26605.117,00000000
6578.5,26407.297,00000000
6578.51,26506.188,00000000
6578.52,26456.736,00000000
6578.53,26506.188,00000000
6578.54,26506.188,00000000
6578.55,26605.117,00000000
6578.56,26357.865,00000000
6578.57,26456.736,00000000
6578.58,26456.736,00000000
6578.59,26456.736,00000000
6578.6,26555.646,00000000
6578.61,26555.646,00000000
6578.62,26506.188,00000000
6578.63,26704.088,00000000
6578.64,26555.646,00000000
6578.65,26704.088,00000000
6578.66,26407.297,00000000
6578.67,26506.188,00000000
6578.68,26605.117,00000000
6578.69,26555.646,00000000
6578.7,26506.188,00000000
6578.71,26407.297,00000000
6578.72,26456.736,00000000
6578.73,26654.598,00000000
6578.74,26506.188,00000000
6578.75,26555.646,00000000
6578.76,26506.188,00000000
6578.77,26605.117,00000000
6578.78,26456.736,00000000
6578.79,26605.117,00000000
6578.8,26456.736,00000000
6578.81,26753.588,00000000
6578.82,26506.188,00000000
6578.83,26407.297,00000000
6578.84,26407.297,00000000
6578.85,26555.646,00000000
6578.86,26506.188,00000000
6578.87,26456.736,00000000
6578.88,26555.646,00000000
6578.89,26357.865,00000000
6578.9,26456.736,00000000
6578.91,26456.736,00000000
6578.92,26605.117,00000000
6578.93,26605.117,00000000
6578.94,26654.598,00000000
6578.95,26654.598,00000000
6578.96,26506.188,00000000
6578.97,26456.736,00000000
6578.98,26456.736,00000000
6578.99,26357.865,00000000
6579,26654.598,00000000
6579.01,26555.646,00000000
6579.02,26506.188,00000000
6579.03,26555.646,00000000
6579.04,26704.088,00000000
6579.05,26456.736,00000000
6579.06,26407.297,00000000
6579.07,26357.865,00000000
6579.08,26259.033,00000000
6579.09,26357.865,00000000
6579.1,26555.646,00000000
6579.11,26555.646,00000000
6579.12,26605.117,00000000
6579.13,26605.117,00000000
6579.14,26456.736,00000000
6579.15,26605.117,00000000
6579.16,26555.646,00000000
6579.17,26506.188,00000000
6579.18,26506.188,00000000
6579.19,26555.646,00000000
6579.2,26654.598,00000000
6579.21,26555.646,00000000
6579.22,26456.736,00000000
6579.23,26654.598,00000000
6579.24,26605.117,00000000
6579.25,26506.188,00000000
6579.26,26506.188,00000000
6579.27,26704.088,00000000
6579.28,26456.736,00000000
6579.29,26506.188,00000000
6579.3,26456.736,00000000
6579.31,26506.188,00000000
6579.32,26506.188,00000000
6579.33,26555.646,00000000
6579.34,26456.736,00000000
6579.35,26555.646,00000000
6579.36,26605.117,00000000
6579.37,26506.188,00000000
6579.38,26605.117,00000000
6579.39,26605.117,00000000
6579.4,26654.598,00000000
6579.41,26456.736,00000000
6579.42,26506.188,00000000
6579.43,26506.188,00000000
6579.44,26605.117,00000000
6579.45,26605.117,00000000
6579.46,26506.188,00000000
6579.47,26456.736,00000000
6579.48,26456.736,00000000
6579.49,26456.736,00000000
6579.5,26555.646,00000000
6579.51,26456.736,00000000
6579.52,26704.088,00000000
6579.53,26506.188,00000000
6579.54,26605.117,00000000
6579.55,26605.117,00000000
6579.56,26456.736,00000000
6579.57,26456.736,00000000
6579.58,26605.117,00000000
6579.59,26456.736,00000000
6579.6,26555.646,00000000
6579.61,26506.188,00000000
6579.62,26357.865,00000000
6579.63,26555.646,00000000
6579.64,26407.297,00000000
6579.65,26407.297,00000000
6579.66,26407.297,00000000
6579.67,26506.188,00000000
6579.68,26506.188,00000000
6579.69,26456.736,00000000
6579.7,26605.117,00000000
6579.71,26704.088,00000000
6579.72,26456.736,00000000
6579.73,26456.736,00000000
6579.74,26605.117,00000000
6579.75,26407.297,00000000
6579.76,26456.736,00000000
6579.77,26456.736,00000000
6579.78,26308.445,00000000
6579.79,26555.646,00000000
6579.8,26456.736,00000000
6579.81,26456.736,00000000
6579.82,26456.736,00000000
6579.83,26456.736,00000000
6579.84,26506.188,00000000
6579.85,26456.736,00000000
6579.86,26555.646,00000000
6579.87,26605.117,00000000
6579.88,26605.117,00000000
6579.89,26456.736,00000000
6579.9,26407.297,00000000
6579.91,26407.297,00000000
6579.92,26506.188,00000000
6579.93,26456.736,00000000
6579.94,26605.117,00000000
6579.95,26555.646,00000000
6579.96,26357.865,00000000
6579.97,26506.188,00000000
6579.98,26456.736,00000000
6579.99,26506.188,00000000
6580,26704.088,00000000
6580.01,26407.297,00000000
6580.02,26605.117,00000000
6580.03,26704.088,00000000
6580.04,26605.117,00000000
6580.05,26555.646,00000000
6580.06,26605.117,00000000
6580.07,26456.736,00000000
6580.08,26704.088,00000000
6580.09,26407.297,00000000
6580.1,26605.117,00000000
6580.11,26555.646,00000000
6580.12,26506.188,00000000
6580.13,26456.736,00000000
6580.14,26357.865,00000000
6580.15,26555.646,00000000
6580.16,26506.188,00000000
6580.17,26555.646,00000000
6580.18,26456.736,00000000
6580.19,26506.188,00000000
6580.2,26555.646,00000000
6580.21,26407.297,00000000
6580.22,26506.188,00000000
6580.23,26654.598,00000000
6580.24,26605.117,00000000
6580.25,26605.117,00000000
6580.26,26555.646,00000000
6580.27,26456.736,00000000
6580.28,26506.188,00000000
6580.29,26407.297,00000000
6580.3,26555.646,00000000
6580.31,26605.117,00000000
6580.32,26704.088,00000000
6580.33,26456.736,00000000
6580.34,26605.117,00000000
6580.35,26605.117,00000000
6580.36,26555.646,00000000
6580.37,26506.188,00000000
6580.38,26456.736,00000000
6580.39,26407.297,00000000
6580.4,26605.117,00000000
6580.41,26506.188,00000000
6580.42,26407.297,00000000
6580.43,26357.865,00000000
6580.44,26506.188,00000000
6580.45,26555.646,00000000
6580.46,26506.188,00000000
6580.47,26555.646,00000000
6580.48,26506.188,00000000
6580.49,26456.736,00000000
6580.5,26456.736,00000000
6580.51,26456.736,00000000
6580.52,26506.188,00000000
6580.53,26654.598,00000000
6580.54,26605.117,00000000
6580.55,26704.088,00000000
6580.56,26654.598,00000000
6580.57,26357.865,00000000
6580.58,26456.736,00000000
6580.59,26555.646,00000000
6580.6,26605.117,00000000
6580.61,26555.646,00000000
6580.62,26456.736,00000000
6580.63,26357.865,00000000
6580.64,26357.865,00000000
6580.65,26555.646,00000000
6580.66,26605.117,00000000
6580.67,26555.646,00000000
6580.68,26407.297,00000000
6580.69,26555.646,00000000
6580.7,26506.188,00000000
6580.71,26357.865,00000000
6580.72,26506.188,00000000
6580.73,26555.646,00000000
6580.74,26259.033,00000000
6580.75,26506.188,00000000
6580.76,26506.188,00000000
6580.77,26753.588,00000000
6580.78,26605.117,00000000
6580.79,26407.297,00000000
6580.8,26456.736,00000000
6580.81,26407.297,00000000
6580.82,26506.188,00000000
6580.83,26605.117,00000000
6580.84,26506.188,00000000
6580.85,26506.188,00000000
6580.86,26506.188,00000000
6580.87,26456.736,00000000
6580.88,26357.865,00000000
6580.89,26456.736,00000000
6580.9,26555.646,00000000
6580.91,26605.117,00000000
6580.92,26555.646,00000000
6580.93,26407.297,00000000
6580.94,26506.188,00000000
6580.95,26456.736,00000000
6580.96,26555.646,00000000
6580.97,26704.088,00000000
6580.98,26407.297,00000000
6580.99,26555.646,00000000
6581,26506.188,00000000
6581.01,26555.646,00000000
6581.02,26654.598,00000000
6581.03,26555.646,00000000
6581.04,26605.117,00000000
6581.05,26654.598,00000000
6581.06,26506.188,00000000
6581.07,26407.297,00000000
6581.08,26407.297,00000000
6581.09,26555.646,00000000
6581.1,26555.646,00000000
6581.11,26605.117,00000000
6581.12,26456.736,00000000
6581.13,26605.117,00000000
6581.14,26407.297,00000000
6581.15,26506.188,00000000
6581.16,26555.646,00000000
6581.17,26456.736,00000000
6581.18,26506.188,00000000
6581.19,26456.736,00000000
6581.2,26605.117,00000000
6581.21,26555.646,00000000
6581.22,26456.736,00000000
6581.23,26407.297,00000000
6581.24,26654.598,00000000
6581.25,26555.646,00000000
6581.26,26555.646,00000000
6581.27,26605.117,00000000
6581.28,26704.088,00000000
6581.29,26357.865,00000000
6581.3,26506.188,00000000
6581.31,26506.188,00000000
6581.32,26506.188,00000000
6581.33,26506.188,00000000
6581.34,26555.646,00000000
6581.35,26456.736,00000000
6581.36,26407.297,00000000
6581.37,26357.865,00000000
6581.38,26555.646,00000000
6581.39,26456.736,00000000
6581.4,26555.646,00000000
6581.41,26605.117,00000000
6581.42,26357.865,00000000
6581.43,26555.646,00000000
6581.44,26605.117,00000000
6581.45,26555.646,00000000
6581.46,26605.117,00000000
6581.47,26407.297,00000000
6581.48,26555.646,00000000
6581.49,26407.297,00000000
6581.5,26506.188,00000000
6581.51,26506.188,00000000
6581.52,26259.033,00000000
6581.53,26506.188,00000000
6581.54,26407.297,00000000
6581.55,26506.188,00000000
6581.56,26704.088,00000000
6581.57,26407.297,00000000
6581.58,26357.865,00000000
6581.59,26654.598,00000000
6581.6,26506.188,00000000
6581.61,26506.188,00000000
6581.62,26506.188,00000000
6581.63,26456.736,00000000
6581.64,26506.188,00000000
6581.65,26506.188,00000000
6581.66,26407.297,00000000
6581.67,26456.736,00000000
6581.68,26506.188,00000000
6581.69,26506.188,00000000
6581.7,26704.088,00000000
6581.71,26407.297,00000000
6581.72,26506.188,00000000
6581.73,26605.117,00000000
6581.74,26456.736,00000000
6581.75,26308.445,00000000
6581.76,26357.865,00000000
6581.77,26605.117,00000000
6581.78,26555.646,00000000
6581.79,26407.297,00000000
6581.8,26456.736,00000000
6581.81,26555.646,00000000
6581.82,26456.736,00000000
6581.83,26555.646,00000000
6581.84,26506.188,00000000
6581.85,26456.736,00000000
6581.86,26407.297,00000000
6581.87,26605.117,00000000
6581.88,26357.865,00000000
6581.89,26357.865,00000000
6581.9,26506.188,00000000
6581.91,26407.297,00000000
6581.92,26605.117,00000000
6581.93,26605.117,00000000
6581.94,26506.188,00000000
6581.95,26407.297,00000000
6581.96,26456.736,00000000
6581.97,26357.865,00000000
6581.98,26456.736,00000000
6581.99,26555.646,00000000
6582,26506.188,00000000
6582.01,26506.188,00000000
6582.02,26506.188,00000000
6582.03,26407.297,00000000
6582.04,26456.736,00000000
6582.05,26456.736,00000000
6582.06,26506.188,00000000
6582.07,26407.297,00000000
6582.08,26308.445,00000000
6582.09,26506.188,00000000
6582.1,26605.117,00000000
6582.11,26506.188,00000000
6582.12,26407.297,00000000
6582.13,26506.188,00000000
6582.14,26555.646,00000000
6582.15,26506.188,00000000
6582.16,26456.736,00000000
6582.17,26407.297,00000000
6582.18,26456.736,00000000
6582.19,26704.088,00000000
6582.2,26456.736,00000000
6582.21,26456.736,00000000
6582.22,26605.117,00000000
6582.23,26555.646,00000000
6582.24,26456.736,00000000
6582.25,26704.088,00000000
6582.26,26456.736,00000000
6582.27,26605.117,00000000
6582.28,26456.736,00000000
6582.29,26506.188,00000000
6582.3,26456.736,00000000
6582.31,26605.117,00000000
6582.32,26407.297,00000000
6582.33,26506.188,00000000
6582.34,26357.865,00000000
6582.35,26357.865,00000000
6582.36,26555.646,00000000
6582.37,26456.736,00000000
6582.38,26605.117,00000000
6582.39,26506.188,00000000
6582.4,26555.646,00000000
6582.41,26456.736,00000000
6582.42,26555.646,00000000
6582.43,26506.188,00000000
6582.44,26506.188,00000000
6582.45,26506.188,00000000
6582.46,26555.646,00000000
6582.47,26259.033,00000000
6582.48,26456.736,00000000
6582.49,26506.188,00000000
6582.5,26407.297,00000000
6582.51,26555.646,00000000
6582.52,26555.646,00000000
6582.53,26506.188,00000000
6582.54,26407.297,00000000
6582.55,26506.188,00000000
6582.56,26357.865,00000000
6582.57,26506.188,00000000
6582.58,26407.297,00000000
6582.59,26506.188,00000000
6582.6,26704.088,00000000
6582.61,26357.865,00000000
6582.62,26456.736,00000000
6582.63,26506.188,00000000
6582.64,26555.646,00000000
6582.65,26704.088,00000000
6582.66,26506.188,00000000
6582.67,26605.117,00000000
6582.68,26605.117,00000000
6582.69,26555.646,00000000
6582.7,26506.188,00000000
6582.71,26605.117,00000000
6582.72,26654.598,00000000
6582.73,26555.646,00000000
6582.74,26456.736,00000000
6582.75,26456.736,00000000
6582.76,26605.117,00000000
6582.77,26555.646,00000000
6582.78,26456.736,00000000
6582.79,26506.188,00000000
6582.8,26506.188,00000000
6582.81,26506.188,00000000
6582.82,26654.598,00000000
6582.83,26506.188,00000000
6582.84,26357.865,00000000
6582.85,26506.188,00000000
6582.86,26407.297,00000000
6582.87,26605.117,00000000
6582.88,26506.188,00000000
6582.89,26456.736,00000000
6582.9,26555.646,00000000
6582.91,26654.598,00000000
6582.92,26357.865,00000000
6582.93,26357.865,00000000
6582.94,26506.188,00000000
6582.95,26506.188,00000000
6582.96,26506.188,00000000
6582.97,26555.646,00000000
6582.98,26456.736,00000000
6582.99,26605.117,00000000
6583,26456.736,00000000
6583.01,26357.865,00000000
6583.02,26506.188,00000000
6583.03,26357.865,00000000
6583.04,26555.646,00000000
6583.05,26357.865,00000000
6583.06,26506.188,00000000
6583.07,26555.646,00000000
6583.08,26407.297,00000000
6583.09,26407.297,00000000
6583.1,26555.646,00000000
6583.11,26555.646,00000000
6583.12,26456.736,00000000
6583.13,26456.736,00000000
6583.14,26704.088,00000000
6583.15,26456.736,00000000
6583.16,26456.736,00000000
6583.17,26605.117,00000000
6583.18,26456.736,00000000
6583.19,26456.736,00000000
6583.2,26456.736,00000000
6583.21,26704.088,00000000
6583.22,26456.736,00000000
6583.23,26407.297,00000000
6583.24,26605.117,00000000
6583.25,26357.865,00000000
6583.26,26456.736,00000000
6583.27,26555.646,00000000
6583.28,26407.297,00000000
6583.29,26506.188,00000000
6583.3,26555.646,00000000
6583.31,26506.188,00000000
6583.32,26555.646,00000000
6583.33,26605.117,00000000
6583.34,26506.188,00000000
6583.35,26506.188,00000000
6583.36,26407.297,00000000
6583.37,26506.188,00000000
6583.38,26654.598,00000000
6583.39,26506.188,00000000
6583.4,26456.736,00000000
6583.41,26456.736,00000000
6583.42,26555.646,00000000
6583.43,26555.646,00000000
6583.44,26506.188,00000000
6583.45,26407.297,00000000
6583.46,26506.188,00000000
6583.47,26407.297,00000000
6583.48,26654.598,00000000
6583.49,26506.188,00000000
6583.5,26259.033,00000000
6583.51,26506.188,00000000
6583.52,26605.117,00000000
6583.53,26555.646,00000000
6583.54,26506.188,00000000
6583.55,26555.646,00000000
6583.56,26555.646,00000000
6583.57,26407.297,00000000
6583.58,26456.736,00000000
6583.59,26259.033,00000000
6583.6,26506.188,00000000
6583.61,26506.188,00000000
6583.62,26456.736,00000000
6583.63,26506.188,00000000
6583.64,26456.736,00000000
6583.65,26704.088,00000000
6583.66,26555.646,00000000
6583.67,26506.188,00000000
6583.68,26407.297,00000000
6583.69,26456.736,00000000
6583.7,26506.188,00000000
6583.71,26555.646,00000000
6583.72,26555.646,00000000
6583.73,26407.297,00000000
6583.74,26456.736,00000000
6583.75,26555.646,00000000
6583.76,26357.865,00000000
6583.77,26555.646,00000000
6583.78,26357.865,00000000
6583.79,26555.646,00000000
6583.8,26555.646,00000000
6583.81,26555.646,00000000
6583.82,26506.188,00000000
6583.83,26506.188,00000000
6583.84,26555.646,00000000
6583.85,26605.117,00000000
6583.86,26704.088,00000000
6583.87,26506.188,00000000
6583.88,26605.117,00000000
6583.89,26357.865,00000000
6583.9,26357.865,00000000
6583.91,26555.646,00000000
6583.92,26308.445,00000000
6583.93,26407.297,00000000
6583.94,26555.646,00000000
6583.95,26407.297,00000000
6583.96,26357.865,00000000
6583.97,26506.188,00000000
6583.98,26605.117,00000000
6583.99,26555.646,00000000
6584,26456.736,00000000
6584.01,26456.736,00000000
6584.02,26506.188,00000000
6584.03,26506.188,00000000
6584.04,26357.865,00000000
6584.05,26506.188,00000000
6584.06,26456.736,00000000
6584.07,26407.297,00000000
6584.08,26506.188,00000000
6584.09,26357.865,00000000
6584.1,26357.865,00000000
6584.11,26506.188,00000000
6584.12,26456.736,00000000
6584.13,26555.646,00000000
6584.14,26259.033,00000000
6584.15,26555.646,00000000
6584.16,26456.736,00000000
6584.17,26555.646,00000000
6584.18,26506.188,00000000
6584.19,26456.736,00000000
6584.2,26456.736,00000000
6584.21,26456.736,00000000
6584.22,26357.865,00000000
6584.23,26456.736,00000000
6584.24,26407.297,00000000
6584.25,26555.646,00000000
6584.26,26506.188,00000000
6584.27,26456.736,00000000
6584.28,26654.598,00000000
6584.29,26456.736,00000000
6584.3,26753.588,00000000
6584.31,26605.117,00000000
6584.32,26456.736,00000000
6584.33,26357.865,00000000
6584.34,26605.117,00000000
6584.35,26605.117,00000000
6584.36,26506.188,00000000
6584.37,26456.736,00000000
6584.38,26456.736,00000000
6584.39,26605.117,00000000
6584.4,26506.188,00000000
6584.41,26555.646,00000000
6584.42,26357.865,00000000
6584.43,26456.736,00000000
6584.44,26605.117,00000000
6584.45,26456.736,00000000
6584.46,26456.736,00000000
6584.47,26605.117,00000000
6584.48,26506.188,00000000
6584.49,26456.736,00000000
6584.5,26357.865,00000000
6584.51,26407.297,00000000
6584.52,26555.646,00000000
6584.53,26506.188,00000000
6584.54,26456.736,00000000
6584.55,26605.117,00000000
6584.56,26555.646,00000000
6584.57,26357.865,00000000
6584.58,26357.865,00000000
6584.59,26357.865,00000000
6584.6,26357.865,00000000
6584.61,26506.188,00000000
6584.62,26357.865,00000000
6584.63,26704.088,00000000
6584.64,26357.865,00000000
6584.65,26555.646,00000000
6584.66,26506.188,00000000
6584.67,26605.117,00000000
6584.68,26456.736,00000000
6584.69,26506.188,00000000
6584.7,26605.117,00000000
6584.71,26506.188,00000000
6584.72,26456.736,00000000
6584.73,26605.117,00000000
6584.74,26357.865,00000000
6584.75,26506.188,00000000
6584.76,26506.188,00000000
6584.77,26456.736,00000000
6584.78,26605.117,00000000
6584.79,26555.646,00000000
6584.8,26456.736,00000000
6584.81,26555.646,00000000
6584.82,26456.736,00000000
6584.83,26357.865,00000000
6584.84,26407.297,00000000
6584.85,26605.117,00000000
6584.86,26456.736,00000000
6584.87,26456.736,00000000
6584.88,26555.646,00000000
6584.89,26605.117,00000000
6584.9,26456.736,00000000
6584.91,26555.646,00000000
6584.92,26506.188,00000000
6584.93,26555.646,00000000
6584.94,26605.117,00000000
6584.95,26506.188,00000000
6584.96,26456.736,00000000
6584.97,26357.865,00000000
6584.98,26506.188,00000000
6584.99,26456.736,00000000
6585,26456.736,00000000
6585.01,26555.646,00000000
6585.02,26704.088,00000000
6585.03,26407.297,00000000
6585.04,26506.188,00000000
6585.05,26407.297,00000000
6585.06,26506.188,00000000
6585.07,26407.297,00000000
6585.08,26456.736,00000000
6585.09,26654.598,00000000
6585.1,26506.188,00000000
6585.11,26308.445,00000000
6585.12,26407.297,00000000
6585.13,26456.736,00000000
6585.14,26506.188,00000000
6585.15,26357.865,00000000
6585.16,26456.736,00000000
6585.17,26357.865,00000000
6585.18,26456.736,00000000
6585.19,26506.188,00000000
6585.2,26605.117,00000000
6585.21,26506.188,00000000
6585.22,26555.646,00000000
6585.23,26555.646,00000000
6585.24,26456.736,00000000
6585.25,26555.646,00000000
6585.26,26506.188,00000000
6585.27,26456.736,00000000
6585.28,26357.865,00000000
6585.29,26605.117,00000000
6585.3,26407.297,00000000
6585.31,26357.865,00000000
6585.32,26357.865,00000000
6585.33,26555.646,00000000
6585.34,26654.598,00000000
6585.35,26407.297,00000000
6585.36,26456.736,00000000
6585.37,26555.646,00000000
6585.38,26506.188,00000000
6585.39,26704.088,00000000
6585.4,26506.188,00000000
6585.41,26704.088,00000000
6585.42,26407.297,00000000
6585.43,26506.188,00000000
6585.44,26456.736,00000000
6585.45,26506.188,00000000
6585.46,26555.646,00000000
6585.47,26357.865,00000000
6585.48,26605.117,00000000
6585.49,26506.188,00000000
6585.5,26456.736,00000000
6585.51,26407.297,00000000
6585.52,26555.646,00000000
6585.53,26506.188,00000000
6585.54,26605.117,00000000
6585.55,26259.033,00000000
6585.56,26407.297,00000000
6585.57,26456.736,00000000
6585.58,26259.033,00000000
6585.59,26407.297,00000000
6585.6,26456.736,00000000
6585.61,26506.188,00000000
6585.62,26456.736,00000000
6585.63,26456.736,00000000
6585.64,26357.865,00000000
6585.65,26704.088,00000000
6585.66,26456.736,00000000
6585.67,26456.736,00000000
6585.68,26506.188,00000000
6585.69,26506.188,00000000
6585.7,26605.117,00000000
6585.71,26506.188,00000000
6585.72,26506.188,00000000
6585.73,26357.865,00000000
6585.74,26506.188,00000000
6585.75,26357.865,00000000
6585.76,26407.297,00000000
6585.77,26456.736,00000000
6585.78,26704.088,00000000
6585.79,26605.117,00000000
6585.8,26605.117,00000000
6585.81,26357.865,00000000
6585.82,26654.598,00000000
6585.83,26456.736,00000000
6585.84,26555.646,00000000
6585.85,26456.736,00000000
6585.86,26506.188,00000000
6585.87,26506.188,00000000
6585.88,26456.736,00000000
6585.89,26308.445,00000000
6585.9,26357.865,00000000
6585.91,26555.646,00000000
6585.92,26506.188,00000000
6585.93,26456.736,00000000
6585.94,26407.297,00000000
6585.95,26407.297,00000000
6585.96,26704.088,00000000
6585.97,26506.188,00000000
6585.98,26456.736,00000000
6585.99,26555.646,00000000
6586,26654.598,00000000
6586.01,26555.646,00000000
6586.02,26605.117,00000000
6586.03,26407.297,00000000
6586.04,26357.865,00000000
6586.05,26506.188,00000000
6586.06,26506.188,00000000
6586.07,26357.865,00000000
6586.08,26456.736,00000000
6586.09,26357.865,00000000
6586.1,26704.088,00000000
6586.11,26407.297,00000000
6586.12,26407.297,00000000
6586.13,26704.088,00000000
6586.14,26456.736,00000000
6586.15,26704.088,00000000
6586.16,26357.865,00000000
6586.17,26555.646,00000000
6586.18,26506.188,00000000
6586.19,26506.188,00000000
6586.2,26555.646,00000000
6586.21,26605.117,00000000
6586.22,26357.865,00000000
6586.23,26605.117,00000000
6586.24,26357.865,00000000
6586.25,26506.188,00000000
6586.26,26605.117,00000000
6586.27,26456.736,00000000
6586.28,26704.088,00000000
6586.29,26407.297,00000000
6586.3,26357.865,00000000
6586.31,26407.297,00000000
6586.32,26506.188,00000000
6586.33,26407.297,00000000
6586.34,26506.188,00000000
6586.35,26506.188,00000000
6586.36,26654.598,00000000
6586.37,26506.188,00000000
6586.38,26605.117,00000000
6586.39,26357.865,00000000
6586.4,26456.736,00000000
6586.41,26407.297,00000000
6586.42,26357.865,00000000
6586.43,26605.117,00000000
6586.44,26506.188,00000000
6586.45,26456.736,00000000
6586.46,26456.736,00000000
6586.47,26357.865,00000000
6586.48,26407.297,00000000
6586.49,26357.865,00000000
6586.5,26456.736,00000000
6586.51,26407.297,00000000
6586.52,26456.736,00000000
6586.53,26456.736,00000000
6586.54,26456.736,00000000
6586.55,26506.188,00000000
6586.56,26456.736,00000000
6586.57,26506.188,00000000
6586.58,26506.188,00000000
6586.59,26456.736,00000000
6586.6,26456.736,00000000
6586.61,26407.297,00000000
6586.62,26555.646,00000000
6586.63,26506.188,00000000
6586.64,26357.865,00000000
6586.65,26456.736,00000000
6586.66,26259.033,00000000
6586.67,26506.188,00000000
6586.68,26555.646,00000000
6586.69,26456.736,00000000
6586.7,26605.117,00000000
6586.71,26407.297,00000000
6586.72,26456.736,00000000
6586.73,26456.736,00000000
6586.74,26407.297,00000000
6586.75,26506.188,00000000
6586.76,26506.188,00000000
6586.77,26407.297,00000000
6586.78,26407.297,00000000
6586.79,26407.297,00000000
6586.8,26506.188,00000000
6586.81,26456.736,00000000
6586.82,26308.445,00000000
6586.83,26456.736,00000000
6586.84,26506.188,00000000
6586.85,26605.117,00000000
6586.86,26605.117,00000000
6586.87,26506.188,00000000
6586.88,26506.188,00000000
6586.89,26456.736,00000000
6586.9,26605.117,00000000
6586.91,26506.188,00000000
6586.92,26456.736,00000000
6586.93,26506.188,00000000
6586.94,26605.117,00000000
6586.95,26407.297,00000000
6586.96,26407.297,00000000
6586.97,26357.865,00000000
6586.98,26357.865,00000000
6586.99,26605.117,00000000
6587,26506.188,00000000
6587.01,26357.865,00000000
6587.02,26407.297,00000000
6587.03,26506.188,00000000
6587.04,26456.736,00000000
6587.05,26456.736,00000000
6587.06,26555.646,00000000
6587.07,26506.188,00000000
6587.08,26506.188,00000000
6587.09,26259.033,00000000
6587.1,26605.117,00000000
6587.11,26456.736,00000000
6587.12,26555.646,00000000
6587.13,26506.188,00000000
6587.14,26456.736,00000000
6587.15,26605.117,00000000
6587.16,26308.445,00000000
6587.17,26407.297,00000000
6587.18,26456.736,00000000
6587.19,26456.736,00000000
6587.2,26407.297,00000000
6587.21,26407.297,00000000
6587.22,26407.297,00000000
6587.23,26357.865,00000000
6587.24,26555.646,00000000
6587.25,26259.033,00000000
6587.26,26456.736,00000000
6587.27,26357.865,00000000
6587.28,26506.188,00000000
6587.29,26407.297,00000000
6587.3,26704.088,00000000
6587.31,26506.188,00000000
6587.32,26407.297,00000000
6587.33,26456.736,00000000
6587.34,26357.865,00000000
6587.35,26407.297,00000000
6587.36,26407.297,00000000
6587.37,26555.646,00000000
6587.38,26407.297,00000000
6587.39,26506.188,00000000
6587.4,26357.865,00000000
6587.41,26407.297,00000000
6587.42,26555.646,00000000
6587.43,26259.033,00000000
6587.44,26456.736,00000000
6587.45,26456.736,00000000
6587.46,26555.646,00000000
6587.47,26357.865,00000000
6587.48,26506.188,00000000
6587.49,26456.736,00000000
6587.5,26506.188,00000000
6587.51,26407.297,00000000
6587.52,26555.646,00000000
6587.53,26506.188,00000000
6587.54,26555.646,00000000
6587.55,26407.297,00000000
6587.56,26555.646,00000000
6587.57,26654.598,00000000
6587.58,26407.297,00000000
6587.59,26456.736,00000000
6587.6,26259.033,00000000
6587.61,26456.736,00000000
6587.62,26506.188,00000000
6587.63,26456.736,00000000
6587.64,26456.736,00000000
6587.65,26456.736,00000000
6587.66,26407.297,00000000
6587.67,26456.736,00000000
6587.68,26456.736,00000000
6587.69,26407.297,00000000
6587.7,26456.736,00000000
6587.71,26506.188,00000000
6587.72,26456.736,00000000
6587.73,26506.188,00000000
6587.74,26506.188,00000000
6587.75,26357.865,00000000
6587.76,26456.736,00000000
6587.77,26506.188,00000000
6587.78,26357.865,00000000
6587.79,26456.736,00000000
6587.8,26456.736,00000000
6587.81,26555.646,00000000
6587.82,26506.188,00000000
6587.83,26456.736,00000000
6587.84,26308.445,00000000
6587.85,26555.646,00000000
6587.86,26357.865,00000000
6587.87,26357.865,00000000
6587.88,26506.188,00000000
6587.89,26506.188,00000000
6587.9,26605.117,00000000
6587.91,26456.736,00000000
6587.92,26357.865,00000000
6587.93,26456.736,00000000
6587.94,26407.297,00000000
6587.95,26506.188,00000000
6587.96,26407.297,00000000
6587.97,26555.646,00000000
6587.98,26456.736,00000000
6587.99,26506.188,00000000
6588,26308.445,00000000
6588.01,26407.297,00000000
6588.02,26456.736,00000000
6588.03,26357.865,00000000
6588.04,26456.736,00000000
6588.05,26456.736,00000000
6588.06,26456.736,00000000
6588.07,26506.188,00000000
6588.08,26456.736,00000000
6588.09,26456.736,00000000
6588.1,26357.865,00000000
6588.11,26407.297,00000000
6588.12,26357.865,00000000
6588.13,26506.188,00000000
6588.14,26308.445,00000000
6588.15,26357.865,00000000
6588.16,26357.865,00000000
6588.17,26456.736,00000000
6588.18,26555.646,00000000
6588.19,26407.297,00000000
6588.2,26456.736,00000000
6588.21,26456.736,00000000
6588.22,26456.736,00000000
6588.23,26555.646,00000000
6588.24,26456.736,00000000
6588.25,26456.736,00000000
6588.26,26308.445,00000000
6588.27,26555.646,00000000
6588.28,26506.188,00000000
6588.29,26407.297,00000000
6588.3,26308.445,00000000
6588.31,26456.736,00000000
6588.32,26456.736,00000000
6588.33,26555.646,00000000
6588.34,26407.297,00000000
6588.35,26308.445,00000000
6588.36,26456.736,00000000
6588.37,26407.297,00000000
6588.38,26506.188,00000000
6588.39,26506.188,00000000
6588.4,26456.736,00000000
6588.41,26555.646,00000000
6588.42,26456.736,00000000
6588.43,26407.297,00000000
6588.44,26407.297,00000000
6588.45,26506.188,00000000
6588.46,26506.188,00000000
6588.47,26506.188,00000000
6588.48,26456.736,00000000
6588.49,26555.646,00000000
6588.5,26506.188,00000000
6588.51,26506.188,00000000
6588.52,26407.297,00000000
6588.53,26506.188,00000000
6588.54,26308.445,00000000
6588.55,26605.117,00000000
6588.56,26506.188,00000000
6588.57,26357.865,00000000
6588.58,26506.188,00000000
6588.59,26555.646,00000000
6588.6,26407.297,00000000
6588.61,26407.297,00000000
6588.62,26506.188,00000000
6588.63,26456.736,00000000
6588.64,26456.736,00000000
6588.65,26555.646,00000000
6588.66,26506.188,00000000
6588.67,26456.736,00000000
6588.68,26704.088,00000000
6588.69,26506.188,00000000
6588.7,26407.297,00000000
6588.71,26357.865,00000000
6588.72,26456.736,00000000
6588.73,26407.297,00000000
6588.74,26407.297,00000000
6588.75,26456.736,00000000
6588.76,26456.736,00000000
6588.77,26308.445,00000000
6588.78,26605.117,00000000
6588.79,26555.646,00000000
6588.8,26456.736,00000000
6588.81,26456.736,00000000
6588.82,26456.736,00000000
6588.83,26357.865,00000000
6588.84,26506.188,00000000
6588.85,26506.188,00000000
6588.86,26654.598,00000000
6588.87,26357.865,00000000
6588.88,26209.633,00000000
6588.89,26407.297,00000000
6588.9,26407.297,00000000
6588.91,26506.188,00000000
6588.92,26506.188,00000000
6588.93,26407.297,00000000
6588.94,26555.646,00000000
6588.95,26357.865,00000000
6588.96,26555.646,00000000
6588.97,26555.646,00000000
6588.98,26456.736,00000000
6588.99,26407.297,00000000
6589,26407.297,00000000
6589.01,26456.736,00000000
6589.02,26506.188,00000000
6589.03,26506.188,00000000
6589.04,26506.188,00000000
6589.05,26456.736,00000000
6589.06,26506.188,00000000
6589.07,26308.445,00000000
6589.08,26456.736,00000000
6589.09,26407.297,00000000
6589.1,26456.736,00000000
6589.11,26456.736,00000000
6589.12,26506.188,00000000
6589.13,26357.865,00000000
6589.14,26357.865,00000000
6589.15,26506.188,00000000
6589.16,26357.865,00000000
6589.17,26456.736,00000000
6589.18,26407.297,00000000
6589.19,26456.736,00000000
6589.2,26456.736,00000000
6589.21,26506.188,00000000
6589.22,26605.117,00000000
6589.23,26506.188,00000000
6589.24,26456.736,00000000
6589.25,26456.736,00000000
6589.26,26506.188,00000000
6589.27,26605.117,00000000
6589.28,26555.646,00000000
6589.29,26555.646,00000000
6589.3,26555.646,00000000
6589.31,26308.445,00000000
6589.32,26506.188,00000000
6589.33,26357.865,00000000
6589.34,26555.646,00000000
6589.35,26506.188,00000000
6589.36,26357.865,00000000
6589.37,26357.865,00000000
6589.38,26506.188,00000000
6589.39,26506.188,00000000
6589.4,26555.646,00000000
6589.41,26456.736,00000000
6589.42,26555.646,00000000
6589.43,26506.188,00000000
6589.44,26407.297,00000000
6589.45,26456.736,00000000
6589.46,26407.297,00000000
6589.47,26506.188,00000000
6589.48,26605.117,00000000
6589.49,26605.117,00000000
6589.5,26506.188,00000000
6589.51,26456.736,00000000
6589.52,26308.445,00000000
6589.53,26456.736,00000000
6589.54,26605.117,00000000
6589.55,26506.188,00000000
6589.56,26407.297,00000000
6589.57,26506.188,00000000
6589.58,26357.865,00000000
6589.59,26357.865,00000000
6589.6,26605.117,00000000
6589.61,26456.736,00000000
6589.62,26605.117,00000000
6589.63,26555.646,00000000
6589.64,26506.188,00000000
6589.65,26456.736,00000000
6589.66,26259.033,00000000
6589.67,26456.736,00000000
6589.68,26456.736,00000000
6589.69,26407.297,00000000
6589.7,26555.646,00000000
6589.71,26506.188,00000000
6589.72,26456.736,00000000
6589.73,26357.865,00000000
6589.74,26555.646,00000000
6589.75,26605.117,00000000
6589.76,26555.646,00000000
6589.77,26506.188,00000000
6589.78,26456.736,00000000
6589.79,26506.188,00000000
6589.8,26605.117,00000000
6589.81,26605.117,00000000
6589.82,26506.188,00000000
6589.83,26704.088,00000000
6589.84,26555.646,00000000
6589.85,26357.865,00000000
6589.86,26407.297,00000000
6589.87,26605.117,00000000
6589.88,26209.633,00000000
6589.89,26407.297,00000000
6589.9,26456.736,00000000
6589.91,26506.188,00000000
6589.92,26506.188,00000000
6589.93,26357.865,00000000
6589.94,26456.736,00000000
6589.95,26456.736,00000000
6589.96,26506.188,00000000
6589.97,26160.242,00000000
6589.98,26456.736,00000000
6589.99,26506.188,00000000
6590,26357.865,00000000
6590.01,26506.188,00000000
6590.02,26308.445,00000000
6590.03,26456.736,00000000
6590.04,26555.646,00000000
6590.05,26259.033,00000000
6590.06,26605.117,00000000
6590.07,26506.188,00000000
6590.08,26357.865,00000000
6590.09,26555.646,00000000
6590.1,26407.297,00000000
6590.11,26506.188,00000000
6590.12,26555.646,00000000
6590.13,26605.117,00000000
6590.14,26357.865,00000000
6590.15,26456.736,00000000
6590.16,26407.297,00000000
6590.17,26407.297,00000000
6590.18,26506.188,00000000
6590.19,26407.297,00000000
6590.2,26357.865,00000000
6590.21,26259.033,00000000
6590.22,26555.646,00000000
6590.23,26555.646,00000000
6590.24,26506.188,00000000
6590.25,26456.736,00000000
6590.26,26407.297,00000000
6590.27,26456.736,00000000
6590.28,26407.297,00000000
6590.29,26555.646,00000000
6590.3,26357.865,00000000
6590.31,26456.736,00000000
6590.32,26456.736,00000000
6590.33,26456.736,00000000
6590.34,26407.297,00000000
6590.35,26605.117,00000000
6590.36,26456.736,00000000
6590.37,26259.033,00000000
6590.38,26555.646,00000000
6590.39,26357.865,00000000
6590.4,26357.865,00000000
6590.41,26456.736,00000000
6590.42,26407.297,00000000
6590.43,26407.297,00000000
6590.44,26555.646,00000000
6590.45,26605.117,00000000
6590.46,26605.117,00000000
6590.47,26555.646,00000000
6590.48,26506.188,00000000
6590.49,26506.188,00000000
6590.5,26506.188,00000000
6590.51,26605.117,00000000
6590.52,26555.646,00000000
6590.53,26605.117,00000000
6590.54,26357.865,00000000
6590.55,26555.646,00000000
6590.56,26555.646,00000000
6590.57,26506.188,00000000
6590.58,26456.736,00000000
6590.59,26506.188,00000000
6590.6,26506.188,00000000
6590.61,26506.188,00000000
6590.62,26407.297,00000000
6590.63,26259.033,00000000
6590.64,26654.598,00000000
6590.65,26357.865,00000000
6590.66,26555.646,00000000
6590.67,26555.646,00000000
6590.68,26753.588,00000000
6590.69,26555.646,00000000
6590.7,26407.297,00000000
6590.71,26506.188,00000000
6590.72,26605.117,00000000
6590.73,26506.188,00000000
6590.74,26555.646,00000000
6590.75,26407.297,00000000
6590.76,26357.865,00000000
6590.77,26456.736,00000000
6590.78,26456.736,00000000
6590.79,26407.297,00000000
6590.8,26357.865,00000000
6590.81,26407.297,00000000
6590.82,26456.736,00000000
6590.83,26555.646,00000000
6590.84,26357.865,00000000
6590.85,26456.736,00000000
6590.86,26506.188,00000000
6590.87,26506.188,00000000
6590.88,26357.865,00000000
6590.89,26605.117,00000000
6590.9,26456.736,00000000
6590.91,26506.188,00000000
6590.92,26407.297,00000000
6590.93,26456.736,00000000
6590.94,26456.736,00000000
6590.95,26407.297,00000000
6590.96,26357.865,00000000
6590.97,26456.736,00000000
6590.98,26506.188,00000000
6590.99,26555.646,00000000
6591,26456.736,00000000
6591.01,26407.297,00000000
6591.02,26555.646,00000000
6591.03,26506.188,00000000
6591.04,26456.736,00000000
6591.05,26506.188,00000000
6591.06,26456.736,00000000
6591.07,26605.117,00000000
6591.08,26407.297,00000000
6591.09,26506.188,00000000
6591.1,26456.736,00000000
6591.11,26555.646,00000000
6591.12,26753.588,00000000
6591.13,26407.297,00000000
6591.14,26506.188,00000000
6591.15,26555.646,00000000
6591.16,26506.188,00000000
6591.17,26555.646,00000000
6591.18,26506.188,00000000
6591.19,26456.736,00000000
6591.2,26357.865,00000000
6591.21,26654.598,00000000
6591.22,26407.297,00000000
6591.23,26456.736,00000000
6591.24,26555.646,00000000
6591.25,26605.117,00000000
6591.26,26506.188,00000000
6591.27,26357.865,00000000
6591.28,26357.865,00000000
6591.29,26456.736,00000000
6591.3,26555.646,00000000
6591.31,26506.188,00000000
6591.32,26357.865,00000000
6591.33,26605.117,00000000
6591.34,26456.736,00000000
6591.35,26605.117,00000000
6591.36,26456.736,00000000
6591.37,26506.188,00000000
6591.38,26456.736,00000000
6591.39,26456.736,00000000
6591.4,26456.736,00000000
6591.41,26308.445,00000000
6591.42,26456.736,00000000
6591.43,26407.297,00000000
6591.44,26308.445,00000000
6591.45,26555.646,00000000
6591.46,26456.736,00000000
6591.47,26357.865,00000000
6591.48,26506.188,00000000
6591.49,26407.297,00000000
6591.5,26456.736,00000000
6591.51,26506.188,00000000
6591.52,26605.117,00000000
6591.53,26407.297,00000000
6591.54,26456.736,00000000
6591.55,26456.736,00000000
6591.56,26605.117,00000000
6591.57,26506.188,00000000
6591.58,26506.188,00000000
6591.59,26506.188,00000000
6591.6,26506.188,00000000
6591.61,26357.865,00000000
6591.62,26506.188,00000000
6591.63,26308.445,00000000
6591.64,26456.736,00000000
6591.65,26555.646,00000000
6591.66,26456.736,00000000
6591.67,26456.736,00000000
6591.68,26308.445,00000000
6591.69,26456.736,00000000
6591.7,26357.865,00000000
6591.71,26506.188,00000000
6591.72,26456.736,00000000
6591.73,26555.646,00000000
6591.74,26506.188,00000000
6591.75,26555.646,00000000
6591.76,26506.188,00000000
6591.77,26555.646,00000000
6591.78,26259.033,00000000
6591.79,26456.736,00000000
6591.8,26456.736,00000000
6591.81,26555.646,00000000
6591.82,26259.033,00000000
6591.83,26259.033,00000000
6591.84,26357.865,00000000
6591.85,26308.445,00000000
6591.86,26555.646,00000000
6591.87,26605.117,00000000
6591.88,26456.736,00000000
6591.89,26456.736,00000000
6591.9,26407.297,00000000
6591.91,26357.865,00000000
6591.92,26456.736,00000000
6591.93,26259.033,00000000
6591.94,26506.188,00000000
6591.95,26555.646,00000000
6591.96,26506.188,00000000
6591.97,26555.646,00000000
6591.98,26555.646,00000000
6591.99,26407.297,00000000
6592,26407.297,00000000
6592.01,26308.445,00000000
6592.02,26407.297,00000000
6592.03,26308.445,00000000
6592.04,26407.297,00000000
6592.05,26506.188,00000000
6592.06,26506.188,00000000
6592.07,26555.646,00000000
6592.08,26357.865,00000000
6592.09,26456.736,00000000
6592.1,26456.736,00000000
6592.11,26456.736,00000000
6592.12,26506.188,00000000
6592.13,26357.865,00000000
6592.14,26357.865,00000000
6592.15,26506.188,00000000
6592.16,26456.736,00000000
6592.17,26407.297,00000000
6592.18,26555.646,00000000
6592.19,26456.736,00000000
6592.2,26506.188,00000000
6592.21,26456.736,00000000
6592.22,26407.297,00000000
6592.23,26259.033,00000000
6592.24,26456.736,00000000
6592.25,26456.736,00000000
6592.26,26605.117,00000000
6592.27,26407.297,00000000
6592.28,26555.646,00000000
6592.29,26407.297,00000000
6592.3,26407.297,00000000
6592.31,26506.188,00000000
6592.32,26506.188,00000000
6592.33,26456.736,00000000
6592.34,26357.865,00000000
6592.35,26704.088,00000000
6592.36,26308.445,00000000
6592.37,26555.646,00000000
6592.38,26555.646,00000000
6592.39,26357.865,00000000
6592.4,26407.297,00000000
6592.41,26506.188,00000000
6592.42,26506.188,00000000
6592.43,26605.117,00000000
6592.44,26456.736,00000000
6592.45,26259.033,00000000
6592.46,26456.736,00000000
6592.47,26407.297,00000000
6592.48,26555.646,00000000
6592.49,26407.297,00000000
6592.5,26555.646,00000000
6592.51,26605.117,00000000
6592.52,26506.188,00000000
6592.53,26357.865,00000000
6592.54,26259.033,00000000
6592.55,26506.188,00000000
6592.56,26555.646,00000000
6592.57,26506.188,00000000
6592.58,26704.088,00000000
6592.59,26605.117,00000000
6592.6,26407.297,00000000
6592.61,26407.297,00000000
6592.62,26456.736,00000000
6592.63,26407.297,00000000
6592.64,26506.188,00000000
6592.65,26456.736,00000000
6592.66,26456.736,00000000
6592.67,26506.188,00000000
6592.68,26456.736,00000000
6592.69,26506.188,00000000
6592.7,26555.646,00000000
6592.71,26506.188,00000000
6592.72,26555.646,00000000
6592.73,26506.188,00000000
6592.74,26605.117,00000000
6592.75,26506.188,00000000
6592.76,26555.646,00000000
6592.77,26357.865,00000000
6592.78,26456.736,00000000
6592.79,26605.117,00000000
6592.8,26605.117,00000000
6592.81,26506.188,00000000
6592.82,26555.646,00000000
6592.83,26506.188,00000000
6592.84,26605.117,00000000
6592.85,26555.646,00000000
6592.86,26357.865,00000000
6592.87,26456.736,00000000
6592.88,26456.736,00000000
6592.89,26357.865,00000000
6592.9,26555.646,00000000
6592.91,26357.865,00000000
6592.92,26506.188,00000000
6592.93,26357.865,00000000
6592.94,26506.188,00000000
6592.95,26456.736,00000000
6592.96,26407.297,00000000
6592.97,26456.736,00000000
6592.98,26456.736,00000000
6592.99,26407.297,00000000
6593,26555.646,00000000
6593.01,26605.117,00000000
6593.02,26259.033,00000000
6593.03,26555.646,00000000
6593.04,26506.188,00000000
6593.05,26555.646,00000000
6593.06,26456.736,00000000
6593.07,26308.445,00000000
6593.08,26407.297,00000000
6593.09,26407.297,00000000
6593.1,26555.646,00000000
6593.11,26506.188,00000000
6593.12,26308.445,00000000
6593.13,26654.598,00000000
6593.14,26259.033,00000000
6593.15,26506.188,00000000
6593.16,26555.646,00000000
6593.17,26506.188,00000000
6593.18,26506.188,00000000
6593.19,26456.736,00000000
6593.2,26506.188,00000000
6593.21,26407.297,00000000
6593.22,26456.736,00000000
6593.23,26259.033,00000000
6593.24,26357.865,00000000
6593.25,26456.736,00000000
6593.26,26407.297,00000000
6593.27,26555.646,00000000
6593.28,26456.736,00000000
6593.29,26456.736,00000000
6593.3,26407.297,00000000
6593.31,26506.188,00000000
6593.32,26506.188,00000000
6593.33,26506.188,00000000
6593.34,26506.188,00000000
6593.35,26555.646,00000000
6593.36,26506.188,00000000
6593.37,26407.297,00000000
6593.38,26506.188,00000000
6593.39,26357.865,00000000
6593.4,26456.736,00000000
6593.41,26506.188,00000000
6593.42,26555.646,00000000
6593.43,26555.646,00000000
6593.44,26506.188,00000000
6593.45,26407.297,00000000
6593.46,26506.188,00000000
6593.47,26555.646,00000000
6593.48,26605.117,00000000
6593.49,26555.646,00000000
6593.5,26456.736,00000000
6593.51,26506.188,00000000
6593.52,26407.297,00000000
6593.53,26456.736,00000000
6593.54,26555.646,00000000
6593.55,26506.188,00000000
6593.56,26506.188,00000000
6593.57,26407.297,00000000
6593.58,26704.088,00000000
6593.59,26605.117,00000000
6593.6,26456.736,00000000
6593.61,26555.646,00000000
6593.62,26555.646,00000000
6593.63,26555.646,00000000
6593.64,26555.646,00000000
6593.65,26555.646,00000000
6593.66,26407.297,00000000
6593.67,26506.188,00000000
6593.68,26506.188,00000000
6593.69,26456.736,00000000
6593.7,26407.297,00000000
6593.71,26555.646,00000000
6593.72,26555.646,00000000
6593.73,26605.117,00000000
6593.74,26407.297,00000000
6593.75,26555.646,00000000
6593.76,26506.188,00000000
6593.77,26506.188,00000000
6593.78,26456.736,00000000
6593.79,26456.736,00000000
6593.8,26654.598,00000000
6593.81,26555.646,00000000
6593.82,26456.736,00000000
6593.83,26555.646,00000000
6593.84,26506.188,00000000
6593.85,26456.736,00000000
6593.86,26456.736,00000000
6593.87,26506.188,00000000
6593.88,26605.117,00000000
6593.89,26456.736,00000000
6593.9,26605.117,00000000
6593.91,26506.188,00000000
6593.92,26506.188,00000000
6593.93,26506.188,00000000
6593.94,26605.117,00000000
6593.95,26555.646,00000000
6593.96,26605.117,00000000
6593.97,26506.188,00000000
6593.98,26506.188,00000000
6593.99,26506.188,00000000
6594,26605.117,00000000
6594.01,26555.646,00000000
6594.02,26456.736,00000000
6594.03,26407.297,00000000
6594.04,26506.188,00000000
6594.05,26456.736,00000000
6594.06,26506.188,00000000
6594.07,26605.117,00000000
6594.08,26456.736,00000000
6594.09,26704.088,00000000
6594.1,26407.297,00000000
6594.11,26456.736,00000000
6594.12,26555.646,00000000
6594.13,26605.117,00000000
6594.14,26605.117,00000000
6594.15,26506.188,00000000
6594.16,26555.646,00000000
6594.17,26357.865,00000000
6594.18,26407.297,00000000
6594.19,26654.598,00000000
6594.2,26456.736,00000000
6594.21,26506.188,00000000
6594.22,26407.297,00000000
6594.23,26506.188,00000000
6594.24,26555.646,00000000
6594.25,26506.188,00000000
6594.26,26555.646,00000000
6594.27,26605.117,00000000
6594.28,26555.646,00000000
6594.29,26506.188,00000000
6594.3,26456.736,00000000
6594.31,26456.736,00000000
6594.32,26506.188,00000000
6594.33,26654.598,00000000
6594.34,26506.188,00000000
6594.35,26555.646,00000000
6594.36,26605.117,00000000
6594.37,26506.188,00000000
6594.38,26704.088,00000000
6594.39,26407.297,00000000
6594.4,26407.297,00000000
6594.41,26506.188,00000000
6594.42,26506.188,00000000
6594.43,26456.736,00000000
6594.44,26506.188,00000000
6594.45,26605.117,00000000
6594.46,26456.736,00000000
6594.47,26654.598,00000000
6594.48,26456.736,00000000
6594.49,26456.736,00000000
6594.5,26605.117,00000000
6594.51,26605.117,00000000
6594.52,26704.088,00000000
6594.53,26506.188,00000000
6594.54,26605.117,00000000
6594.55,26555.646,00000000
6594.56,26506.188,00000000
6594.57,26605.117,00000000
6594.58,26555.646,00000000
6594.59,26456.736,00000000
6594.6,26456.736,00000000
6594.61,26456.736,00000000
6594.62,26456.736,00000000
6594.63,26555.646,00000000
6594.64,26506.188,00000000
6594.65,26407.297,00000000
6594.66,26407.297,00000000
6594.67,26506.188,00000000
6594.68,26654.598,00000000
6594.69,26506.188,00000000
6594.7,26407.297,00000000
6594.71,26456.736,00000000
6594.72,26654.598,00000000
6594.73,26506.188,00000000
6594.74,26605.117,00000000
6594.75,26555.646,00000000
6594.76,26555.646,00000000
6594.77,26506.188,00000000
6594.78,26456.736,00000000
6594.79,26456.736,00000000
6594.8,26357.865,00000000
6594.81,26506.188,00000000
6594.82,26555.646,00000000
6594.83,26407.297,00000000
6594.84,26605.117,00000000
6594.85,26605.117,00000000
6594.86,26555.646,00000000
6594.87,26605.117,00000000
6594.88,26506.188,00000000
6594.89,26555.646,00000000
6594.9,26605.117,00000000
6594.91,26506.188,00000000
6594.92,26506.188,00000000
6594.93,26605.117,00000000
6594.94,26407.297,00000000
6594.95,26506.188,00000000
6594.96,26555.646,00000000
6594.97,26605.117,00000000
6594.98,26605.117,00000000
6594.99,26605.117,00000000
6595,26506.188,00000000
6595.01,26506.188,00000000
6595.02,26357.865,00000000
6595.03,26555.646,00000000
6595.04,26506.188,00000000
6595.05,26456.736,00000000
6595.06,26456.736,00000000
6595.07,26506.188,00000000
6595.08,26654.598,00000000
6595.09,26555.646,00000000
6595.1,26456.736,00000000
6595.11,26357.865,00000000
6595.12,26506.188,00000000
6595.13,26555.646,00000000
6595.14,26605.117,00000000
6595.15,26456.736,00000000
6595.16,26456.736,00000000
6595.17,26456.736,00000000
6595.18,26506.188,00000000
6595.19,26506.188,00000000
6595.2,26506.188,00000000
6595.21,26357.865,00000000
6595.22,26456.736,00000000
6595.23,26555.646,00000000
6595.24,26456.736,00000000
6595.25,26259.033,00000000
6595.26,26506.188,00000000
6595.27,26456.736,00000000
6595.28,26506.188,00000000
6595.29,26506.188,00000000
6595.3,26506.188,00000000
6595.31,26506.188,00000000
6595.32,26357.865,00000000
6595.33,26605.117,00000000
6595.34,26456.736,00000000
6595.35,26456.736,00000000
6595.36,26456.736,00000000
6595.37,26506.188,00000000
6595.38,26506.188,00000000
6595.39,26407.297,00000000
6595.4,26407.297,00000000
6595.41,26555.646,00000000
6595.42,26506.188,00000000
6595.43,26456.736,00000000
6595.44,26555.646,00000000
6595.45,26506.188,00000000
6595.46,26456.736,00000000
6595.47,26506.188,00000000
6595.48,26555.646,00000000
6595.49,26456.736,00000000
6595.5,26605.117,00000000
6595.51,26555.646,00000000
6595.52,26605.117,00000000
6595.53,26704.088,00000000
6595.54,26456.736,00000000
6595.55,26357.865,00000000
6595.56,26506.188,00000000
6595.57,26407.297,00000000
6595.58,26605.117,00000000
6595.59,26456.736,00000000
6595.6,26407.297,00000000
6595.61,26407.297,00000000
6595.62,26456.736,00000000
6595.63,26506.188,00000000
6595.64,26456.736,00000000
6595.65,26506.188,00000000
6595.66,26259.033,00000000
6595.67,26357.865,00000000
6595.68,26704.088,00000000
6595.69,26605.117,00000000
6595.7,26555.646,00000000
6595.71,26605.117,00000000
6595.72,26704.088,00000000
6595.73,26555.646,00000000
6595.74,26555.646,00000000
6595.75,26456.736,00000000
6595.76,26605.117,00000000
6595.77,26506.188,00000000
6595.78,26407.297,00000000
6595.79,26407.297,00000000
6595.8,26357.865,00000000
6595.81,26407.297,00000000
6595.82,26456.736,00000000
6595.83,26506.188,00000000
6595.84,26555.646,00000000
6595.85,26456.736,00000000
6595.86,26506.188,00000000
6595.87,26456.736,00000000
6595.88,26456.736,00000000
6595.89,26456.736,00000000
6595.9,26654.598,00000000
6595.91,26407.297,00000000
6595.92,26506.188,00000000
6595.93,26506.188,00000000
6595.94,26407.297,00000000
6595.95,26357.865,00000000
6595.96,26506.188,00000000
6595.97,26456.736,00000000
6595.98,26407.297,00000000
6595.99,26704.088,00000000
6596,26456.736,00000000
6596.01,26456.736,00000000
6596.02,26605.117,00000000
6596.03,26704.088,00000000
6596.04,26506.188,00000000
6596.05,26654.598,00000000
6596.06,26654.598,00000000
6596.07,26456.736,00000000
6596.08,26456.736,00000000
6596.09,26506.188,00000000
6596.1,26605.117,00000000
6596.11,26555.646,00000000
6596.12,26704.088,00000000
6596.13,26555.646,00000000
6596.14,26456.736,00000000
6596.15,26506.188,00000000
6596.16,26605.117,00000000
6596.17,26407.297,00000000
6596.18,26704.088,00000000
6596.19,26456.736,00000000
6596.2,26357.865,00000000
6596.21,26555.646,00000000
6596.22,26704.088,00000000
6596.23,26506.188,00000000
6596.24,26605.117,00000000
6596.25,26605.117,00000000
6596.26,26456.736,00000000
6596.27,26555.646,00000000
6596.28,26407.297,00000000
6596.29,26456.736,00000000
6596.3,26407.297,00000000
6596.31,26506.188,00000000
6596.32,26506.188,00000000
6596.33,26555.646,00000000
6596.34,26456.736,00000000
6596.35,26456.736,00000000
6596.36,26506.188,00000000
6596.37,26555.646,00000000
6596.38,26654.598,00000000
6596.39,26704.088,00000000
6596.4,26506.188,00000000
6596.41,26357.865,00000000
6596.42,26456.736,00000000
6596.43,26654.598,00000000
6596.44,26456.736,00000000
6596.45,26605.117,00000000
6596.46,26506.188,00000000
6596.47,26456.736,00000000
6596.48,26456.736,00000000
6596.49,26605.117,00000000
6596.5,26605.117,00000000
6596.51,26456.736,00000000
6596.52,26654.598,00000000
6596.53,26506.188,00000000
6596.54,26506.188,00000000
6596.55,26555.646,00000000
6596.56,26456.736,00000000
6596.57,26456.736,00000000
6596.58,26555.646,00000000
6596.59,26605.117,00000000
6596.6,26605.117,00000000
6596.61,26704.088,00000000
6596.62,26506.188,00000000
6596.63,26555.646,00000000
6596.64,26407.297,00000000
6596.65,26555.646,00000000
6596.66,26456.736,00000000
6596.67,26555.646,00000000
6596.68,26407.297,00000000
6596.69,26506.188,00000000
6596.7,26555.646,00000000
6596.71,26605.117,00000000
6596.72,26456.736,00000000
6596.73,26456.736,00000000
6596.74,26654.598,00000000
6596.75,26357.865,00000000
6596.76,26555.646,00000000
6596.77,26456.736,00000000
6596.78,26605.117,00000000
6596.79,26555.646,00000000
6596.8,26456.736,00000000
6596.81,26654.598,00000000
6596.82,26555.646,00000000
6596.83,26506.188,00000000
6596.84,26605.117,00000000
6596.85,26704.088,00000000
6596.86,26605.117,00000000
6596.87,26555.646,00000000
6596.88,26506.188,00000000
6596.89,26555.646,00000000
6596.9,26456.736,00000000
6596.91,26555.646,00000000
6596.92,26456.736,00000000
6596.93,26506.188,00000000
6596.94,26456.736,00000000
6596.95,26605.117,00000000
6596.96,26605.117,00000000
6596.97,26506.188,00000000
6596.98,26506.188,00000000
6596.99,26605.117,00000000
6597,26506.188,00000000
6597.01,26605.117,00000000
6597.02,26555.646,00000000
6597.03,26555.646,00000000
6597.04,26654.598,00000000
6597.05,26605.117,00000000
6597.06,26654.598,00000000
6597.07,26555.646,00000000
6597.08,26555.646,00000000
6597.09,26456.736,00000000
6597.1,26456.736,00000000
6597.11,26555.646,00000000
6597.12,26555.646,00000000
6597.13,26555.646,00000000
6597.14,26704.088,00000000
6597.15,26654.598,00000000
6597.16,26605.117,00000000
6597.17,26407.297,00000000
6597.18,26506.188,00000000
6597.19,26704.088,00000000
6597.2,26456.736,00000000
6597.21,26456.736,00000000
6597.22,26605.117,00000000
6597.23,26506.188,00000000
6597.24,26506.188,00000000
6597.25,26456.736,00000000
6597.26,26407.297,00000000
6597.27,26605.117,00000000
6597.28,26456.736,00000000
6597.29,26605.117,00000000
6597.3,26456.736,00000000
6597.31,26506.188,00000000
6597.32,26506.188,00000000
6597.33,26456.736,00000000
6597.34,26555.646,00000000
6597.35,26654.598,00000000
6597.36,26506.188,00000000
6597.37,26506.188,00000000
6597.38,26456.736,00000000
6597.39,26407.297,00000000
6597.4,26456.736,00000000
6597.41,26605.117,00000000
6597.42,26555.646,00000000
6597.43,26555.646,00000000
6597.44,26506.188,00000000
6597.45,26357.865,00000000
6597.46,26357.865,00000000
6597.47,26456.736,00000000
6597.48,26456.736,00000000
6597.49,26506.188,00000000
6597.5,26506.188,00000000
6597.51,26456.736,00000000
6597.52,26506.188,00000000
6597.53,26555.646,00000000
6597.54,26555.646,00000000
6597.55,26555.646,00000000
6597.56,26506.188,00000000
6597.57,26456.736,00000000
6597.58,26506.188,00000000
6597.59,26407.297,00000000
6597.6,26605.117,00000000
6597.61,26456.736,00000000
6597.62,26407.297,00000000
6597.63,26605.117,00000000
6597.64,26456.736,00000000
6597.65,26555.646,00000000
6597.66,26605.117,00000000
6597.67,26456.736,00000000
6597.68,26407.297,00000000
6597.69,26357.865,00000000
6597.7,26555.646,00000000
6597.71,26506.188,00000000
6597.72,26456.736,00000000
6597.73,26456.736,00000000
6597.74,26456.736,00000000
6597.75,26654.598,00000000
6597.76,26555.646,00000000
6597.77,26407.297,00000000
6597.78,26456.736,00000000
6597.79,26456.736,00000000
6597.8,26456.736,00000000
6597.81,26605.117,00000000
6597.82,26506.188,00000000
6597.83,26456.736,00000000
6597.84,26704.088,00000000
6597.85,26605.117,00000000
6597.86,26456.736,00000000
6597.87,26456.736,00000000
6597.88,26407.297,00000000
6597.89,26357.865,00000000
6597.9,26357.865,00000000
6597.91,26555.646,00000000
6597.92,26506.188,00000000
6597.93,26456.736,00000000
6597.94,26456.736,00000000
6597.95,26456.736,00000000
6597.96,26555.646,00000000
6597.97,26456.736,00000000
6597.98,26357.865,00000000
6597.99,26555.646,00000000
6598,26456.736,00000000
6598.01,26555.646,00000000
6598.02,26605.117,00000000
6598.03,26555.646,00000000
6598.04,26456.736,00000000
6598.05,26506.188,00000000
6598.06,26506.188,00000000
6598.07,26357.865,00000000
6598.08,26506.188,00000000
6598.09,26506.188,00000000
6598.1,26407.297,00000000
6598.11,26456.736,00000000
6598.12,26456.736,00000000
6598.13,26506.188,00000000
6598.14,26555.646,00000000
6598.15,26555.646,00000000
6598.16,26555.646,00000000
6598.17,26456.736,00000000
6598.18,26654.598,00000000
6598.19,26555.646,00000000
6598.2,26605.117,00000000
6598.21,26605.117,00000000
6598.22,26555.646,00000000
6598.23,26555.646,00000000
6598.24,26456.736,00000000
6598.25,26456.736,00000000
6598.26,26456.736,00000000
6598.27,26605.117,00000000
6598.28,26407.297,00000000
6598.29,26654.598,00000000
6598.3,26605.117,00000000
6598.31,26456.736,00000000
6598.32,26605.117,00000000
6598.33,26555.646,00000000
6598.34,26605.117,00000000
6598.35,26506.188,00000000
6598.36,26506.188,00000000
6598.37,26506.188,00000000
6598.38,26555.646,00000000
6598.39,26407.297,00000000
6598.4,26704.088,00000000
6598.41,26555.646,00000000
6598.42,26407.297,00000000
6598.43,26407.297,00000000
6598.44,26605.117,00000000
6598.45,26456.736,00000000
6598.46,26555.646,00000000
6598.47,26456.736,00000000
6598.48,26456.736,00000000
6598.49,26555.646,00000000
6598.5,26506.188,00000000
6598.51,26605.117,00000000
6598.52,26555.646,00000000
6598.53,26456.736,00000000
6598.54,26753.588,00000000
6598.55,26456.736,00000000
6598.56,26506.188,00000000
6598.57,26407.297,00000000
6598.58,26407.297,00000000
6598.59,26506.188,00000000
6598.6,26605.117,00000000
6598.61,26506.188,00000000
6598.62,26456.736,00000000
6598.63,26407.297,00000000
6598.64,26456.736,00000000
6598.65,26605.117,00000000
6598.66,26357.865,00000000
6598.67,26506.188,00000000
6598.68,26704.088,00000000
6598.69,26704.088,00000000
6598.7,26605.117,00000000
6598.71,26555.646,00000000
6598.72,26654.598,00000000
6598.73,26456.736,00000000
6598.74,26456.736,00000000
6598.75,26506.188,00000000
6598.76,26555.646,00000000
6598.77,26456.736,00000000
6598.78,26506.188,00000000
6598.79,26357.865,00000000
6598.8,26456.736,00000000
6598.81,26456.736,00000000
6598.82,26605.117,00000000
6598.83,26456.736,00000000
6598.84,26456.736,00000000
6598.85,26506.188,00000000
6598.86,26357.865,00000000
6598.87,26407.297,00000000
6598.88,26407.297,00000000
6598.89,26506.188,00000000
6598.9,26456.736,00000000
6598.91,26506.188,00000000
6598.92,26456.736,00000000
6598.93,26506.188,00000000
6598.94,26456.736,00000000
6598.95,26456.736,00000000
6598.96,26506.188,00000000
6598.97,26407.297,00000000
6598.98,26704.088,00000000
6598.99,26605.117,00000000
6599,26456.736,00000000
6599.01,26555.646,00000000
6599.02,26555.646,00000000
6599.03,26555.646,00000000
6599.04,26407.297,00000000
6599.05,26407.297,00000000
6599.06,26605.117,00000000
6599.07,26456.736,00000000
6599.08,26407.297,00000000
6599.09,26456.736,00000000
6599.1,26407.297,00000000
6599.11,26605.117,00000000
6599.12,26704.088,00000000
6599.13,26456.736,00000000
6599.14,26357.865,00000000
6599.15,26259.033,00000000
6599.16,26605.117,00000000
6599.17,26506.188,00000000
6599.18,26555.646,00000000
6599.19,26456.736,00000000
6599.2,26555.646,00000000
6599.21,26605.117,00000000
6599.22,26456.736,00000000
6599.23,26506.188,00000000
6599.24,26456.736,00000000
6599.25,26654.598,00000000
6599.26,26704.088,00000000
6599.27,26456.736,00000000
6599.28,26407.297,00000000
6599.29,26555.646,00000000
6599.3,26456.736,00000000
6599.31,26704.088,00000000
6599.32,26407.297,00000000
6599.33,26605.117,00000000
6599.34,26605.117,00000000
6599.35,26506.188,00000000
6599.36,26357.865,00000000
6599.37,26506.188,00000000
6599.38,26456.736,00000000
6599.39,26407.297,00000000
6599.4,26704.088,00000000
6599.41,26456.736,00000000
6599.42,26357.865,00000000
6599.43,26456.736,00000000
6599.44,26456.736,00000000
6599.45,26555.646,00000000
6599.46,26605.117,00000000
6599.47,26555.646,00000000
6599.48,26407.297,00000000
6599.49,26605.117,00000000
6599.5,26506.188,00000000
6599.51,26407.297,00000000
6599.52,26456.736,00000000
6599.53,26704.088,00000000
6599.54,26456.736,00000000
6599.55,26357.865,00000000
6599.56,26456.736,00000000
6599.57,26555.646,00000000
6599.58,26308.445,00000000
6599.59,26654.598,00000000
6599.6,26704.088,00000000
6599.61,26555.646,00000000
6599.62,26456.736,00000000
6599.63,26456.736,00000000
6599.64,26357.865,00000000
6599.65,26506.188,00000000
6599.66,26407.297,00000000
6599.67,26456.736,00000000
6599.68,26456.736,00000000
6599.69,26506.188,00000000
6599.7,26357.865,00000000
6599.71,26407.297,00000000
6599.72,26555.646,00000000
6599.73,26456.736,00000000
6599.74,26605.117,00000000
6599.75,26456.736,00000000
6599.76,26506.188,00000000
6599.77,26456.736,00000000
6599.78,26555.646,00000000
6599.79,26456.736,00000000
6599.8,26506.188,00000000
6599.81,26555.646,00000000
6599.82,26456.736,00000000
6599.83,26704.088,00000000
6599.84,26605.117,00000000
6599.85,26555.646,00000000
6599.86,26506.188,00000000
6599.87,26456.736,00000000
6599.88,26506.188,00000000
6599.89,26555.646,00000000
6599.9,26555.646,00000000
6599.91,26456.736,00000000
6599.92,26456.736,00000000
6599.93,26803.096,00000000
6599.94,26555.646,00000000
6599.95,26506.188,00000000
6599.96,26506.188,00000000
6599.97,26259.033,00000000
6599.98,26555.646,00000000
6599.99,26259.033,00000000
6600,26407.297,00000000
6600.01,26357.865,00000000
6600.02,26456.736,00000000
6600.03,26555.646,00000000
6600.04,26555.646,00000000
6600.05,26407.297,00000000
6600.06,26506.188,00000000
6600.07,26555.646,00000000
6600.08,26506.188,00000000
6600.09,26506.188,00000000
6600.1,26605.117,00000000
6600.11,26654.598,00000000
6600.12,26605.117,00000000
6600.13,26555.646,00000000
6600.14,26654.598,00000000
6600.15,26506.188,00000000
6600.16,26654.598,00000000
6600.17,26506.188,00000000
6600.18,26506.188,00000000
6600.19,26605.117,00000000
6600.2,26555.646,00000000
6600.21,26555.646,00000000
6600.22,26407.297,00000000
6600.23,26555.646,00000000
6600.24,26555.646,00000000
6600.25,26357.865,00000000
6600.26,26407.297,00000000
6600.27,26357.865,00000000
6600.28,26506.188,00000000
6600.29,26506.188,00000000
6600.3,26456.736,00000000
6600.31,26456.736,00000000
6600.32,26506.188,00000000
6600.33,26506.188,00000000
6600.34,26654.598,00000000
6600.35,26555.646,00000000
6600.36,26704.088,00000000
6600.37,26555.646,00000000
6600.38,26357.865,00000000
6600.39,26456.736,00000000
6600.4,26456.736,00000000
6600.41,26555.646,00000000
6600.42,26605.117,00000000
6600.43,26407.297,00000000
6600.44,26555.646,00000000
6600.45,26407.297,00000000
6600.46,26605.117,00000000
6600.47,26506.188,00000000
6600.48,26555.646,00000000
6600.49,26506.188,00000000
6600.5,26456.736,00000000
6600.51,26506.188,00000000
6600.52,26753.588,00000000
6600.53,26456.736,00000000
6600.54,26456.736,00000000
6600.55,26555.646,00000000
6600.56,26456.736,00000000
6600.57,26555.646,00000000
6600.58,26555.646,00000000
6600.59,26407.297,00000000
6600.6,26654.598,00000000
6600.61,26456.736,00000000
6600.62,26407.297,00000000
6600.63,26506.188,00000000
6600.64,26506.188,00000000
6600.65,26605.117,00000000
6600.66,26506.188,00000000
6600.67,26555.646,00000000
6600.68,26506.188,00000000
6600.69,26407.297,00000000
6600.7,26506.188,00000000
6600.71,26506.188,00000000
6600.72,26506.188,00000000
6600.73,26407.297,00000000
6600.74,26555.646,00000000
6600.75,26357.865,00000000
6600.76,26506.188,00000000
6600.77,26506.188,00000000
6600.78,26456.736,00000000
6600.79,26555.646,00000000
6600.8,26456.736,00000000
6600.81,26456.736,00000000
6600.82,26605.117,00000000
6600.83,26506.188,00000000
6600.84,26506.188,00000000
6600.85,26407.297,00000000
6600.86,26407.297,00000000
6600.87,26456.736,00000000
6600.88,26506.188,00000000
6600.89,26605.117,00000000
6600.9,26506.188,00000000
6600.91,26456.736,00000000
6600.92,26407.297,00000000
6600.93,26407.297,00000000
6600.94,26555.646,00000000
6600.95,26506.188,00000000
6600.96,26555.646,00000000
6600.97,26456.736,00000000
6600.98,26456.736,00000000
6600.99,26456.736,00000000
6601,26506.188,00000000
6601.01,26555.646,00000000
6601.02,26654.598,00000000
6601.03,26605.117,00000000
6601.04,26357.865,00000000
6601.05,26456.736,00000000
6601.06,26506.188,00000000
6601.07,26506.188,00000000
6601.08,26357.865,00000000
6601.09,26456.736,00000000
6601.1,26555.646,00000000
6601.11,26456.736,00000000
6601.12,26456.736,00000000
6601.13,26605.117,00000000
6601.14,26605.117,00000000
6601.15,26506.188,00000000
6601.16,26357.865,00000000
6601.17,26605.117,00000000
6601.18,26407.297,00000000
6601.19,26456.736,00000000
6601.2,26456.736,00000000
6601.21,26456.736,00000000
6601.22,26555.646,00000000
6601.23,26456.736,00000000
6601.24,26555.646,00000000
6601.25,26605.117,00000000
6601.26,26555.646,00000000
6601.27,26506.188,00000000
6601.28,26506.188,00000000
6601.29,26456.736,00000000
6601.3,26654.598,00000000
6601.31,26456.736,00000000
6601.32,26605.117,00000000
6601.33,26506.188,00000000
6601.34,26407.297,00000000
6601.35,26605.117,00000000
6601.36,26506.188,00000000
6601.37,26456.736,00000000
6601.38,26506.188,00000000
6601.39,26555.646,00000000
6601.4,26555.646,00000000
6601.41,26555.646,00000000
6601.42,26407.297,00000000
6601.43,26407.297,00000000
6601.44,26506.188,00000000
6601.45,26456.736,00000000
6601.46,26506.188,00000000
6601.47,26407.297,00000000
6601.48,26506.188,00000000
6601.49,26506.188,00000000
6601.5,26555.646,00000000
6601.51,26259.033,00000000
6601.52,26506.188,00000000
6601.53,26555.646,00000000
6601.54,26605.117,00000000
6601.55,26506.188,00000000
6601.56,26803.096,00000000
6601.57,26555.646,00000000
6601.58,26506.188,00000000
6601.59,26605.117,00000000
6601.6,26605.117,00000000
6601.61,26605.117,00000000
6601.62,26506.188,00000000
6601.63,26506.188,00000000
6601.64,26506.188,00000000
6601.65,26506.188,00000000
6601.66,26555.646,00000000
6601.67,26407.297,00000000
6601.68,26456.736,00000000
6601.69,26605.117,00000000
6601.7,26605.117,00000000
6601.71,26704.088,00000000
6601.72,26506.188,00000000
6601.73,26605.117,00000000
6601.74,26308.445,00000000
6601.75,26506.188,00000000
6601.76,26506.188,00000000
6601.77,26654.598,00000000
6601.78,26456.736,00000000
6601.79,26506.188,00000000
6601.8,26456.736,00000000
6601.81,26308.445,00000000
6601.82,26605.117,00000000
6601.83,26456.736,00000000
6601.84,26555.646,00000000
6601.85,26654.598,00000000
6601.86,26506.188,00000000
6601.87,26357.865,00000000
6601.88,26357.865,00000000
6601.89,26259.033,00000000
6601.9,26555.646,00000000
6601.91,26407.297,00000000
6601.92,26407.297,00000000
6601.93,26506.188,00000000
6601.94,26456.736,00000000
6601.95,26456.736,00000000
6601.96,26308.445,00000000
6601.97,26357.865,00000000
6601.98,26456.736,00000000
6601.99,26357.865,00000000
6602,26704.088,00000000
6602.01,26456.736,00000000
6602.02,26357.865,00000000
6602.03,26407.297,00000000
6602.04,26407.297,00000000
6602.05,26357.865,00000000
6602.06,26407.297,00000000
6602.07,26407.297,00000000
6602.08,26605.117,00000000
6602.09,26555.646,00000000
6602.1,26407.297,00000000
6602.11,26407.297,00000000
6602.12,26506.188,00000000
6602.13,26456.736,00000000
6602.14,26456.736,00000000
6602.15,26407.297,00000000
6602.16,26456.736,00000000
6602.17,26704.088,00000000
6602.18,26456.736,00000000
6602.19,26506.188,00000000
6602.2,26506.188,00000000
6602.21,26506.188,00000000
6602.22,26456.736,00000000
6602.23,26555.646,00000000
6602.24,26357.865,00000000
6602.25,26506.188,00000000
6602.26,26605.117,00000000
6602.27,26555.646,00000000
6602.28,26605.117,00000000
6602.29,26506.188,00000000
6602.3,26605.117,00000000
6602.31,26605.117,00000000
6602.32,26704.088,00000000
6602.33,26605.117,00000000
6602.34,26506.188,00000000
6602.35,26555.646,00000000
6602.36,26357.865,00000000
6602.37,26704.088,00000000
6602.38,26456.736,00000000
6602.39,26357.865,00000000
6602.4,26506.188,00000000
6602.41,26456.736,00000000
6602.42,26456.736,00000000
6602.43,26654.598,00000000
6602.44,26555.646,00000000
6602.45,26456.736,00000000
6602.46,26456.736,00000000
6602.47,26407.297,00000000
6602.48,26456.736,00000000
6602.49,26407.297,00000000
6602.5,26506.188,00000000
6602.51,26456.736,00000000
6602.52,26407.297,00000000
6602.53,26654.598,00000000
6602.54,26555.646,00000000
6602.55,26407.297,00000000
6602.56,26456.736,00000000
6602.57,26357.865,00000000
6602.58,26555.646,00000000
6602.59,26555.646,00000000
6602.6,26456.736,00000000
6602.61,26555.646,00000000
6602.62,26456.736,00000000
6602.63,26506.188,00000000
6602.64,26407.297,00000000
6602.65,26555.646,00000000
6602.66,26506.188,00000000
6602.67,26407.297,00000000
6602.68,26357.865,00000000
6602.69,26555.646,00000000
6602.7,26209.633,00000000
6602.71,26506.188,00000000
6602.72,26506.188,00000000
6602.73,26605.117,00000000
6602.74,26555.646,00000000
6602.75,26506.188,00000000
6602.76,26456.736,00000000
6602.77,26456.736,00000000
6602.78,26407.297,00000000
6602.79,26506.188,00000000
6602.8,26407.297,00000000
6602.81,26555.646,00000000
6602.82,26555.646,00000000
6602.83,26357.865,00000000
6602.84,26506.188,00000000
6602.85,26357.865,00000000
6602.86,26456.736,00000000
6602.87,26357.865,00000000
6602.88,26506.188,00000000
6602.89,26407.297,00000000
6602.9,26704.088,00000000
6602.91,26407.297,00000000
6602.92,26555.646,00000000
6602.93,26555.646,00000000
6602.94,26506.188,00000000
6602.95,26407.297,00000000
6602.96,26506.188,00000000
6602.97,26407.297,00000000
6602.98,26407.297,00000000
6602.99,26555.646,00000000
6603,26456.736,00000000
6603.01,26357.865,00000000
6603.02,26654.598,00000000
6603.03,26555.646,00000000
6603.04,26407.297,00000000
6603.05,26506.188,00000000
6603.06,26456.736,00000000
6603.07,26456.736,00000000
6603.08,26654.598,00000000
6603.09,26357.865,00000000
6603.1,26605.117,00000000
6603.11,26456.736,00000000
6603.12,26605.117,00000000
6603.13,26506.188,00000000
6603.14,26605.117,00000000
6603.15,26506.188,00000000
6603.16,26308.445,00000000
6603.17,26704.088,00000000
6603.18,26605.117,00000000
6603.19,26407.297,00000000
6603.2,26456.736,00000000
6603.21,26456.736,00000000
6603.22,26555.646,00000000
6603.23,26407.297,00000000
6603.24,26506.188,00000000
6603.25,26407.297,00000000
6603.26,26456.736,00000000
6603.27,26456.736,00000000
6603.28,26506.188,00000000
6603.29,26407.297,00000000
6603.3,26407.297,00000000
6603.31,26506.188,00000000
6603.32,26357.865,00000000
6603.33,26555.646,00000000
6603.34,26605.117,00000000
6603.35,26506.188,00000000
6603.36,26506.188,00000000
6603.37,26605.117,00000000
6603.38,26555.646,00000000
6603.39,26407.297,00000000
6603.4,26506.188,00000000
6603.41,26456.736,00000000
6603.42,26555.646,00000000
6603.43,26357.865,00000000
6603.44,26555.646,00000000
6603.45,26407.297,00000000
6603.46,26357.865,00000000
6603.47,26506.188,00000000
6603.48,26506.188,00000000
6603.49,26357.865,00000000
6603.5,26506.188,00000000
6603.51,26456.736,00000000
6603.52,26555.646,00000000
6603.53,26506.188,00000000
6603.54,26555.646,00000000
6603.55,26506.188,00000000
6603.56,26407.297,00000000
6603.57,26456.736,00000000
6603.58,26506.188,00000000
6603.59,26407.297,00000000
6603.6,26555.646,00000000
6603.61,26506.188,00000000
6603.62,26605.117,00000000
6603.63,26555.646,00000000
6603.64,26357.865,00000000
6603.65,26506.188,00000000
6603.66,26456.736,00000000
6603.67,26456.736,00000000
6603.68,26456.736,00000000
6603.69,26456.736,00000000
6603.7,26555.646,00000000
6603.71,26605.117,00000000
6603.72,26555.646,00000000
6603.73,26456.736,00000000
6603.74,26456.736,00000000
6603.75,26456.736,00000000
6603.76,26605.117,00000000
6603.77,26506.188,00000000
6603.78,26506.188,00000000
6603.79,26704.088,00000000
6603.8,26456.736,00000000
6603.81,26506.188,00000000
6603.82,26456.736,00000000
6603.83,26506.188,00000000
6603.84,26407.297,00000000
6603.85,26407.297,00000000
6603.86,26506.188,00000000
6603.87,26456.736,00000000
6603.88,26704.088,00000000
6603.89,26456.736,00000000
6603.9,26555.646,00000000
6603.91,26506.188,00000000
6603.92,26605.117,00000000
6603.93,26605.117,00000000
6603.94,26506.188,00000000
6603.95,26407.297,00000000
6603.96,26605.117,00000000
6603.97,26704.088,00000000
6603.98,26555.646,00000000
6603.99,26456.736,00000000
6604,26605.117,00000000
6604.01,26407.297,00000000
6604.02,26555.646,00000000
6604.03,26456.736,00000000
6604.04,26605.117,00000000
6604.05,26456.736,00000000
6604.06,26555.646,00000000
6604.07,26506.188,00000000
6604.08,26605.117,00000000
6604.09,26407.297,00000000
6604.1,26456.736,00000000
6604.11,26506.188,00000000
6604.12,26506.188,00000000
6604.13,26407.297,00000000
6604.14,26456.736,00000000
6604.15,26407.297,00000000
6604.16,26555.646,00000000
6604.17,26555.646,00000000
6604.18,26407.297,00000000
6604.19,26605.117,00000000
6604.2,26506.188,00000000
6604.21,26605.117,00000000
6604.22,26704.088,00000000
6604.23,26456.736,00000000
6604.24,26407.297,00000000
6604.25,26456.736,00000000
6604.26,26506.188,00000000
6604.27,26357.865,00000000
6604.28,26407.297,00000000
6604.29,26506.188,00000000
6604.3,26506.188,00000000
6604.31,26506.188,00000000
6604.32,26506.188,00000000
6604.33,26456.736,00000000
6604.34,26605.117,00000000
6604.35,26555.646,00000000
6604.36,26407.297,00000000
6604.37,26357.865,00000000
6604.38,26456.736,00000000
6604.39,26456.736,00000000
6604.4,26357.865,00000000
6604.41,26407.297,00000000
6604.42,26456.736,00000000
6604.43,26407.297,00000000
6604.44,26456.736,00000000
6604.45,26506.188,00000000
6604.46,26605.117,00000000
6604.47,26605.117,00000000
6604.48,26456.736,00000000
6604.49,26506.188,00000000
6604.5,26506.188,00000000
6604.51,26357.865,00000000
6604.52,26555.646,00000000
6604.53,26555.646,00000000
6604.54,26506.188,00000000
6604.55,26456.736,00000000
6604.56,26506.188,00000000
6604.57,26407.297,00000000
6604.58,26506.188,00000000
6604.59,26456.736,00000000
6604.6,26407.297,00000000
6604.61,26407.297,00000000
6604.62,26259.033,00000000
6604.63,26456.736,00000000
6604.64,26259.033,00000000
6604.65,26357.865,00000000
6604.66,26357.865,00000000
6604.67,26555.646,00000000
6604.68,26456.736,00000000
6604.69,26506.188,00000000
6604.7,26704.088,00000000
6604.71,26654.598,00000000
6604.72,26456.736,00000000
6604.73,26506.188,00000000
6604.74,26456.736,00000000
6604.75,26308.445,00000000
6604.76,26605.117,00000000
6604.77,26456.736,00000000
6604.78,26456.736,00000000
6604.79,26506.188,00000000
6604.8,26407.297,00000000
6604.81,26357.865,00000000
6604.82,26506.188,00000000
6604.83,26456.736,00000000
6604.84,26605.117,00000000
6604.85,26605.117,00000000
6604.86,26506.188,00000000
6604.87,26456.736,00000000
6604.88,26456.736,00000000
6604.89,26456.736,00000000
6604.9,26605.117,00000000
6604.91,26555.646,00000000
6604.92,26407.297,00000000
6604.93,26456.736,00000000
6604.94,26605.117,00000000
6604.95,26456.736,00000000
6604.96,26357.865,00000000
6604.97,26456.736,00000000
6604.98,26456.736,00000000
6604.99,26456.736,00000000
6605,26506.188,00000000
6605.01,26407.297,00000000
6605.02,26506.188,00000000
6605.03,26407.297,00000000
6605.04,26605.117,00000000
6605.05,26506.188,00000000
6605.06,26506.188,00000000
6605.07,26357.865,00000000
6605.08,26456.736,00000000
6605.09,26456.736,00000000
6605.1,26506.188,00000000
6605.11,26407.297,00000000
6605.12,26456.736,00000000
6605.13,26506.188,00000000
6605.14,26555.646,00000000
6605.15,26555.646,00000000
6605.16,26407.297,00000000
6605.17,26506.188,00000000
6605.18,26357.865,00000000
6605.19,26506.188,00000000
6605.2,26357.865,00000000
6605.21,26357.865,00000000
6605.22,26456.736,00000000
6605.23,26456.736,00000000
6605.24,26456.736,00000000
6605.25,26555.646,00000000
6605.26,26308.445,00000000
6605.27,26456.736,00000000
6605.28,26357.865,00000000
6605.29,26555.646,00000000
6605.3,26506.188,00000000
6605.31,26357.865,00000000
6605.32,26357.865,00000000
6605.33,26605.117,00000000
6605.34,26704.088,00000000
6605.35,26456.736,00000000
6605.36,26456.736,00000000
6605.37,26506.188,00000000
6605.38,26506.188,00000000
6605.39,26456.736,00000000
6605.4,26605.117,00000000
6605.41,26407.297,00000000
6605.42,26456.736,00000000
6605.43,26506.188,00000000
6605.44,26506.188,00000000
6605.45,26259.033,00000000
6605.46,26357.865,00000000
6605.47,26456.736,00000000
6605.48,26654.598,00000000
6605.49,26407.297,00000000
6605.5,26308.445,00000000
6605.51,26407.297,00000000
6605.52,26605.117,00000000
6605.53,26506.188,00000000
6605.54,26357.865,00000000
6605.55,26407.297,00000000
6605.56,26456.736,00000000
6605.57,26259.033,00000000
6605.58,26456.736,00000000
6605.59,26506.188,00000000
6605.6,26555.646,00000000
6605.61,26357.865,00000000
6605.62,26506.188,00000000
6605.63,26456.736,00000000
6605.64,26357.865,00000000
6605.65,26506.188,00000000
6605.66,26506.188,00000000
6605.67,26506.188,00000000
6605.68,26506.188,00000000
6605.69,26456.736,00000000
6605.7,26555.646,00000000
6605.71,26555.646,00000000
6605.72,26506.188,00000000
6605.73,26506.188,00000000
6605.74,26506.188,00000000
6605.75,26456.736,00000000
6605.76,26506.188,00000000
6605.77,26456.736,00000000
6605.78,26407.297,00000000
6605.79,26506.188,00000000
6605.8,26506.188,00000000
6605.81,26357.865,00000000
6605.82,26407.297,00000000
6605.83,26407.297,00000000
6605.84,26506.188,00000000
6605.85,26407.297,00000000
6605.86,26456.736,00000000
6605.87,26259.033,00000000
6605.88,26506.188,00000000
6605.89,26357.865,00000000
6605.9,26506.188,00000000
6605.91,26407.297,00000000
6605.92,26259.033,00000000
6605.93,26308.445,00000000
6605.94,26555.646,00000000
6605.95,26407.297,00000000
6605.96,26357.865,00000000
6605.97,26357.865,00000000
6605.98,26555.646,00000000
6605.99,26605.117,00000000
6606,26456.736,00000000
6606.01,26456.736,00000000
6606.02,26506.188,00000000
6606.03,26506.188,00000000
6606.04,26555.646,00000000
6606.05,26407.297,00000000
6606.06,26605.117,00000000
6606.07,26407.297,00000000
6606.08,26555.646,00000000
6606.09,26357.865,00000000
6606.1,26506.188,00000000
6606.11,26456.736,00000000
6606.12,26456.736,00000000
6606.13,26357.865,00000000
6606.14,26456.736,00000000
6606.15,26456.736,00000000
6606.16,26407.297,00000000
6606.17,26555.646,00000000
6606.18,26407.297,00000000
6606.19,26357.865,00000000
6606.2,26456.736,00000000
6606.21,26456.736,00000000
6606.22,26308.445,00000000
6606.23,26506.188,00000000
6606.24,26456.736,00000000
6606.25,26456.736,00000000
6606.26,26456.736,00000000
6606.27,26407.297,00000000
6606.28,26605.117,00000000
6606.29,26407.297,00000000
6606.3,26506.188,00000000
6606.31,26308.445,00000000
6606.32,26506.188,00000000
6606.33,26456.736,00000000
6606.34,26555.646,00000000
6606.35,26506.188,00000000
6606.36,26555.646,00000000
6606.37,26456.736,00000000
6606.38,26456.736,00000000
6606.39,26506.188,00000000
6606.4,26357.865,00000000
6606.41,26506.188,00000000
6606.42,26407.297,00000000
6606.43,26506.188,00000000
6606.44,26456.736,00000000
6606.45,26704.088,00000000
6606.46,26456.736,00000000
6606.47,26605.117,00000000
6606.48,26308.445,00000000
6606.49,26605.117,00000000
6606.5,26605.117,00000000
6606.51,26506.188,00000000
6606.52,26605.117,00000000
6606.53,26654.598,00000000
6606.54,26456.736,00000000
6606.55,26407.297,00000000
6606.56,26456.736,00000000
6606.57,26456.736,00000000
6606.58,26506.188,00000000
6606.59,26555.646,00000000
6606.6,26506.188,00000000
6606.61,26605.117,00000000
6606.62,26506.188,00000000
6606.63,26456.736,00000000
6606.64,26506.188,00000000
6606.65,26506.188,00000000
6606.66,26357.865,00000000
6606.67,26456.736,00000000
6606.68,26506.188,00000000
6606.69,26456.736,00000000
6606.7,26407.297,00000000
6606.71,26308.445,00000000
6606.72,26506.188,00000000
6606.73,26456.736,00000000
6606.74,26506.188,00000000
6606.75,26456.736,00000000
6606.76,26357.865,00000000
6606.77,26555.646,00000000
6606.78,26407.297,00000000
6606.79,26605.117,00000000
6606.8,26506.188,00000000
6606.81,26605.117,00000000
6606.82,26456.736,00000000
6606.83,26456.736,00000000
6606.84,26357.865,00000000
6606.85,26407.297,00000000
6606.86,26555.646,00000000
6606.87,26506.188,00000000
6606.88,26456.736,00000000
6606.89,26506.188,00000000
6606.9,26605.117,00000000
6606.91,26456.736,00000000
6606.92,26456.736,00000000
6606.93,26456.736,00000000
6606.94,26654.598,00000000
6606.95,26407.297,00000000
6606.96,26259.033,00000000
6606.97,26456.736,00000000
6606.98,26407.297,00000000
6606.99,26506.188,00000000
6607,26407.297,00000000
6607.01,26506.188,00000000
6607.02,26456.736,00000000
6607.03,26456.736,00000000
6607.04,26506.188,00000000
6607.05,26357.865,00000000
6607.06,26357.865,00000000
6607.07,26654.598,00000000
6607.08,26506.188,00000000
6607.09,26506.188,00000000
6607.1,26259.033,00000000
6607.11,26456.736,00000000
6607.12,26506.188,00000000
6607.13,26456.736,00000000
6607.14,26555.646,00000000
6607.15,26456.736,00000000
6607.16,26605.117,00000000
6607.17,26308.445,00000000
6607.18,26259.033,00000000
6607.19,26605.117,00000000
6607.2,26456.736,00000000
6607.21,26506.188,00000000
6607.22,26506.188,00000000
6607.23,26357.865,00000000
6607.24,26357.865,00000000
6607.25,26506.188,00000000
6607.26,26456.736,00000000
6607.27,26506.188,00000000
6607.28,26506.188,00000000
6607.29,26456.736,00000000
6607.3,26456.736,00000000
6607.31,26407.297,00000000
6607.32,26357.865,00000000
6607.33,26506.188,00000000
6607.34,26456.736,00000000
6607.35,26456.736,00000000
6607.36,26555.646,00000000
6607.37,26506.188,00000000
6607.38,26506.188,00000000
6607.39,26456.736,00000000
6607.4,26555.646,00000000
6607.41,26555.646,00000000
6607.42,26654.598,00000000
6607.43,26605.117,00000000
6607.44,26506.188,00000000
6607.45,26555.646,00000000
6607.46,26456.736,00000000
6607.47,26555.646,00000000
6607.48,26555.646,00000000
6607.49,26555.646,00000000
6607.5,26555.646,00000000
6607.51,26506.188,00000000
6607.52,26605.117,00000000
6607.53,26456.736,00000000
6607.54,26506.188,00000000
6607.55,26456.736,00000000
6607.56,26357.865,00000000
6607.57,26456.736,00000000
6607.58,26506.188,00000000
6607.59,26506.188,00000000
6607.6,26555.646,00000000
6607.61,26506.188,00000000
6607.62,26654.598,00000000
6607.63,26506.188,00000000
6607.64,26456.736,00000000
6607.65,26605.117,00000000
6607.66,26259.033,00000000
6607.67,26654.598,00000000
6607.68,26605.117,00000000
6607.69,26456.736,00000000
6607.7,26456.736,00000000
6607.71,26456.736,00000000
6607.72,26456.736,00000000
6607.73,26456.736,00000000
6607.74,26555.646,00000000
6607.75,26407.297,00000000
6607.76,26456.736,00000000
6607.77,26555.646,00000000
6607.78,26654.598,00000000
6607.79,26357.865,00000000
6607.8,26407.297,00000000
6607.81,26456.736,00000000
6607.82,26456.736,00000000
6607.83,26506.188,00000000
6607.84,26259.033,00000000
6607.85,26506.188,00000000
6607.86,26605.117,00000000
6607.87,26605.117,00000000
6607.88,26605.117,00000000
6607.89,26357.865,00000000
6607.9,26555.646,00000000
6607.91,26456.736,00000000
6607.92,26506.188,00000000
6607.93,26456.736,00000000
6607.94,26506.188,00000000
6607.95,26407.297,00000000
6607.96,26506.188,00000000
6607.97,26456.736,00000000
6607.98,26456.736,00000000
6607.99,26506.188,00000000
6608,26555.646,00000000
6608.01,26506.188,00000000
6608.02,26605.117,00000000
6608.03,26555.646,00000000
6608.04,26308.445,00000000
6608.05,26605.117,00000000
6608.06,26456.736,00000000
6608.07,26357.865,00000000
6608.08,26456.736,00000000
6608.09,26259.033,00000000
6608.1,26555.646,00000000
6608.11,26506.188,00000000
6608.12,26506.188,00000000
6608.13,26259.033,00000000
6608.14,26506.188,00000000
6608.15,26555.646,00000000
6608.16,26456.736,00000000
6608.17,26456.736,00000000
6608.18,26407.297,00000000
6608.19,26605.117,00000000
6608.2,26456.736,00000000
6608.21,26555.646,00000000
6608.22,26259.033,00000000
6608.23,26407.297,00000000
6608.24,26555.646,00000000
6608.25,26308.445,00000000
6608.26,26456.736,00000000
6608.27,26654.598,00000000
6608.28,26456.736,00000000
6608.29,26357.865,00000000
6608.3,26407.297,00000000
6608.31,26654.598,00000000
6608.32,26605.117,00000000
6608.33,26506.188,00000000
6608.34,26407.297,00000000
6608.35,26456.736,00000000
6608.36,26357.865,00000000
6608.37,26357.865,00000000
6608.38,26456.736,00000000
6608.39,26407.297,00000000
6608.4,26704.088,00000000
6608.41,26456.736,00000000
6608.42,26605.117,00000000
6608.43,26506.188,00000000
6608.44,26357.865,00000000
6608.45,26407.297,00000000
6608.46,26456.736,00000000
6608.47,26456.736,00000000
6608.48,26605.117,00000000
6608.49,26506.188,00000000
6608.5,26506.188,00000000
6608.51,26456.736,00000000
6608.52,26456.736,00000000
6608.53,26357.865,00000000
6608.54,26357.865,00000000
6608.55,26506.188,00000000
6608.56,26605.117,00000000
6608.57,26456.736,00000000
6608.58,26605.117,00000000
6608.59,26456.736,00000000
6608.6,26456.736,00000000
6608.61,26308.445,00000000
6608.62,26555.646,00000000
6608.63,26357.865,00000000
6608.64,26259.033,00000000
6608.65,26308.445,00000000
6608.66,26308.445,00000000
6608.67,26259.033,00000000
6608.68,26506.188,00000000
6608.69,26407.297,00000000
6608.7,26456.736,00000000
6608.71,26407.297,00000000
6608.72,26506.188,00000000
6608.73,26605.117,00000000
6608.74,26654.598,00000000
6608.75,26506.188,00000000
6608.76,26555.646,00000000
6608.77,26506.188,00000000
6608.78,26555.646,00000000
6608.79,26407.297,00000000
6608.8,26555.646,00000000
6608.81,26555.646,00000000
6608.82,26308.445,00000000
6608.83,26605.117,00000000
6608.84,26357.865,00000000
6608.85,26654.598,00000000
6608.86,26555.646,00000000
6608.87,26506.188,00000000
6608.88,26506.188,00000000
6608.89,26407.297,00000000
6608.9,26456.736,00000000
6608.91,26456.736,00000000
6608.92,26456.736,00000000
6608.93,26506.188,00000000
6608.94,26506.188,00000000
6608.95,26357.865,00000000
6608.96,26456.736,00000000
6608.97,26456.736,00000000
6608.98,26555.646,00000000
6608.99,26555.646,00000000
6609,26506.188,00000000
6609.01,26407.297,00000000
6609.02,26605.117,00000000
6609.03,26753.588,00000000
6609.04,26555.646,00000000
6609.05,26506.188,00000000
6609.06,26654.598,00000000
6609.07,26506.188,00000000
6609.08,26506.188,00000000
6609.09,26654.598,00000000
6609.1,26407.297,00000000
6609.11,26456.736,00000000
6609.12,26704.088,00000000
6609.13,26357.865,00000000
6609.14,26407.297,00000000
6609.15,26654.598,00000000
6609.16,26407.297,00000000
6609.17,26506.188,00000000
6609.18,26407.297,00000000
6609.19,26555.646,00000000
6609.2,26407.297,00000000
6609.21,26555.646,00000000
6609.22,26654.598,00000000
6609.23,26407.297,00000000
6609.24,26456.736,00000000
6609.25,26259.033,00000000
6609.26,26357.865,00000000
6609.27,26506.188,00000000
6609.28,26456.736,00000000
6609.29,26357.865,00000000
6609.3,26555.646,00000000
6609.31,26357.865,00000000
6609.32,26407.297,00000000
6609.33,26506.188,00000000
6609.34,26407.297,00000000
6609.35,26506.188,00000000
6609.36,26456.736,00000000
6609.37,26506.188,00000000
6609.38,26605.117,00000000
6609.39,26506.188,00000000
6609.4,26407.297,00000000
6609.41,26506.188,00000000
6609.42,26259.033,00000000
6609.43,26555.646,00000000
6609.44,26506.188,00000000
6609.45,26456.736,00000000
6609.46,26555.646,00000000
6609.47,26456.736,00000000
6609.48,26654.598,00000000
6609.49,26407.297,00000000
6609.5,26506.188,00000000
6609.51,26456.736,00000000
6609.52,26555.646,00000000
6609.53,26506.188,00000000
6609.54,26506.188,00000000
6609.55,26704.088,00000000
6609.56,26555.646,00000000
6609.57,26259.033,00000000
6609.58,26506.188,00000000
6609.59,26506.188,00000000
6609.6,26506.188,00000000
6609.61,26407.297,00000000
6609.62,26555.646,00000000
6609.63,26407.297,00000000
6609.64,26506.188,00000000
6609.65,26555.646,00000000
6609.66,26506.188,00000000
6609.67,26456.736,00000000
6609.68,26555.646,00000000
6609.69,26456.736,00000000
6609.7,26506.188,00000000
6609.71,26407.297,00000000
6609.72,26456.736,00000000
6609.73,26506.188,00000000
6609.74,26456.736,00000000
6609.75,26506.188,00000000
6609.76,26456.736,00000000
6609.77,26555.646,00000000
6609.78,26555.646,00000000
6609.79,26456.736,00000000
6609.8,26456.736,00000000
6609.81,26506.188,00000000
6609.82,26357.865,00000000
6609.83,26506.188,00000000
6609.84,26456.736,00000000
6609.85,26456.736,00000000
6609.86,26605.117,00000000
6609.87,26506.188,00000000
6609.88,26605.117,00000000
6609.89,26407.297,00000000
6609.9,26605.117,00000000
6609.91,26456.736,00000000
6609.92,26456.736,00000000
6609.93,26456.736,00000000
6609.94,26605.117,00000000
6609.95,26456.736,00000000
6609.96,26506.188,00000000
6609.97,26605.117,00000000
6609.98,26555.646,00000000
6609.99,26506.188,00000000
6610,26456.736,00000000
6610.01,26506.188,00000000
6610.02,26555.646,00000000
6610.03,26506.188,00000000
6610.04,26506.188,00000000
6610.05,26506.188,00000000
6610.06,26357.865,00000000
6610.07,26555.646,00000000
6610.08,26407.297,00000000
6610.09,26456.736,00000000
6610.1,26605.117,00000000
6610.11,26308.445,00000000
6610.12,26407.297,00000000
6610.13,26506.188,00000000
6610.14,26407.297,00000000
6610.15,26506.188,00000000
6610.16,26357.865,00000000
6610.17,26506.188,00000000
6610.18,26506.188,00000000
6610.19,26456.736,00000000
6610.2,26506.188,00000000
6610.21,26407.297,00000000
6610.22,26506.188,00000000
6610.23,26456.736,00000000
6610.24,26605.117,00000000
6610.25,26605.117,00000000
6610.26,26605.117,00000000
6610.27,26555.646,00000000
6610.28,26407.297,00000000
6610.29,26357.865,00000000
6610.3,26456.736,00000000
6610.31,26456.736,00000000
6610.32,26357.865,00000000
6610.33,26407.297,00000000
6610.34,26555.646,00000000
6610.35,26357.865,00000000
6610.36,26407.297,00000000
6610.37,26555.646,00000000
6610.38,26704.088,00000000
6610.39,26407.297,00000000
6610.4,26506.188,00000000
6610.41,26407.297,00000000
6610.42,26456.736,00000000
6610.43,26357.865,00000000
6610.44,26506.188,00000000
6610.45,26357.865,00000000
6610.46,26357.865,00000000
6610.47,26506.188,00000000
6610.48,26456.736,00000000
6610.49,26605.117,00000000
6610.5,26506.188,00000000
6610.51,26357.865,00000000
6610.52,26506.188,00000000
6610.53,26506.188,00000000
6610.54,26456.736,00000000
6610.55,26259.033,00000000
6610.56,26506.188,00000000
6610.57,26209.633,00000000
6610.58,26259.033,00000000
6610.59,26456.736,00000000
6610.6,26456.736,00000000
6610.61,26456.736,00000000
6610.62,26555.646,00000000
6610.63,26407.297,00000000
6610.64,26160.242,00000000
6610.65,26456.736,00000000
6610.66,26357.865,00000000
6610.67,26506.188,00000000
6610.68,26259.033,00000000
6610.69,26456.736,00000000
6610.7,26456.736,00000000
6610.71,26357.865,00000000
6610.72,26506.188,00000000
6610.73,26506.188,00000000
6610.74,26456.736,00000000
6610.75,26506.188,00000000
6610.76,26506.188,00000000
6610.77,26555.646,00000000
6610.78,26456.736,00000000
6610.79,26704.088,00000000
6610.8,26357.865,00000000
6610.81,26407.297,00000000
6610.82,26407.297,00000000
6610.83,26456.736,00000000
6610.84,26456.736,00000000
6610.85,26654.598,00000000
6610.86,26407.297,00000000
6610.87,26357.865,00000000
6610.88,26506.188,00000000
6610.89,26357.865,00000000
6610.9,26555.646,00000000
6610.91,26407.297,00000000
6610.92,26506.188,00000000
6610.93,26456.736,00000000
6610.94,26555.646,00000000
6610.95,26555.646,00000000
6610.96,26506.188,00000000
6610.97,26654.598,00000000
6610.98,26506.188,00000000
6610.99,26506.188,00000000
6611,26654.598,00000000
6611.01,26456.736,00000000
6611.02,26605.117,00000000
6611.03,26357.865,00000000
6611.04,26555.646,00000000
6611.05,26456.736,00000000
6611.06,26407.297,00000000
6611.07,26506.188,00000000
6611.08,26506.188,00000000
6611.09,26407.297,00000000
6611.1,26456.736,00000000
6611.11,26456.736,00000000
6611.12,26605.117,00000000
6611.13,26506.188,00000000
6611.14,26456.736,00000000
6611.15,26605.117,00000000
6611.16,26506.188,00000000
6611.17,26456.736,00000000
6611.18,26605.117,00000000
6611.19,26555.646,00000000
6611.2,26456.736,00000000
6611.21,26605.117,00000000
6611.22,26407.297,00000000
6611.23,26456.736,00000000
6611.24,26704.088,00000000
6611.25,26456.736,00000000
6611.26,26456.736,00000000
6611.27,26456.736,00000000
6611.28,26456.736,00000000
6611.29,26407.297,00000000
6611.3,26506.188,00000000
6611.31,26555.646,00000000
6611.32,26259.033,00000000
6611.33,26456.736,00000000
6611.34,26506.188,00000000
6611.35,26506.188,00000000
6611.36,26506.188,00000000
6611.37,26506.188,00000000
6611.38,26456.736,00000000
6611.39,26654.598,00000000
6611.4,26654.598,00000000
6611.41,26456.736,00000000
6611.42,26803.096,00000000
6611.43,26456.736,00000000
6611.44,26605.117,00000000
6611.45,26555.646,00000000
6611.46,26506.188,00000000
6611.47,26456.736,00000000
6611.48,26357.865,00000000
6611.49,26506.188,00000000
6611.5,26506.188,00000000
6611.51,26555.646,00000000
6611.52,26654.598,00000000
6611.53,26605.117,00000000
6611.54,26456.736,00000000
6611.55,26456.736,00000000
6611.56,26456.736,00000000
6611.57,26407.297,00000000
6611.58,26456.736,00000000
6611.59,26605.117,00000000
6611.6,26654.598,00000000
6611.61,26407.297,00000000
6611.62,26456.736,00000000
6611.63,26456.736,00000000
6611.64,26456.736,00000000
6611.65,26506.188,00000000
6611.66,26407.297,00000000
6611.67,26506.188,00000000
6611.68,26259.033,00000000
6611.69,26506.188,00000000
6611.7,26407.297,00000000
6611.71,26555.646,00000000
6611.72,26357.865,00000000
6611.73,26506.188,00000000
6611.74,26506.188,00000000
6611.75,26555.646,00000000
6611.76,26506.188,00000000
6611.77,26555.646,00000000
6611.78,26506.188,00000000
6611.79,26555.646,00000000
6611.8,26456.736,00000000
6611.81,26407.297,00000000
6611.82,26555.646,00000000
6611.83,26308.445,00000000
6611.84,26506.188,00000000
6611.85,26456.736,00000000
6611.86,26456.736,00000000
6611.87,26506.188,00000000
6611.88,26308.445,00000000
6611.89,26506.188,00000000
6611.9,26506.188,00000000
6611.91,26456.736,00000000
6611.92,26555.646,00000000
6611.93,26456.736,00000000
6611.94,26605.117,00000000
6611.95,26456.736,00000000
6611.96,26555.646,00000000
6611.97,26456.736,00000000
6611.98,26555.646,00000000
6611.99,26407.297,00000000
6612,26506.188,00000000
6612.01,26555.646,00000000
6612.02,26555.646,00000000
6612.03,26506.188,00000000
6612.04,26407.297,00000000
6612.05,26506.188,00000000
6612.06,26506.188,00000000
6612.07,26456.736,00000000
6612.08,26456.736,00000000
6612.09,26407.297,00000000
6612.1,26407.297,00000000
6612.11,26555.646,00000000
6612.12,26605.117,00000000
6612.13,26506.188,00000000
6612.14,26407.297,00000000
6612.15,26456.736,00000000
6612.16,26357.865,00000000
6612.17,26456.736,00000000
6612.18,26506.188,00000000
6612.19,26407.297,00000000
6612.2,26506.188,00000000
6612.21,26506.188,00000000
6612.22,26456.736,00000000
6612.23,26555.646,00000000
6612.24,26456.736,00000000
6612.25,26456.736,00000000
6612.26,26456.736,00000000
6612.27,26704.088,00000000
6612.28,26506.188,00000000
6612.29,26506.188,00000000
6612.3,26456.736,00000000
6612.31,26506.188,00000000
6612.32,26605.117,00000000
6612.33,26456.736,00000000
6612.34,26407.297,00000000
6612.35,26456.736,00000000
6612.36,26506.188,00000000
6612.37,26605.117,00000000
6612.38,26456.736,00000000
6612.39,26456.736,00000000
6612.4,26357.865,00000000
6612.41,26555.646,00000000
6612.42,26506.188,00000000
6612.43,26357.865,00000000
6612.44,26407.297,00000000
6612.45,26555.646,00000000
6612.46,26654.598,00000000
6612.47,26506.188,00000000
6612.48,26506.188,00000000
6612.49,26456.736,00000000
6612.5,26506.188,00000000
6612.51,26605.117,00000000
6612.52,26555.646,00000000
6612.53,26456.736,00000000
6612.54,26605.117,00000000
6612.55,26555.646,00000000
6612.56,26407.297,00000000
6612.57,26407.297,00000000
6612.58,26506.188,00000000
6612.59,26704.088,00000000
6612.6,26506.188,00000000
6612.61,26605.117,00000000
6612.62,26456.736,00000000
6612.63,26456.736,00000000
6612.64,26407.297,00000000
6612.65,26506.188,00000000
6612.66,26605.117,00000000
6612.67,26259.033,00000000
6612.68,26605.117,00000000
6612.69,26407.297,00000000
6612.7,26308.445,00000000
6612.71,26456.736,00000000
6612.72,26357.865,00000000
6612.73,26456.736,00000000
6612.74,26506.188,00000000
6612.75,26555.646,00000000
6612.76,26506.188,00000000
6612.77,26456.736,00000000
6612.78,26357.865,00000000
6612.79,26605.117,00000000
6612.8,26407.297,00000000
6612.81,26456.736,00000000
6612.82,26506.188,00000000
6612.83,26506.188,00000000
6612.84,26357.865,00000000
6612.85,26506.188,00000000
6612.86,26407.297,00000000
6612.87,26605.117,00000000
6612.88,26506.188,00000000
6612.89,26456.736,00000000
6612.9,26456.736,00000000
6612.91,26506.188,00000000
6612.92,26506.188,00000000
6612.93,26654.598,00000000
6612.94,26456.736,00000000
6612.95,26506.188,00000000
6612.96,26605.117,00000000
6612.97,26506.188,00000000
6612.98,26506.188,00000000
6612.99,26456.736,00000000
6613,26407.297,00000000
6613.01,26506.188,00000000
6613.02,26456.736,00000000
6613.03,26506.188,00000000
6613.04,26555.646,00000000
6613.05,26555.646,00000000
6613.06,26506.188,00000000
6613.07,26555.646,00000000
6613.08,26654.598,00000000
6613.09,26407.297,00000000
6613.1,26605.117,00000000
6613.11,26555.646,00000000
6613.12,26506.188,00000000
6613.13,26555.646,00000000
6613.14,26407.297,00000000
6613.15,26605.117,00000000
6613.16,26456.736,00000000
6613.17,26407.297,00000000
6613.18,26654.598,00000000
6613.19,26456.736,00000000
6613.2,26704.088,00000000
6613.21,26407.297,00000000
6613.22,26407.297,00000000
6613.23,26555.646,00000000
6613.24,26456.736,00000000
6613.25,26555.646,00000000
6613.26,26456.736,00000000
6613.27,26357.865,00000000
6613.28,26407.297,00000000
6613.29,26456.736,00000000
6613.3,26357.865,00000000
6613.31,26456.736,00000000
6613.32,26605.117,00000000
6613.33,26407.297,00000000
6613.34,26654.598,00000000
6613.35,26456.736,00000000
6613.36,26555.646,00000000
6613.37,26555.646,00000000
6613.38,26456.736,00000000
6613.39,26456.736,00000000
6613.4,26506.188,00000000
6613.41,26407.297,00000000
6613.42,26704.088,00000000
6613.43,26605.117,00000000
6613.44,26555.646,00000000
6613.45,26605.117,00000000
6613.46,26456.736,00000000
6613.47,26456.736,00000000
6613.48,26555.646,00000000
6613.49,26456.736,00000000
6613.5,26506.188,00000000
6613.51,26357.865,00000000
6613.52,26555.646,00000000
6613.53,26506.188,00000000
6613.54,26605.117,00000000
6613.55,26605.117,00000000
6613.56,26456.736,00000000
6613.57,26456.736,00000000
6613.58,26407.297,00000000
6613.59,26407.297,00000000
6613.6,26407.297,00000000
6613.61,26407.297,00000000
6613.62,26506.188,00000000
6613.63,26506.188,00000000
6613.64,26407.297,00000000
6613.65,26506.188,00000000
6613.66,26407.297,00000000
6613.67,26456.736,00000000
6613.68,26456.736,00000000
6613.69,26506.188,00000000
6613.7,26506.188,00000000
6613.71,26654.598,00000000
6613.72,26555.646,00000000
6613.73,26506.188,00000000
6613.74,26357.865,00000000
6613.75,26357.865,00000000
6613.76,26555.646,00000000
6613.77,26506.188,00000000
6613.78,26407.297,00000000
6613.79,26555.646,00000000
6613.8,26259.033,00000000
6613.81,26654.598,00000000
6613.82,26605.117,00000000
6613.83,26654.598,00000000
6613.84,26605.117,00000000
6613.85,26407.297,00000000
6613.86,26506.188,00000000
6613.87,26555.646,00000000
6613.88,26753.588,00000000
6613.89,26605.117,00000000
6613.9,26357.865,00000000
6613.91,26506.188,00000000
6613.92,26555.646,00000000
6613.93,26308.445,00000000
6613.94,26555.646,00000000
6613.95,26456.736,00000000
6613.96,26555.646,00000000
6613.97,26555.646,00000000
6613.98,26456.736,00000000
6613.99,26357.865,00000000
6614,26506.188,00000000
6614.01,26456.736,00000000
6614.02,26506.188,00000000
6614.03,26456.736,00000000
6614.04,26506.188,00000000
6614.05,26506.188,00000000
6614.06,26555.646,00000000
6614.07,26555.646,00000000
6614.08,26456.736,00000000
6614.09,26555.646,00000000
6614.1,26555.646,00000000
6614.11,26555.646,00000000
6614.12,26704.088,00000000
6614.13,26704.088,00000000
6614.14,26456.736,00000000
6614.15,26407.297,00000000
6614.16,26605.117,00000000
6614.17,26555.646,00000000
6614.18,26407.297,00000000
6614.19,26456.736,00000000
6614.2,26308.445,00000000
6614.21,26357.865,00000000
6614.22,26456.736,00000000
6614.23,26506.188,00000000
6614.24,26555.646,00000000
6614.25,26506.188,00000000
6614.26,26555.646,00000000
6614.27,26456.736,00000000
6614.28,26456.736,00000000
6614.29,26555.646,00000000
6614.3,26456.736,00000000
6614.31,26456.736,00000000
6614.32,26654.598,00000000
6614.33,26357.865,00000000
6614.34,26555.646,00000000
6614.35,26456.736,00000000
6614.36,26555.646,00000000
6614.37,26555.646,00000000
6614.38,26605.117,00000000
6614.39,26506.188,00000000
6614.4,26605.117,00000000
6614.41,26456.736,00000000
6614.42,26456.736,00000000
6614.43,26357.865,00000000
6614.44,26456.736,00000000
6614.45,26555.646,00000000
6614.46,26407.297,00000000
6614.47,26456.736,00000000
6614.48,26456.736,00000000
6614.49,26506.188,00000000
6614.5,26506.188,00000000
6614.51,26506.188,00000000
6614.52,26456.736,00000000
6614.53,26654.598,00000000
6614.54,26506.188,00000000
6614.55,26555.646,00000000
6614.56,26605.117,00000000
6614.57,26605.117,00000000
6614.58,26456.736,00000000
6614.59,26456.736,00000000
6614.6,26456.736,00000000
6614.61,26704.088,00000000
6614.62,26407.297,00000000
6614.63,26456.736,00000000
6614.64,26456.736,00000000
6614.65,26704.088,00000000
6614.66,26357.865,00000000
6614.67,26555.646,00000000
6614.68,26506.188,00000000
6614.69,26555.646,00000000
6614.7,26407.297,00000000
6614.71,26506.188,00000000
6614.72,26456.736,00000000
6614.73,26259.033,00000000
6614.74,26555.646,00000000
6614.75,26456.736,00000000
6614.76,26704.088,00000000
6614.77,26555.646,00000000
6614.78,26456.736,00000000
6614.79,26456.736,00000000
6614.8,26506.188,00000000
6614.81,26654.598,00000000
6614.82,26456.736,00000000
6614.83,26555.646,00000000
6614.84,26456.736,00000000
6614.85,26456.736,00000000
6614.86,26704.088,00000000
6614.87,26456.736,00000000
6614.88,26357.865,00000000
6614.89,26506.188,00000000
6614.9,26555.646,00000000
6614.91,26506.188,00000000
6614.92,26704.088,00000000
6614.93,26506.188,00000000
6614.94,26456.736,00000000
6614.95,26456.736,00000000
6614.96,26506.188,00000000
6614.97,26555.646,00000000
6614.98,26555.646,00000000
6614.99,26605.117,00000000
6615,26506.188,00000000
6615.01,26456.736,00000000
6615.02,26654.598,00000000
6615.03,26704.088,00000000
6615.04,26555.646,00000000
6615.05,26555.646,00000000
6615.06,26456.736,00000000
6615.07,26456.736,00000000
6615.08,26506.188,00000000
6615.09,26704.088,00000000
6615.1,26555.646,00000000
6615.11,26506.188,00000000
6615.12,26555.646,00000000
6615.13,26555.646,00000000
6615.14,26704.088,00000000
6615.15,26456.736,00000000
6615.16,26704.088,00000000
6615.17,26605.117,00000000
6615.18,26506.188,00000000
6615.19,26456.736,00000000
6615.2,26605.117,00000000
6615.21,26555.646,00000000
6615.22,26456.736,00000000
6615.23,26456.736,00000000
6615.24,26456.736,00000000
6615.25,26506.188,00000000
6615.26,26555.646,00000000
6615.27,26456.736,00000000
6615.28,26506.188,00000000
6615.29,26456.736,00000000
6615.3,26506.188,00000000
6615.31,26506.188,00000000
6615.32,26605.117,00000000
6615.33,26555.646,00000000
6615.34,26704.088,00000000
6615.35,26555.646,00000000
6615.36,26506.188,00000000
6615.37,26654.598,00000000
6615.38,26555.646,00000000
6615.39,26456.736,00000000
6615.4,26456.736,00000000
6615.41,26555.646,00000000
6615.42,26456.736,00000000
6615.43,26456.736,00000000
6615.44,26456.736,00000000
6615.45,26605.117,00000000
6615.46,26704.088,00000000
6615.47,26704.088,00000000
6615.48,26555.646,00000000
6615.49,26259.033,00000000
6615.5,26456.736,00000000
6615.51,26456.736,00000000
6615.52,26555.646,00000000
6615.53,26506.188,00000000
6615.54,26555.646,00000000
6615.55,26456.736,00000000
6615.56,26456.736,00000000
6615.57,26456.736,00000000
6615.58,26456.736,00000000
6615.59,26456.736,00000000
6615.6,26308.445,00000000
6615.61,26555.646,00000000
6615.62,26506.188,00000000
6615.63,26506.188,00000000
6615.64,26357.865,00000000
6615.65,26605.117,00000000
6615.66,26456.736,00000000
6615.67,26407.297,00000000
6615.68,26456.736,00000000
6615.69,26456.736,00000000
6615.7,26555.646,00000000
6615.71,26357.865,00000000
6615.72,26506.188,00000000
6615.73,26555.646,00000000
6615.74,26555.646,00000000
6615.75,26259.033,00000000
6615.76,26555.646,00000000
6615.77,26506.188,00000000
6615.78,26506.188,00000000
6615.79,26456.736,00000000
6615.8,26605.117,00000000
6615.81,26654.598,00000000
6615.82,26506.188,00000000
6615.83,26456.736,00000000
6615.84,26555.646,00000000
6615.85,26456.736,00000000
6615.86,26357.865,00000000
6615.87,26357.865,00000000
6615.88,26654.598,00000000
6615.89,26407.297,00000000
6615.9,26555.646,00000000
6615.91,26456.736,00000000
6615.92,26506.188,00000000
6615.93,26506.188,00000000
6615.94,26605.117,00000000
6615.95,26407.297,00000000
6615.96,26456.736,00000000
6615.97,26605.117,00000000
6615.98,26605.117,00000000
6615.99,26456.736,00000000
6616,26456.736,00000000
6616.01,26654.598,00000000
6616.02,26555.646,00000000
6616.03,26456.736,00000000
6616.04,26456.736,00000000
6616.05,26555.646,00000000
6616.06,26456.736,00000000
6616.07,26407.297,00000000
6616.08,26456.736,00000000
6616.09,26555.646,00000000
6616.1,26357.865,00000000
6616.11,26555.646,00000000
6616.12,26506.188,00000000
6616.13,26605.117,00000000
6616.14,26357.865,00000000
6616.15,26555.646,00000000
6616.16,26555.646,00000000
6616.17,26259.033,00000000
6616.18,26506.188,00000000
6616.19,26704.088,00000000
6616.2,26456.736,00000000
6616.21,26357.865,00000000
6616.22,26654.598,00000000
6616.23,26555.646,00000000
6616.24,26506.188,00000000
6616.25,26605.117,00000000
6616.26,26605.117,00000000
6616.27,26605.117,00000000
6616.28,26555.646,00000000
6616.29,26555.646,00000000
6616.3,26456.736,00000000
6616.31,26555.646,00000000
6616.32,26605.117,00000000
6616.33,26308.445,00000000
6616.34,26654.598,00000000
6616.35,26456.736,00000000
6616.36,26456.736,00000000
6616.37,26555.646,00000000
6616.38,26654.598,00000000
6616.39,26506.188,00000000
6616.4,26605.117,00000000
6616.41,26407.297,00000000
6616.42,26506.188,00000000
6616.43,26605.117,00000000
6616.44,26555.646,00000000
6616.45,26407.297,00000000
6616.46,26456.736,00000000
6616.47,26605.117,00000000
6616.48,26605.117,00000000
6616.49,26605.117,00000000
6616.5,26605.117,00000000
6616.51,26605.117,00000000
6616.52,26704.088,00000000
6616.53,26555.646,00000000
6616.54,26506.188,00000000
6616.55,26506.188,00000000
6616.56,26605.117,00000000
6616.57,26704.088,00000000
6616.58,26506.188,00000000
6616.59,26555.646,00000000
6616.6,26506.188,00000000
6616.61,26605.117,00000000
6616.62,26357.865,00000000
6616.63,26456.736,00000000
6616.64,26605.117,00000000
6616.65,26506.188,00000000
6616.66,26456.736,00000000
6616.67,26605.117,00000000
6616.68,26456.736,00000000
6616.69,26555.646,00000000
6616.7,26456.736,00000000
6616.71,26654.598,00000000
6616.72,26407.297,00000000
6616.73,26654.598,00000000
6616.74,26456.736,00000000
6616.75,26704.088,00000000
6616.76,26456.736,00000000
6616.77,26555.646,00000000
6616.78,26605.117,00000000
6616.79,26605.117,00000000
6616.8,26555.646,00000000
6616.81,26704.088,00000000
6616.82,26456.736,00000000
6616.83,26555.646,00000000
6616.84,26605.117,00000000
6616.85,26605.117,00000000
6616.86,26506.188,00000000
6616.87,26456.736,00000000
6616.88,26456.736,00000000
6616.89,26506.188,00000000
6616.9,26555.646,00000000
6616.91,26407.297,00000000
6616.92,26605.117,00000000
6616.93,26605.117,00000000
6616.94,26456.736,00000000
6616.95,26456.736,00000000
6616.96,26506.188,00000000
6616.97,26506.188,00000000
6616.98,26456.736,00000000
6616.99,26456.736,00000000
6617,26605.117,00000000
6617.01,26555.646,00000000
6617.02,26506.188,00000000
6617.03,26506.188,00000000
6617.04,26506.188,00000000
6617.05,26605.117,00000000
6617.06,26605.117,00000000
6617.07,26555.646,00000000
6617.08,26555.646,00000000
6617.09,26357.865,00000000
6617.1,26407.297,00000000
6617.11,26456.736,00000000
6617.12,26407.297,00000000
6617.13,26506.188,00000000
6617.14,26357.865,00000000
6617.15,26506.188,00000000
6617.16,26308.445,00000000
6617.17,26555.646,00000000
6617.18,26506.188,00000000
6617.19,26555.646,00000000
6617.2,26555.646,00000000
6617.21,26456.736,00000000
6617.22,26456.736,00000000
6617.23,26456.736,00000000
6617.24,26506.188,00000000
6617.25,26357.865,00000000
6617.26,26407.297,00000000
6617.27,26506.188,00000000
6617.28,26456.736,00000000
6617.29,26555.646,00000000
6617.3,26407.297,00000000
6617.31,26456.736,00000000
6617.32,26357.865,00000000
6617.33,26555.646,00000000
6617.34,26456.736,00000000
6617.35,26506.188,00000000
6617.36,26506.188,00000000
6617.37,26506.188,00000000
6617.38,26506.188,00000000
6617.39,26605.117,00000000
6617.4,26407.297,00000000
6617.41,26803.096,00000000
6617.42,26555.646,00000000
6617.43,26555.646,00000000
6617.44,26407.297,00000000
6617.45,26605.117,00000000
6617.46,26456.736,00000000
6617.47,26555.646,00000000
6617.48,26555.646,00000000
6617.49,26506.188,00000000
6617.5,26555.646,00000000
6617.51,26605.117,00000000
6617.52,26555.646,00000000
6617.53,26555.646,00000000
6617.54,26654.598,00000000
6617.55,26605.117,00000000
6617.56,26605.117,00000000
6617.57,26654.598,00000000
6617.58,26654.598,00000000
6617.59,26555.646,00000000
6617.6,26605.117,00000000
6617.61,26456.736,00000000
6617.62,26456.736,00000000
6617.63,26506.188,00000000
6617.64,26506.188,00000000
6617.65,26555.646,00000000
6617.66,26605.117,00000000
6617.67,26506.188,00000000
6617.68,26605.117,00000000
6617.69,26704.088,00000000
6617.7,26456.736,00000000
6617.71,26605.117,00000000
6617.72,26605.117,00000000
6617.73,26555.646,00000000
6617.74,26654.598,00000000
6617.75,26506.188,00000000
6617.76,26555.646,00000000
6617.77,26555.646,00000000
6617.78,26456.736,00000000
6617.79,26704.088,00000000
6617.8,26407.297,00000000
6617.81,26456.736,00000000
6617.82,26605.117,00000000
6617.83,26506.188,00000000
6617.84,26605.117,00000000
6617.85,26605.117,00000000
6617.86,26407.297,00000000
6617.87,26654.598,00000000
6617.88,26506.188,00000000
6617.89,26555.646,00000000
6617.9,26555.646,00000000
6617.91,26506.188,00000000
6617.92,26456.736,00000000
6617.93,26605.117,00000000
6617.94,26555.646,00000000
6617.95,26357.865,00000000
6617.96,26704.088,00000000
6617.97,26555.646,00000000
6617.98,26506.188,00000000
6617.99,26506.188,00000000
6618,26555.646,00000000
6618.01,26456.736,00000000
6618.02,26654.598,00000000
6618.03,26506.188,00000000
6618.04,26555.646,00000000
6618.05,26506.188,00000000
6618.06,26605.117,00000000
6618.07,26407.297,00000000
6618.08,26555.646,00000000
6618.09,26555.646,00000000
6618.1,26506.188,00000000
6618.11,26308.445,00000000
6618.12,26407.297,00000000
6618.13,26506.188,00000000
6618.14,26506.188,00000000
6618.15,26506.188,00000000
6618.16,26456.736,00000000
6618.17,26456.736,00000000
6618.18,26456.736,00000000
6618.19,26456.736,00000000
6618.2,26357.865,00000000
6618.21,26555.646,00000000
6618.22,26506.188,00000000
6618.23,26555.646,00000000
6618.24,26555.646,00000000
6618.25,26605.117,00000000
6618.26,26506.188,00000000
6618.27,26654.598,00000000
6618.28,26605.117,00000000
6618.29,26555.646,00000000
6618.3,26555.646,00000000
6618.31,26555.646,00000000
6618.32,26555.646,00000000
6618.33,26407.297,00000000
6618.34,26555.646,00000000
6618.35,26456.736,00000000
6618.36,26506.188,00000000
6618.37,26555.646,00000000
6618.38,26555.646,00000000
6618.39,26605.117,00000000
6618.4,26605.117,00000000
6618.41,26456.736,00000000
6618.42,26456.736,00000000
6618.43,26357.865,00000000
6618.44,26456.736,00000000
6618.45,26654.598,00000000
6618.46,26456.736,00000000
6618.47,26555.646,00000000
6618.48,26605.117,00000000
6618.49,26506.188,00000000
6618.5,26456.736,00000000
6618.51,26456.736,00000000
6618.52,26506.188,00000000
6618.53,26456.736,00000000
6618.54,26456.736,00000000
6618.55,26456.736,00000000
6618.56,26407.297,00000000
6618.57,26456.736,00000000
6618.58,26654.598,00000000
6618.59,26357.865,00000000
6618.6,26704.088,00000000
6618.61,26456.736,00000000
6618.62,26605.117,00000000
6618.63,26506.188,00000000
6618.64,26407.297,00000000
6618.65,26555.646,00000000
6618.66,26456.736,00000000
6618.67,26407.297,00000000
6618.68,26506.188,00000000
6618.69,26605.117,00000000
6618.7,26357.865,00000000
6618.71,26555.646,00000000
6618.72,26506.188,00000000
6618.73,26704.088,00000000
6618.74,26506.188,00000000
6618.75,26605.117,00000000
6618.76,26407.297,00000000
6618.77,26506.188,00000000
6618.78,26605.117,00000000
6618.79,26407.297,00000000
6618.8,26555.646,00000000
6618.81,26704.088,00000000
6618.82,26407.297,00000000
6618.83,26506.188,00000000
6618.84,26456.736,00000000
6618.85,26555.646,00000000
6618.86,26555.646,00000000
6618.87,26456.736,00000000
6618.88,26506.188,00000000
6618.89,26259.033,00000000
6618.9,26555.646,00000000
6618.91,26407.297,00000000
6618.92,26456.736,00000000
6618.93,26407.297,00000000
6618.94,26456.736,00000000
6618.95,26605.117,00000000
6618.96,26456.736,00000000
6618.97,26506.188,00000000
6618.98,26605.117,00000000
6618.99,26704.088,00000000
6619,26506.188,00000000
6619.01,26605.117,00000000
6619.02,26506.188,00000000
6619.03,26605.117,00000000
6619.04,26555.646,00000000
6619.05,26407.297,00000000
6619.06,26456.736,00000000
6619.07,26555.646,00000000
6619.08,26456.736,00000000
6619.09,26456.736,00000000
6619.1,26407.297,00000000
6619.11,26555.646,00000000
6619.12,26407.297,00000000
6619.13,26555.646,00000000
6619.14,26357.865,00000000
6619.15,26555.646,00000000
6619.16,26456.736,00000000
6619.17,26407.297,00000000
6619.18,26506.188,00000000
6619.19,26456.736,00000000
6619.2,26555.646,00000000
6619.21,26506.188,00000000
6619.22,26506.188,00000000
6619.23,26456.736,00000000
6619.24,26506.188,00000000
6619.25,26456.736,00000000
6619.26,26555.646,00000000
6619.27,26456.736,00000000
6619.28,26506.188,00000000
6619.29,26506.188,00000000
6619.3,26456.736,00000000
6619.31,26506.188,00000000
6619.32,26555.646,00000000
6619.33,26456.736,00000000
6619.34,26605.117,00000000
6619.35,26605.117,00000000
6619.36,26555.646,00000000
6619.37,26605.117,00000000
6619.38,26704.088,00000000
6619.39,26357.865,00000000
6619.4,26555.646,00000000
6619.41,26605.117,00000000
6619.42,26259.033,00000000
6619.43,26506.188,00000000
6619.44,26555.646,00000000
6619.45,26407.297,00000000
6619.46,26704.088,00000000
6619.47,26654.598,00000000
6619.48,26704.088,00000000
6619.49,26506.188,00000000
6619.5,26555.646,00000000
6619.51,26555.646,00000000
6619.52,26456.736,00000000
6619.53,26605.117,00000000
6619.54,26555.646,00000000
6619.55,26506.188,00000000
6619.56,26555.646,00000000
6619.57,26555.646,00000000
6619.58,26555.646,00000000
6619.59,26506.188,00000000
6619.6,26407.297,00000000
6619.61,26506.188,00000000
6619.62,26456.736,00000000
6619.63,26357.865,00000000
6619.64,26407.297,00000000
6619.65,26605.117,00000000
6619.66,26555.646,00000000
6619.67,26605.117,00000000
6619.68,26456.736,00000000
6619.69,26704.088,00000000
6619.7,26357.865,00000000
6619.71,26704.088,00000000
6619.72,26506.188,00000000
6619.73,26506.188,00000000
6619.74,26753.588,00000000
6619.75,26506.188,00000000
6619.76,26456.736,00000000
6619.77,26456.736,00000000
6619.78,26407.297,00000000
6619.79,26456.736,00000000
6619.8,26506.188,00000000
6619.81,26456.736,00000000
6619.82,26506.188,00000000
6619.83,26555.646,00000000
6619.84,26506.188,00000000
6619.85,26605.117,00000000
6619.86,26555.646,00000000
6619.87,26456.736,00000000
6619.88,26654.598,00000000
6619.89,26407.297,00000000
6619.9,26605.117,00000000
6619.91,26506.188,00000000
6619.92,26605.117,00000000
6619.93,26357.865,00000000
6619.94,26506.188,00000000
6619.95,26456.736,00000000
6619.96,26456.736,00000000
6619.97,26506.188,00000000
6619.98,26506.188,00000000
6619.99,26704.088,00000000
6620,26456.736,00000000
6620.01,26555.646,00000000
6620.02,26605.117,00000000
6620.03,26555.646,00000000
6620.04,26555.646,00000000
6620.05,26456.736,00000000
6620.06,26407.297,00000000
6620.07,26555.646,00000000
6620.08,26506.188,00000000
6620.09,26506.188,00000000
6620.1,26605.117,00000000
6620.11,26456.736,00000000
6620.12,26506.188,00000000
6620.13,26456.736,00000000
6620.14,26407.297,00000000
6620.15,26456.736,00000000
6620.16,26555.646,00000000
6620.17,26456.736,00000000
6620.18,26456.736,00000000
6620.19,26506.188,00000000
6620.2,26407.297,00000000
6620.21,26357.865,00000000
6620.22,26704.088,00000000
6620.23,26456.736,00000000
6620.24,26654.598,00000000
6620.25,26704.088,00000000
6620.26,26704.088,00000000
6620.27,26506.188,00000000
6620.28,26506.188,00000000
6620.29,26407.297,00000000
6620.3,26555.646,00000000
6620.31,26506.188,00000000
6620.32,26506.188,00000000
6620.33,26555.646,00000000
6620.34,26555.646,00000000
6620.35,26506.188,00000000
6620.36,26506.188,00000000
6620.37,26555.646,00000000
6620.38,26506.188,00000000
6620.39,26308.445,00000000
6620.4,26555.646,00000000
6620.41,26506.188,00000000
6620.42,26407.297,00000000
6620.43,26605.117,00000000
6620.44,26506.188,00000000
6620.45,26407.297,00000000
6620.46,26555.646,00000000
6620.47,26555.646,00000000
6620.48,26555.646,00000000
6620.49,26407.297,00000000
6620.5,26456.736,00000000
6620.51,26506.188,00000000
6620.52,26555.646,00000000
6620.53,26456.736,00000000
6620.54,26506.188,00000000
6620.55,26605.117,00000000
6620.56,26555.646,00000000
6620.57,26555.646,00000000
6620.58,26456.736,00000000
6620.59,26506.188,00000000
6620.6,26456.736,00000000
6620.61,26605.117,00000000
6620.62,26456.736,00000000
6620.63,26456.736,00000000
6620.64,26357.865,00000000
6620.65,26555.646,00000000
6620.66,26308.445,00000000
6620.67,26555.646,00000000
6620.68,26456.736,00000000
6620.69,26605.117,00000000
6620.7,26555.646,00000000
6620.71,26506.188,00000000
6620.72,26555.646,00000000
6620.73,26357.865,00000000
6620.74,26456.736,00000000
6620.75,26456.736,00000000
6620.76,26506.188,00000000
6620.77,26506.188,00000000
6620.78,26605.117,00000000
6620.79,26407.297,00000000
6620.8,26456.736,00000000
6620.81,26506.188,00000000
6620.82,26456.736,00000000
6620.83,26456.736,00000000
6620.84,26605.117,00000000
6620.85,26704.088,00000000
6620.86,26605.117,00000000
6620.87,26456.736,00000000
6620.88,26456.736,00000000
6620.89,26605.117,00000000
6620.9,26456.736,00000000
6620.91,26357.865,00000000
6620.92,26555.646,00000000
6620.93,26506.188,00000000
6620.94,26605.117,00000000
6620.95,26555.646,00000000
6620.96,26704.088,00000000
6620.97,26605.117,00000000
6620.98,26605.117,00000000
6620.99,26357.865,00000000
6621,26605.117,00000000
6621.01,26456.736,00000000
6621.02,26605.117,00000000
6621.03,26456.736,00000000
6621.04,26605.117,00000000
6621.05,26407.297,00000000
6621.06,26555.646,00000000
6621.07,26506.188,00000000
6621.08,26506.188,00000000
6621.09,26506.188,00000000
6621.1,26654.598,00000000
6621.11,26555.646,00000000
6621.12,26605.117,00000000
6621.13,26456.736,00000000
6621.14,26506.188,00000000
6621.15,26555.646,00000000
6621.16,26506.188,00000000
6621.17,26555.646,00000000
6621.18,26654.598,00000000
6621.19,26456.736,00000000
6621.2,26407.297,00000000
6621.21,26506.188,00000000
6621.22,26555.646,00000000
6621.23,26456.736,00000000
6621.24,26605.117,00000000
6621.25,26456.736,00000000
6621.26,26407.297,00000000
6621.27,26605.117,00000000
6621.28,26456.736,00000000
6621.29,26506.188,00000000
6621.3,26456.736,00000000
6621.31,26803.096,00000000
6621.32,26605.117,00000000
6621.33,26506.188,00000000
6621.34,26605.117,00000000
6621.35,26555.646,00000000
6621.36,26605.117,00000000
6621.37,26456.736,00000000
6621.38,26506.188,00000000
6621.39,26308.445,00000000
6621.4,26506.188,00000000
6621.41,26506.188,00000000
6621.42,26506.188,00000000
6621.43,26506.188,00000000
6621.44,26407.297,00000000
6621.45,26506.188,00000000
6621.46,26407.297,00000000
6621.47,26506.188,00000000
6621.48,26605.117,00000000
6621.49,26506.188,00000000
6621.5,26555.646,00000000
6621.51,26407.297,00000000
6621.52,26555.646,00000000
6621.53,26456.736,00000000
6621.54,26506.188,00000000
6621.55,26456.736,00000000
6621.56,26506.188,00000000
6621.57,26259.033,00000000
6621.58,26555.646,00000000
6621.59,26605.117,00000000
6621.6,26605.117,00000000
6621.61,26704.088,00000000
6621.62,26555.646,00000000
6621.63,26555.646,00000000
6621.64,26407.297,00000000
6621.65,26555.646,00000000
6621.66,26506.188,00000000
6621.67,26704.088,00000000
6621.68,26605.117,00000000
6621.69,26506.188,00000000
6621.7,26555.646,00000000
6621.71,26456.736,00000000
6621.72,26456.736,00000000
6621.73,26407.297,00000000
6621.74,26407.297,00000000
6621.75,26605.117,00000000
6621.76,26456.736,00000000
6621.77,26506.188,00000000
6621.78,26357.865,00000000
6621.79,26506.188,00000000
6621.8,26506.188,00000000
6621.81,26704.088,00000000
6621.82,26456.736,00000000
6621.83,26456.736,00000000
6621.84,26654.598,00000000
6621.85,26605.117,00000000
6621.86,26506.188,00000000
6621.87,26456.736,00000000
6621.88,26654.598,00000000
6621.89,26456.736,00000000
6621.9,26555.646,00000000
6621.91,26555.646,00000000
6621.92,26407.297,00000000
6621.93,26555.646,00000000
6621.94,26456.736,00000000
6621.95,26704.088,00000000
6621.96,26456.736,00000000
6621.97,26555.646,00000000
6621.98,26506.188,00000000
6621.99,26704.088,00000000
6622,26506.188,00000000
6622.01,26555.646,00000000
6622.02,26456.736,00000000
6622.03,26506.188,00000000
6622.04,26605.117,00000000
6622.05,26506.188,00000000
6622.06,26407.297,00000000
6622.07,26357.865,00000000
6622.08,26407.297,00000000
6622.09,26456.736,00000000
6622.1,26456.736,00000000
6622.11,26506.188,00000000
6622.12,26654.598,00000000
6622.13,26407.297,00000000
6622.14,26407.297,00000000
6622.15,26555.646,00000000
6622.16,26506.188,00000000
6622.17,26407.297,00000000
6622.18,26357.865,00000000
6622.19,26506.188,00000000
6622.2,26357.865,00000000
6622.21,26456.736,00000000
6622.22,26555.646,00000000
6622.23,26407.297,00000000
6622.24,26605.117,00000000
6622.25,26555.646,00000000
6622.26,26456.736,00000000
6622.27,26555.646,00000000
6622.28,26506.188,00000000
6622.29,26605.117,00000000
6622.3,26605.117,00000000
6622.31,26605.117,00000000
6622.32,26506.188,00000000
6622.33,26555.646,00000000
6622.34,26506.188,00000000
6622.35,26456.736,00000000
6622.36,26506.188,00000000
6622.37,26555.646,00000000
6622.38,26456.736,00000000
6622.39,26506.188,00000000
6622.4,26654.598,00000000
6622.41,26506.188,00000000
6622.42,26456.736,00000000
6622.43,26456.736,00000000
6622.44,26555.646,00000000
6622.45,26456.736,00000000
6622.46,26357.865,00000000
6622.47,26506.188,00000000
6622.48,26407.297,00000000
6622.49,26555.646,00000000
6622.5,26555.646,00000000
6622.51,26506.188,00000000
6622.52,26555.646,00000000
6622.53,26407.297,00000000
6622.54,26654.598,00000000
6622.55,26456.736,00000000
6622.56,26506.188,00000000
6622.57,26506.188,00000000
6622.58,26654.598,00000000
6622.59,26506.188,00000000
6622.6,26605.117,00000000
6622.61,26506.188,00000000
6622.62,26456.736,00000000
6622.63,26605.117,00000000
6622.64,26506.188,00000000
6622.65,26506.188,00000000
6622.66,26456.736,00000000
6622.67,26456.736,00000000
6622.68,26555.646,00000000
6622.69,26259.033,00000000
6622.7,26506.188,00000000
6622.71,26555.646,00000000
6622.72,26357.865,00000000
6622.73,26506.188,00000000
6622.74,26456.736,00000000
6622.75,26456.736,00000000
6622.76,26506.188,00000000
6622.77,26456.736,00000000
6622.78,26506.188,00000000
6622.79,26506.188,00000000
6622.8,26704.088,00000000
6622.81,26456.736,00000000
6622.82,26605.117,00000000
6622.83,26407.297,00000000
6622.84,26259.033,00000000
6622.85,26605.117,00000000
6622.86,26407.297,00000000
6622.87,26555.646,00000000
6622.88,26506.188,00000000
6622.89,26407.297,00000000
6622.9,26308.445,00000000
6622.91,26605.117,00000000
6622.92,26506.188,00000000
6622.93,26456.736,00000000
6622.94,26456.736,00000000
6622.95,26506.188,00000000
6622.96,26407.297,00000000
6622.97,26456.736,00000000
6622.98,26456.736,00000000
6622.99,26506.188,00000000
6623,26407.297,00000000
6623.01,26555.646,00000000
6623.02,26456.736,00000000
6623.03,26605.117,00000000
6623.04,26506.188,00000000
6623.05,26407.297,00000000
6623.06,26456.736,00000000
6623.07,26555.646,00000000
6623.08,26506.188,00000000
6623.09,26357.865,00000000
6623.1,26407.297,00000000
6623.11,26456.736,00000000
6623.12,26555.646,00000000
6623.13,26357.865,00000000
6623.14,26506.188,00000000
6623.15,26506.188,00000000
6623.16,26456.736,00000000
6623.17,26456.736,00000000
6623.18,26407.297,00000000
6623.19,26506.188,00000000
6623.2,26456.736,00000000
6623.21,26555.646,00000000
6623.22,26456.736,00000000
6623.23,26357.865,00000000
6623.24,26407.297,00000000
6623.25,26605.117,00000000
6623.26,26506.188,00000000
6623.27,26654.598,00000000
6623.28,26506.188,00000000
6623.29,26506.188,00000000
6623.3,26605.117,00000000
6623.31,26555.646,00000000
6623.32,26456.736,00000000
6623.33,26506.188,00000000
6623.34,26357.865,00000000
6623.35,26407.297,00000000
6623.36,26506.188,00000000
6623.37,26506.188,00000000
6623.38,26456.736,00000000
6623.39,26407.297,00000000
6623.4,26357.865,00000000
6623.41,26456.736,00000000
6623.42,26357.865,00000000
6623.43,26407.297,00000000
6623.44,26456.736,00000000
6623.45,26506.188,00000000
6623.46,26407.297,00000000
6623.47,26407.297,00000000
6623.48,26456.736,00000000
6623.49,26506.188,00000000
6623.5,26407.297,00000000
6623.51,26506.188,00000000
6623.52,26456.736,00000000
6623.53,26555.646,00000000
6623.54,26456.736,00000000
6623.55,26605.117,00000000
6623.56,26654.598,00000000
6623.57,26456.736,00000000
6623.58,26407.297,00000000
6623.59,26506.188,00000000
6623.6,26456.736,00000000
6623.61,26555.646,00000000
6623.62,26506.188,00000000
6623.63,26555.646,00000000
6623.64,26357.865,00000000
6623.65,26456.736,00000000
6623.66,26506.188,00000000
6623.67,26506.188,00000000
6623.68,26357.865,00000000
6623.69,26506.188,00000000
6623.7,26704.088,00000000
6623.71,26506.188,00000000
6623.72,26357.865,00000000
6623.73,26456.736,00000000
6623.74,26506.188,00000000
6623.75,26407.297,00000000
6623.76,26555.646,00000000
6623.77,26456.736,00000000
6623.78,26555.646,00000000
6623.79,26506.188,00000000
6623.8,26456.736,00000000
6623.81,26456.736,00000000
6623.82,26456.736,00000000
6623.83,26506.188,00000000
6623.84,26456.736,00000000
6623.85,26555.646,00000000
6623.86,26555.646,00000000
6623.87,26555.646,00000000
6623.88,26506.188,00000000
6623.89,26407.297,00000000
6623.9,26456.736,00000000
6623.91,26456.736,00000000
6623.92,26506.188,00000000
6623.93,26407.297,00000000
6623.94,26456.736,00000000
6623.95,26407.297,00000000
6623.96,26357.865,00000000
6623.97,26456.736,00000000
6623.98,26555.646,00000000
6623.99,26506.188,00000000
6624,26456.736,00000000
6624.01,26407.297,00000000
6624.02,26456.736,00000000
6624.03,26506.188,00000000
6624.04,26506.188,00000000
6624.05,26456.736,00000000
6624.06,26456.736,00000000
6624.07,26456.736,00000000
6624.08,26407.297,00000000
6624.09,26357.865,00000000
6624.1,26407.297,00000000
6624.11,26456.736,00000000
6624.12,26407.297,00000000
6624.13,26357.865,00000000
6624.14,26506.188,00000000
6624.15,26308.445,00000000
6624.16,26555.646,00000000
6624.17,26704.088,00000000
6624.18,26456.736,00000000
6624.19,26506.188,00000000
6624.2,26506.188,00000000
6624.21,26456.736,00000000
6624.22,26407.297,00000000
6624.23,26456.736,00000000
6624.24,26555.646,00000000
6624.25,26357.865,00000000
6624.26,26456.736,00000000
6624.27,26555.646,00000000
6624.28,26605.117,00000000
6624.29,26555.646,00000000
6624.3,26506.188,00000000
6624.31,26506.188,00000000
6624.32,26456.736,00000000
6624.33,26357.865,00000000
6624.34,26456.736,00000000
6624.35,26357.865,00000000
6624.36,26456.736,00000000
6624.37,26555.646,00000000
6624.38,26506.188,00000000
6624.39,26308.445,00000000
6624.4,26407.297,00000000
6624.41,26506.188,00000000
6624.42,26407.297,00000000
6624.43,26555.646,00000000
6624.44,26456.736,00000000
6624.45,26407.297,00000000
6624.46,26407.297,00000000
6624.47,26555.646,00000000
6624.48,26407.297,00000000
6624.49,26456.736,00000000
6624.5,26506.188,00000000
6624.51,26308.445,00000000
6624.52,26506.188,00000000
6624.53,26506.188,00000000
6624.54,26456.736,00000000
6624.55,26407.297,00000000
6624.56,26456.736,00000000
6624.57,26456.736,00000000
6624.58,26407.297,00000000
6624.59,26456.736,00000000
6624.6,26357.865,00000000
6624.61,26456.736,00000000
6624.62,26506.188,00000000
6624.63,26605.117,00000000
6624.64,26456.736,00000000
6624.65,26407.297,00000000
6624.66,26456.736,00000000
6624.67,26555.646,00000000
6624.68,26605.117,00000000
6624.69,26555.646,00000000
6624.7,26259.033,00000000
6624.71,26506.188,00000000
6624.72,26555.646,00000000
6624.73,26357.865,00000000
6624.74,26357.865,00000000
6624.75,26456.736,00000000
6624.76,26506.188,00000000
6624.77,26506.188,00000000
6624.78,26308.445,00000000
6624.79,26506.188,00000000
6624.8,26357.865,00000000
6624.81,26555.646,00000000
6624.82,26407.297,00000000
6624.83,26456.736,00000000
6624.84,26456.736,00000000
6624.85,26456.736,00000000
6624.86,26259.033,00000000
6624.87,26506.188,00000000
6624.88,26407.297,00000000
6624.89,26407.297,00000000
6624.9,26456.736,00000000
6624.91,26160.242,00000000
6624.92,26407.297,00000000
6624.93,26357.865,00000000
6624.94,26407.297,00000000
6624.95,26555.646,00000000
6624.96,26555.646,00000000
6624.97,26456.736,00000000
6624.98,26407.297,00000000
6624.99,26555.646,00000000
6625,26605.117,00000000
6625.01,26456.736,00000000
6625.02,26506.188,00000000
6625.03,26357.865,00000000
6625.04,26456.736,00000000
6625.05,26555.646,00000000
6625.06,26456.736,00000000
6625.07,26407.297,00000000
6625.08,26407.297,00000000
6625.09,26506.188,00000000
6625.1,26407.297,00000000
6625.11,26407.297,00000000
6625.12,26605.117,00000000
6625.13,26357.865,00000000
6625.14,26357.865,00000000
6625.15,26407.297,00000000
6625.16,26357.865,00000000
6625.17,26456.736,00000000
6625.18,26407.297,00000000
6625.19,26456.736,00000000
6625.2,26407.297,00000000
6625.21,26456.736,00000000
6625.22,26456.736,00000000
6625.23,26555.646,00000000
6625.24,26407.297,00000000
6625.25,26357.865,00000000
6625.26,26357.865,00000000
6625.27,26506.188,00000000
6625.28,26407.297,00000000
6625.29,26357.865,00000000
6625.3,26506.188,00000000
6625.31,26555.646,00000000
6625.32,26456.736,00000000
6625.33,26555.646,00000000
6625.34,26456.736,00000000
6625.35,26259.033,00000000
6625.36,26407.297,00000000
6625.37,26555.646,00000000
6625.38,26407.297,00000000
6625.39,26555.646,00000000
6625.4,26555.646,00000000
6625.41,26506.188,00000000
6625.42,26605.117,00000000
6625.43,26506.188,00000000
6625.44,26357.865,00000000
6625.45,26555.646,00000000
6625.46,26456.736,00000000
6625.47,26407.297,00000000
6625.48,26555.646,00000000
6625.49,26357.865,00000000
6625.5,26357.865,00000000
6625.51,26456.736,00000000
6625.52,26555.646,00000000
6625.53,26456.736,00000000
6625.54,26555.646,00000000
6625.55,26704.088,00000000
6625.56,26456.736,00000000
6625.57,26407.297,00000000
6625.58,26506.188,00000000
6625.59,26407.297,00000000
6625.6,26259.033,00000000
6625.61,26357.865,00000000
6625.62,26357.865,00000000
6625.63,26555.646,00000000
6625.64,26407.297,00000000
6625.65,26506.188,00000000
6625.66,26506.188,00000000
6625.67,26456.736,00000000
6625.68,26555.646,00000000
6625.69,26605.117,00000000
6625.7,26555.646,00000000
6625.71,26456.736,00000000
6625.72,26605.117,00000000
6625.73,26605.117,00000000
6625.74,26407.297,00000000
6625.75,26407.297,00000000
6625.76,26357.865,00000000
6625.77,26605.117,00000000
6625.78,26456.736,00000000
6625.79,26407.297,00000000
6625.8,26506.188,00000000
6625.81,26506.188,00000000
6625.82,26506.188,00000000
6625.83,26407.297,00000000
6625.84,26456.736,00000000
6625.85,26357.865,00000000
6625.86,26259.033,00000000
6625.87,26555.646,00000000
6625.88,26407.297,00000000
6625.89,26357.865,00000000
6625.9,26456.736,00000000
6625.91,26506.188,00000000
6625.92,26407.297,00000000
6625.93,26456.736,00000000
6625.94,26259.033,00000000
6625.95,26506.188,00000000
6625.96,26506.188,00000000
6625.97,26407.297,00000000
6625.98,26605.117,00000000
6625.99,26407.297,00000000
6626,26605.117,00000000
6626.01,26555.646,00000000
6626.02,26654.598,00000000
6626.03,26555.646,00000000
6626.04,26456.736,00000000
6626.05,26506.188,00000000
6626.06,26506.188,00000000
6626.07,26803.096,00000000
6626.08,26357.865,00000000
6626.09,26456.736,00000000
6626.1,26555.646,00000000
6626.11,26506.188,00000000
6626.12,26506.188,00000000
6626.13,26506.188,00000000
6626.14,26506.188,00000000
6626.15,26506.188,00000000
6626.16,26506.188,00000000
6626.17,26357.865,00000000
6626.18,26357.865,00000000
6626.19,26555.646,00000000
6626.2,26555.646,00000000
6626.21,26308.445,00000000
6626.22,26506.188,00000000
6626.23,26605.117,00000000
6626.24,26456.736,00000000
6626.25,26407.297,00000000
6626.26,26654.598,00000000
6626.27,26456.736,00000000
6626.28,26357.865,00000000
6626.29,26357.865,00000000
6626.3,26456.736,00000000
6626.31,26555.646,00000000
6626.32,26555.646,00000000
6626.33,26456.736,00000000
6626.34,26456.736,00000000
6626.35,26407.297,00000000
6626.36,26407.297,00000000
6626.37,26357.865,00000000
6626.38,26259.033,00000000
6626.39,26456.736,00000000
6626.4,26506.188,00000000
6626.41,26506.188,00000000
6626.42,26605.117,00000000
6626.43,26506.188,00000000
6626.44,26506.188,00000000
6626.45,26605.117,00000000
6626.46,26555.646,00000000
6626.47,26456.736,00000000
6626.48,26506.188,00000000
6626.49,26456.736,00000000
6626.5,26704.088,00000000
6626.51,26555.646,00000000
6626.52,26555.646,00000000
6626.53,26357.865,00000000
6626.54,26456.736,00000000
6626.55,26605.117,00000000
6626.56,26456.736,00000000
6626.57,26506.188,00000000
6626.58,26308.445,00000000
6626.59,26357.865,00000000
6626.6,26407.297,00000000
6626.61,26357.865,00000000
6626.62,26555.646,00000000
6626.63,26506.188,00000000
6626.64,26357.865,00000000
6626.65,26456.736,00000000
6626.66,26357.865,00000000
6626.67,26456.736,00000000
6626.68,26506.188,00000000
6626.69,26555.646,00000000
6626.7,26456.736,00000000
6626.71,26506.188,00000000
6626.72,26357.865,00000000
6626.73,26654.598,00000000
6626.74,26456.736,00000000
6626.75,26259.033,00000000
6626.76,26506.188,00000000
6626.77,26357.865,00000000
6626.78,26555.646,00000000
6626.79,26259.033,00000000
6626.8,26456.736,00000000
6626.81,26456.736,00000000
6626.82,26506.188,00000000
6626.83,26357.865,00000000
6626.84,26456.736,00000000
6626.85,26555.646,00000000
6626.86,26555.646,00000000
6626.87,26506.188,00000000
6626.88,26308.445,00000000
6626.89,26506.188,00000000
6626.9,26605.117,00000000
6626.91,26259.033,00000000
6626.92,26456.736,00000000
6626.93,26407.297,00000000
6626.94,26605.117,00000000
6626.95,26506.188,00000000
6626.96,26407.297,00000000
6626.97,26555.646,00000000
6626.98,26506.188,00000000
6626.99,26357.865,00000000
6627,26654.598,00000000
6627.01,26753.588,00000000
6627.02,24584.928,00000000
6627.03,19823.338,00000000
6627.04,14074.876,00000000
6627.05,9938.813,00000000
6627.06,6785.949,00000000
6627.07,15047.612,00000000
6627.08,12556.880,00000000
6627.09,10625.222,00000000
6627.1,2421.745,00000000
6627.11,2924.259,00000000
6627.12,3457.702,00000000
6627.13,4089.190,00000000
6627.14,4674.541,00000000
6627.15,5162.320,00000000
6627.16,12165.050,00000000
6627.17,13812.817,00000000
6627.18,13876.880,00000000
6627.19,11185.320,00000000
6627.2,9203.533,00000000
6627.21,8196.646,00000000
6627.22,7603.910,00000000
6627.23,7558.384,00000000
6627.24,7421.865,00000000
6627.25,7103.666,00000000
6627.26,7058.248,00000000
6627.27,7012.840,00000000
6627.28,6831.308,00000000
6627.29,6922.054,00000000
6627.3,6831.308,00000000
6627.31,6922.054,00000000
6627.32,7149.093,00000000
6627.33,7058.248,00000000
6627.34,6967.442,00000000
6627.35,7012.840,00000000
6627.36,6967.442,00000000
6627.37,7058.248,00000000
6627.38,6922.054,00000000
6627.39,6922.054,00000000
6627.4,6604.614,00000000
6627.41,6514.006,00000000
6627.42,6514.006,00000000
6627.43,6378.167,00000000
6627.44,6016.365,00000000
6627.45,6197.187,00000000
6627.46,6197.187,00000000
6627.47,6423.437,00000000
6627.48,6242.417,00000000
6627.49,6242.417,00000000
6627.5,6332.908,00000000
6627.51,6332.908,00000000
6627.52,6332.908,00000000
6627.53,6242.417,00000000
6627.54,6151.967,00000000
6627.55,6197.187,00000000
6627.56,6242.417,00000000
6627.57,6242.417,00000000
6627.58,6242.417,00000000
6627.59,6332.908,00000000
6627.6,6423.437,00000000
6627.61,6378.167,00000000
6627.62,6242.417,00000000
6627.63,6287.658,00000000
6627.64,6016.365,00000000
6627.65,6197.187,00000000
6627.66,6197.187,00000000
6627.67,6242.417,00000000
6627.68,6332.908,00000000
6627.69,6242.417,00000000
6627.7,6242.417,00000000
6627.71,6242.417,00000000
6627.72,6197.187,00000000
6627.73,6287.658,00000000
6627.74,6197.187,00000000
6627.75,6378.167,00000000
6627.76,6332.908,00000000
6627.77,6106.756,00000000
6627.78,6332.908,00000000
6627.79,6197.187,00000000
6627.8,6423.437,00000000
6627.81,6197.187,00000000
6627.82,6332.908,00000000
6627.83,6287.658,00000000
6627.84,6242.417,00000000
6627.85,6423.437,00000000
6627.86,6106.756,00000000
6627.87,6423.437,00000000
6627.88,6197.187,00000000
6627.89,6242.417,00000000
6627.9,6242.417,00000000
6627.91,6151.967,00000000
6627.92,6287.658,00000000
6627.93,6242.417,00000000
6627.94,6332.908,00000000
6627.95,6242.417,00000000
6627.96,6151.967,00000000
6627.97,6151.967,00000000
6627.98,6242.417,00000000
6627.99,6332.908,00000000
6628,6242.417,00000000
6628.01,6423.437,00000000
6628.02,6242.417,00000000
6628.03,6151.967,00000000
6628.04,6106.756,00000000
6628.05,6242.417,00000000
6628.06,6242.417,00000000
6628.07,6242.417,00000000
6628.08,6197.187,00000000
6628.09,6016.365,00000000
6628.1,6242.417,00000000
6628.11,6423.437,00000000
6628.12,6332.908,00000000
6628.13,6242.417,00000000
6628.14,6197.187,00000000
6628.15,6242.417,00000000
6628.16,6242.417,00000000
6628.17,6332.908,00000000
6628.18,6287.658,00000000
6628.19,6287.658,00000000
6628.2,6197.187,00000000
6628.21,6423.437,00000000
6628.22,6242.417,00000000
6628.23,6197.187,00000000
6628.24,6197.187,00000000
6628.25,6242.417,00000000
6628.26,6197.187,00000000
6628.27,6242.417,00000000
6628.28,6287.658,00000000
6628.29,6151.967,00000000
6628.3,6151.967,00000000
6628.31,6332.908,00000000
6628.32,6106.756,00000000
6628.33,6242.417,00000000
6628.34,6151.967,00000000
6628.35,6197.187,00000000
6628.36,6197.187,00000000
6628.37,6197.187,00000000
6628.38,6332.908,00000000
6628.39,6242.417,00000000
6628.4,6378.167,00000000
6628.41,6242.417,00000000
6628.42,6197.187,00000000
6628.43,6242.417,00000000
6628.44,6242.417,00000000
6628.45,6016.365,00000000
6628.46,6151.967,00000000
6628.47,6197.187,00000000
6628.48,6242.417,00000000
6628.49,6287.658,00000000
6628.5,6287.658,00000000
6628.51,6151.967,00000000
6628.52,6332.908,00000000
6628.53,6016.365,00000000
6628.54,6106.756,00000000
6628.55,6197.187,00000000
6628.56,6287.658,00000000
6628.57,6287.658,00000000
6628.58,6332.908,00000000
6628.59,6332.908,00000000
6628.6,6106.756,00000000
6628.61,6242.417,00000000
6628.62,6242.417,00000000
6628.63,6242.417,00000000
6628.64,6197.187,00000000
6628.65,6332.908,00000000
6628.66,6197.187,00000000
6628.67,6197.187,00000000
6628.68,6106.756,00000000
6628.69,6151.967,00000000
6628.7,6242.417,00000000
6628.71,6242.417,00000000
6628.72,6332.908,00000000
6628.73,6197.187,00000000
6628.74,6332.908,00000000
6628.75,6151.967,00000000
6628.76,6242.417,00000000
6628.77,6423.437,00000000
6628.78,6332.908,00000000
6628.79,6332.908,00000000
6628.8,6197.187,00000000
6628.81,6197.187,00000000
6628.82,6332.908,00000000
6628.83,6242.417,00000000
6628.84,6151.967,00000000
6628.85,6197.187,00000000
6628.86,6197.187,00000000
6628.87,6242.417,00000000
6628.88,6242.417,00000000
6628.89,6016.365,00000000
6628.9,6197.187,00000000
6628.91,6332.908,00000000
6628.92,6242.417,00000000
6628.93,6197.187,00000000
6628.94,6151.967,00000000
6628.95,6332.908,00000000
6628.96,6242.417,00000000
6628.97,6332.908,00000000
6628.98,6151.967,00000000
6628.99,6151.967,00000000
6629,6242.417,00000000
6629.01,6197.187,00000000
6629.02,6106.756,00000000
6629.03,6287.658,00000000
6629.04,6151.967,00000000
6629.05,6197.187,00000000
6629.06,6740.601,00000000
6629.07,7194.530,00000000
6629.08,7285.435,00000000
6629.09,7376.378,00000000
6629.1,7512.867,00000000
6629.11,7694.991,00000000
6629.12,7330.901,00000000
6629.13,7330.901,00000000
6629.14,5988.699,00000000
6629.15,5034.570,00000000
6629.16,4233.130,00000000
6629.17,3482.605,00000000
6629.18,2871.730,00000000
6629.19,2371.741,00000000
6629.2,94.444,00000000
6629.21,96.167,00000000
6629.22,95.305,00000000
6629.23,96.597,00000000
6629.24,97.028,00000000
6629.25,97.459,00000000
6629.26,97.459,00000000
6629.27,97.028,00000000
6629.28,97.890,00000000
6629.29,98.320,00000000
6629.3,98.320,00000000
6629.31,98.320,00000000
6629.32,97.890,00000000
6629.33,98.320,00000000
6629.34,98.320,00000000
6629.35,99.182,00000000
6629.36,98.751,00000000
6629.37,98.320,00000000
6629.38,98.751,00000000
6629.39,99.613,00000000
6629.4,97.890,00000000
6629.41,100.475,00000000
6629.42,100.906,00000000
6629.43,100.475,00000000
6629.44,102.200,00000000
6629.45,100.475,00000000
6629.46,100.475,00000000
6629.47,99.613,00000000
6629.48,101.768,00000000
6629.49,100.906,00000000
6629.5,101.337,00000000
6629.51,100.906,00000000
6629.52,100.044,00000000
6629.53,102.200,00000000
6629.54,102.631,00000000
6629.55,101.768,00000000
6629.56,101.337,00000000
6629.57,102.631,00000000
6629.58,101.337,00000000
6629.59,100.475,00000000
6629.6,102.631,00000000
6629.61,102.631,00000000
6629.62,102.200,00000000
6629.63,103.925,00000000
6629.64,103.493,00000000
6629.65,102.631,00000000
6629.66,104.356,00000000
6629.67,103.925,00000000
6629.68,108.240,00000000
6629.69,108.672,00000000
6629.7,110.399,00000000
6629.71,112.559,00000000
6629.72,114.288,00000000
6629.73,117.747,00000000
6629.74,120.344,00000000
6629.75,125.107,00000000
6629.76,127.707,00000000
6629.77,132.043,00000000
6629.78,135.950,00000000
6629.79,141.163,00000000
6629.8,143.337,00000000
6629.81,147.252,00000000
6629.82,150.735,00000000
6629.83,153.784,00000000
6629.84,156.400,00000000
6629.85,159.889,00000000
6629.86,160.762,00000000
6629.87,163.817,00000000
6629.88,164.691,00000000
6629.89,167.312,00000000
6629.9,169.934,00000000
6629.91,172.121,00000000
6629.92,172.558,00000000
6629.93,174.746,00000000
6629.94,175.184,00000000
6629.95,174.746,00000000
6629.96,176.497,00000000
6629.97,178.248,00000000
6629.98,178.686,00000000
6629.99,181.315,00000000
6630,183.506,00000000
6630.01,182.630,00000000
6630.02,183.068,00000000
6630.03,185.699,00000000
6630.04,186.576,00000000
6630.05,186.576,00000000
6630.06,188.770,00000000
6630.07,191.404,00000000
6630.08,189.648,00000000
6630.09,191.404,00000000
6630.1,192.721,00000000
6630.11,194.918,00000000
6630.12,196.676,00000000
6630.13,195.357,00000000
6630.14,195.357,00000000
6630.15,199.314,00000000
6630.16,198.874,00000000
6630.17,200.633,00000000
6630.18,198.874,00000000
6630.19,201.953,00000000
6630.2,202.833,00000000
6630.21,202.393,00000000
6630.22,204.594,00000000
6630.23,207.236,00000000
6630.24,205.915,00000000
6630.25,208.117,00000000
6630.26,209.880,00000000
6630.27,209.880,00000000
6630.28,211.202,00000000
6630.29,211.643,00000000
6630.3,213.407,00000000
6630.31,212.084,00000000
6630.32,215.171,00000000
6630.33,215.612,00000000
6630.34,216.936,00000000
6630.35,216.054,00000000
6630.36,217.819,00000000
6630.37,218.702,00000000
6630.38,218.702,00000000
6630.39,219.143,00000000
6630.4,220.468,00000000
6630.41,222.235,00000000
6630.42,222.677,00000000
6630.43,224.003,00000000
6630.44,224.003,00000000
6630.45,224.003,00000000
6630.46,225.329,00000000
6630.47,226.213,00000000
6630.48,226.213,00000000
6630.49,225.771,00000000
6630.5,227.097,00000000
6630.51,228.424,00000000
6630.52,228.424,00000000
6630.53,231.079,00000000
6630.54,230.636,00000000
6630.55,232.407,00000000
6630.56,233.292,00000000
6630.57,233.735,00000000
6630.58,233.292,00000000
6630.59,234.620,00000000
6630.6,233.735,00000000
6630.61,235.063,00000000
6630.62,235.063,00000000
6630.63,234.620,00000000
6630.64,234.620,00000000
6630.65,235.949,00000000
6630.66,237.278,00000000
6630.67,236.835,00000000
6630.68,238.608,00000000
6630.69,238.165,00000000
6630.7,238.608,00000000
6630.71,239.938,00000000
6630.72,239.494,00000000
6630.73,239.051,00000000
6630.74,239.938,00000000
6630.75,239.938,00000000
6630.76,239.494,00000000
6630.77,240.381,00000000
6630.78,240.381,00000000
6630.79,242.155,00000000
6630.8,241.268,00000000
6630.81,242.155,00000000
6630.82,242.598,00000000
6630.83,243.042,00000000
6630.84,244.817,00000000
6630.85,243.486,00000000
6630.86,245.261,00000000
6630.87,247.036,00000000
6630.88,244.817,00000000
6630.89,245.704,00000000
6630.9,246.592,00000000
6630.91,248.368,00000000
6630.92,247.924,00000000
6630.93,249.256,00000000
6630.94,248.368,00000000
6630.95,250.145,00000000
6630.96,251.033,00000000
6630.97,251.478,00000000
6630.98,249.701,00000000
6630.99,250.589,00000000
6631,252.366,00000000
6631.01,250.145,00000000
6631.02,251.922,00000000
6631.03,251.478,00000000
6631.04,253.700,00000000
6631.05,252.811,00000000
6631.06,252.811,00000000
6631.07,253.255,00000000
6631.08,253.700,00000000
6631.09,255.034,00000000
6631.1,255.034,00000000
6631.11,253.700,00000000
6631.12,254.589,00000000
6631.13,255.923,00000000
6631.14,255.034,00000000
6631.15,255.034,00000000
6631.16,257.257,00000000
6631.17,257.257,00000000
6631.18,257.257,00000000
6631.19,257.702,00000000
6631.2,257.257,00000000
6631.21,257.702,00000000
6631.22,257.257,00000000
6631.23,258.147,00000000
6631.24,259.482,00000000
6631.25,258.147,00000000
6631.26,258.147,00000000
6631.27,259.037,00000000
6631.28,261.262,00000000
6631.29,260.372,00000000
6631.3,259.482,00000000
6631.31,258.592,00000000
6631.32,260.372,00000000
6631.33,259.482,00000000
6631.34,259.482,00000000
6631.35,261.708,00000000
6631.36,260.372,00000000
6631.37,262.153,00000000
6631.38,260.817,00000000
6631.39,261.262,00000000
6631.4,260.372,00000000
6631.41,263.044,00000000
6631.42,262.598,00000000
6631.43,263.934,00000000
6631.44,263.489,00000000
6631.45,263.934,00000000
6631.46,264.825,00000000
6631.47,263.934,00000000
6631.48,263.934,00000000
6631.49,264.825,00000000
6631.5,264.825,00000000
6631.51,265.271,00000000
6631.52,263.934,00000000
6631.53,266.162,00000000
6631.54,265.716,00000000
6631.55,266.608,00000000
6631.56,267.053,00000000
6631.57,265.716,00000000
6631.58,267.053,00000000
6631.59,266.608,00000000
6631.6,267.053,00000000
6631.61,267.945,00000000
6631.62,268.836,00000000
6631.63,268.390,00000000
6631.64,267.053,00000000
6631.65,267.945,00000000
6631.66,268.836,00000000
6631.67,268.836,00000000
6631.68,269.282,00000000
6631.69,269.728,00000000
6631.7,271.066,00000000
6631.71,267.945,00000000
6631.72,270.174,00000000
6631.73,271.512,00000000
6631.74,268.836,00000000
6631.75,269.282,00000000
6631.76,269.282,00000000
6631.77,269.728,00000000
6631.78,271.512,00000000
6631.79,271.512,00000000
6631.8,269.728,00000000
6631.81,269.728,00000000
6631.82,269.728,00000000
6631.83,269.728,00000000
6631.84,272.404,00000000
6631.85,270.620,00000000
6631.86,271.958,00000000
6631.87,271.512,00000000
6631.88,271.958,00000000
6631.89,270.174,00000000
6631.9,271.958,00000000
6631.91,271.512,00000000
6631.92,269.728,00000000
6631.93,271.066,00000000
6631.94,271.066,00000000
6631.95,271.958,00000000
6631.96,271.066,00000000
6631.97,273.743,00000000
6631.98,273.297,00000000
6631.99,272.850,00000000
6632,271.512,00000000
6632.01,271.512,00000000
6632.02,271.512,00000000
6632.03,271.512,00000000
6632.04,273.743,00000000
6632.05,273.297,00000000
6632.06,275.082,00000000
6632.07,274.189,00000000
6632.08,274.189,00000000
6632.09,273.297,00000000
6632.1,273.297,00000000
6632.11,273.297,00000000
6632.12,273.743,00000000
6632.13,272.850,00000000
6632.14,272.404,00000000
6632.15,270.620,00000000
6632.16,272.404,00000000
6632.17,273.297,00000000
6632.18,274.189,00000000
6632.19,274.189,00000000
6632.2,275.082,00000000
6632.21,275.082,00000000
6632.22,275.975,00000000
6632.23,275.975,00000000
6632.24,275.528,00000000
6632.25,275.528,00000000
6632.26,276.421,00000000
6632.27,275.082,00000000
6632.28,275.975,00000000
6632.29,275.975,00000000
6632.3,276.421,00000000
6632.31,276.421,00000000
6632.32,276.421,00000000
6632.33,277.761,00000000
6632.34,275.082,00000000
6632.35,275.082,00000000
6632.36,275.975,00000000
6632.37,275.975,00000000
6632.38,276.421,00000000
6632.39,276.421,00000000
6632.4,276.868,00000000
6632.41,275.975,00000000
6632.42,278.654,00000000
6632.43,277.761,00000000
6632.44,279.101,00000000
6632.45,277.761,00000000
6632.46,278.654,00000000
6632.47,278.208,00000000
6632.48,279.101,00000000
6632.49,279.101,00000000
6632.5,276.868,00000000
6632.51,276.868,00000000
6632.52,276.868,00000000
6632.53,278.654,00000000
6632.54,279.548,00000000
6632.55,278.208,00000000
6632.56,280.441,00000000
6632.57,280.888,00000000
6632.58,279.101,00000000
6632.59,280.441,00000000
6632.6,279.548,00000000
6632.61,279.994,00000000
6632.62,278.654,00000000
6632.63,278.654,00000000
6632.64,277.314,00000000
6632.65,278.654,00000000
6632.66,279.548,00000000
6632.67,278.654,00000000
6632.68,280.441,00000000
6632.69,278.654,00000000
6632.7,280.888,00000000
6632.71,278.654,00000000
6632.72,278.654,00000000
6632.73,279.548,00000000
6632.74,279.548,00000000
6632.75,281.782,00000000
6632.76,280.441,00000000
6632.77,279.548,00000000
6632.78,281.782,00000000
6632.79,280.888,00000000
6632.8,279.994,00000000
6632.81,281.335,00000000
6632.82,281.335,00000000
6632.83,280.441,00000000
6632.84,282.229,00000000
6632.85,281.782,00000000
6632.86,280.888,00000000
6632.87,282.676,00000000
6632.88,280.441,00000000
6632.89,280.441,00000000
6632.9,279.994,00000000
6632.91,279.994,00000000
6632.92,279.994,00000000
6632.93,281.782,00000000
6632.94,281.335,00000000
6632.95,281.335,00000000
6632.96,282.229,00000000
6632.97,282.229,00000000
6632.98,282.229,00000000
6632.99,282.229,00000000
6633,281.782,00000000
6633.01,284.017,00000000
6633.02,282.229,00000000
6633.03,286.254,00000000
6633.04,283.123,00000000
6633.05,285.806,00000000
6633.06,284.465,00000000
6633.07,284.465,00000000
6633.08,284.912,00000000
6633.09,284.465,00000000
6633.1,284.912,00000000
6633.11,284.912,00000000
6633.12,284.017,00000000
6633.13,285.359,00000000
6633.14,283.123,00000000
6633.15,284.017,00000000
6633.16,284.465,00000000
6633.17,284.912,00000000
6633.18,285.359,00000000
6633.19,285.359,00000000
6633.2,284.912,00000000
6633.21,284.912,00000000
6633.22,284.912,00000000
6633.23,284.465,00000000
6633.24,285.359,00000000
6633.25,285.359,00000000
6633.26,285.806,00000000
6633.27,283.570,00000000
6633.28,285.806,00000000
6633.29,285.806,00000000
6633.3,285.359,00000000
6633.31,286.701,00000000
6633.32,286.701,00000000
6633.33,285.806,00000000
6633.34,286.254,00000000
6633.35,287.596,00000000
6633.36,286.701,00000000
6633.37,285.806,00000000
6633.38,287.148,00000000
6633.39,287.148,00000000
6633.4,287.596,00000000
6633.41,287.596,00000000
6633.42,290.281,00000000
6633.43,288.938,00000000
6633.44,288.043,00000000
6633.45,287.148,00000000
6633.46,289.386,00000000
6633.47,288.043,00000000
6633.48,287.596,00000000
6633.49,288.491,00000000
6633.5,287.148,00000000
6633.51,288.043,00000000
6633.52,286.701,00000000
6633.53,288.491,00000000
6633.54,288.043,00000000
6633.55,287.596,00000000
6633.56,288.491,00000000
6633.57,289.834,00000000
6633.58,286.701,00000000
6633.59,287.596,00000000
6633.6,287.596,00000000
6633.61,288.043,00000000
6633.62,289.834,00000000
6633.63,288.043,00000000
6633.64,288.043,00000000
6633.65,288.043,00000000
6633.66,290.729,00000000
6633.67,290.281,00000000
6633.68,290.729,00000000
6633.69,289.834,00000000
6633.7,291.177,00000000
6633.71,289.834,00000000
6633.72,289.834,00000000
6633.73,288.491,00000000
6633.74,291.177,00000000
6633.75,289.386,00000000
6633.76,290.729,00000000
6633.77,290.729,00000000
6633.78,291.177,00000000
6633.79,291.177,00000000
6633.8,291.625,00000000
6633.81,291.177,00000000
6633.82,291.625,00000000
6633.83,292.968,00000000
6633.84,293.416,00000000
6633.85,292.520,00000000
6633.86,294.312,00000000
6633.87,293.416,00000000
6633.88,294.312,00000000
6633.89,292.520,00000000
6633.9,292.072,00000000
6633.91,292.520,00000000
6633.92,293.864,00000000
6633.93,293.416,00000000
6633.94,292.072,00000000
6633.95,292.968,00000000
6633.96,292.072,00000000
6633.97,293.416,00000000
6633.98,292.968,00000000
6633.99,291.177,00000000
6634,294.760,00000000
6634.01,294.760,00000000
6634.02,294.760,00000000
6634.03,294.760,00000000
6634.04,293.864,00000000
6634.05,294.760,00000000
6634.06,294.312,00000000
6634.07,295.208,00000000
6634.08,294.760,00000000
6634.09,295.656,00000000
6634.1,296.553,00000000
6634.11,295.656,00000000
6634.12,294.760,00000000
6634.13,295.208,00000000
6634.14,294.760,00000000
6634.15,295.208,00000000
6634.16,296.105,00000000
6634.17,297.449,00000000
6634.18,295.656,00000000
6634.19,297.001,00000000
6634.2,297.001,00000000
6634.21,297.001,00000000
6634.22,296.553,00000000
6634.23,296.105,00000000
6634.24,296.553,00000000
6634.25,295.656,00000000
6634.26,296.105,00000000
6634.27,295.656,00000000
6634.28,297.001,00000000
6634.29,297.449,00000000
6634.3,297.898,00000000
6634.31,296.553,00000000
6634.32,298.795,00000000
6634.33,298.346,00000000
6634.34,297.898,00000000
6634.35,298.346,00000000
6634.36,299.243,00000000
6634.37,297.001,00000000
6634.38,298.795,00000000
6634.39,297.449,00000000
6634.4,297.449,00000000
6634.41,298.795,00000000
6634.42,297.898,00000000
6634.43,300.140,00000000
6634.44,298.346,00000000
6634.45,298.346,00000000
6634.46,298.346,00000000
6634.47,296.553,00000000
6634.48,298.346,00000000
6634.49,298.346,00000000
6634.5,299.243,00000000
6634.51,301.037,00000000
6634.52,299.691,00000000
6634.53,301.037,00000000
6634.54,302.383,00000000
6634.55,301.037,00000000
6634.56,301.037,00000000
6634.57,301.037,00000000
6634.58,299.243,00000000
6634.59,299.691,00000000
6634.6,301.935,00000000
6634.61,299.243,00000000
6634.62,301.037,00000000
6634.63,301.037,00000000
6634.64,298.795,00000000
6634.65,300.589,00000000
6634.66,300.140,00000000
6634.67,300.589,00000000
6634.68,299.691,00000000
6634.69,301.486,00000000
6634.7,301.486,00000000
6634.71,301.486,00000000
6634.72,301.486,00000000
6634.73,299.691,00000000
6634.74,300.140,00000000
6634.75,302.832,00000000
6634.76,302.832,00000000
6634.77,301.486,00000000
6634.78,302.832,00000000
6634.79,303.281,00000000
6634.8,302.383,00000000
6634.81,301.935,00000000
6634.82,303.730,00000000
6634.83,303.281,00000000
6634.84,303.730,00000000
6634.85,303.730,00000000
6634.86,304.178,00000000
6634.87,305.076,00000000
6634.88,303.730,00000000
6634.89,304.178,00000000
6634.9,303.281,00000000
6634.91,305.076,00000000
6634.92,304.627,00000000
6634.93,303.730,00000000
6634.94,305.076,00000000
6634.95,301.935,00000000
6634.96,303.730,00000000
6634.97,304.178,00000000
6634.98,303.730,00000000
6634.99,304.178,00000000
6635,304.178,00000000
6635.01,303.281,00000000
6635.02,303.730,00000000
6635.03,305.076,00000000
6635.04,305.076,00000000
6635.05,303.730,00000000
6635.06,304.178,00000000
6635.07,306.423,00000000
6635.08,305.525,00000000
6635.09,307.322,00000000
6635.1,305.525,00000000
6635.11,305.525,00000000
6635.12,305.076,00000000
6635.13,306.873,00000000
6635.14,305.076,00000000
6635.15,305.974,00000000
6635.16,305.974,00000000
6635.17,306.423,00000000
6635.18,305.525,00000000
6635.19,307.771,00000000
6635.2,307.322,00000000
6635.21,306.423,00000000
6635.22,306.873,00000000
6635.23,307.771,00000000
6635.24,307.322,00000000
6635.25,306.423,00000000
6635.26,307.322,00000000
6635.27,307.322,00000000
6635.28,305.076,00000000
6635.29,307.322,00000000
6635.3,308.220,00000000
6635.31,309.119,00000000
6635.32,308.669,00000000
6635.33,308.220,00000000
6635.34,309.568,00000000
6635.35,308.220,00000000
6635.36,309.119,00000000
6635.37,308.669,00000000
6635.38,310.017,00000000
6635.39,307.322,00000000
6635.4,309.568,00000000
6635.41,310.467,00000000
6635.42,310.467,00000000
6635.43,310.017,00000000
6635.44,309.568,00000000
6635.45,312.265,00000000
6635.46,310.467,00000000
6635.47,310.467,00000000
6635.48,312.265,00000000
6635.49,310.467,00000000
6635.5,311.366,00000000
6635.51,311.366,00000000
6635.52,309.568,00000000
6635.53,310.017,00000000
6635.54,310.017,00000000
6635.55,310.467,00000000
6635.56,311.815,00000000
6635.57,311.366,00000000
6635.58,310.916,00000000
6635.59,312.265,00000000
6635.6,311.366,00000000
6635.61,310.467,00000000
6635.62,310.467,00000000
6635.63,310.916,00000000
6635.64,309.119,00000000
6635.65,312.265,00000000
6635.66,310.916,00000000
6635.67,312.714,00000000
6635.68,311.366,00000000
6635.69,313.164,00000000
6635.7,313.614,00000000
6635.71,313.164,00000000
6635.72,312.265,00000000
6635.73,312.265,00000000
6635.74,312.265,00000000
6635.75,313.164,00000000
6635.76,313.164,00000000
6635.77,311.366,00000000
6635.78,312.265,00000000
6635.79,313.164,00000000
6635.8,313.164,00000000
6635.81,312.714,00000000
6635.82,313.164,00000000
6635.83,314.063,00000000
6635.84,312.714,00000000
6635.85,313.614,00000000
6635.86,313.164,00000000
6635.87,314.063,00000000
6635.88,311.815,00000000
6635.89,313.164,00000000
6635.9,311.366,00000000
6635.91,313.164,00000000
6635.92,314.513,00000000
6635.93,312.714,00000000
6635.94,312.265,00000000
6635.95,314.063,00000000
6635.96,314.063,00000000
6635.97,312.714,00000000
6635.98,312.714,00000000
6635.99,312.714,00000000
6636,312.714,00000000
6636.01,313.614,00000000
6636.02,311.815,00000000
6636.03,313.614,00000000
6636.04,314.513,00000000
6636.05,313.614,00000000
6636.06,314.063,00000000
6636.07,312.265,00000000
6636.08,314.963,00000000
6636.09,313.164,00000000
6636.1,312.265,00000000
6636.11,313.614,00000000
6636.12,314.513,00000000
6636.13,312.714,00000000
6636.14,312.265,00000000
6636.15,314.063,00000000
6636.16,314.063,00000000
6636.17,314.513,00000000
6636.18,314.513,00000000
6636.19,314.963,00000000
6636.2,313.164,00000000
6636.21,314.513,00000000
6636.22,312.714,00000000
6636.23,312.714,00000000
6636.24,312.714,00000000
6636.25,312.714,00000000
6636.26,314.063,00000000
6636.27,313.164,00000000
6636.28,314.063,00000000
6636.29,313.164,00000000
6636.3,312.714,00000000
6636.31,313.614,00000000
6636.32,313.614,00000000
6636.33,315.413,00000000
6636.34,316.763,00000000
6636.35,314.513,00000000
6636.36,314.513,00000000
6636.37,315.413,00000000
6636.38,317.213,00000000
6636.39,314.513,00000000
6636.4,314.963,00000000
6636.41,316.313,00000000
6636.42,318.113,00000000
6636.43,317.213,00000000
6636.44,317.663,00000000
6636.45,316.763,00000000
6636.46,317.663,00000000
6636.47,314.963,00000000
6636.48,317.213,00000000
6636.49,316.313,00000000
6636.5,318.113,00000000
6636.51,317.663,00000000
6636.52,314.963,00000000
6636.53,316.763,00000000
6636.54,316.763,00000000
6636.55,317.213,00000000
6636.56,315.863,00000000
6636.57,316.763,00000000
6636.58,316.313,00000000
6636.59,316.763,00000000
6636.6,316.763,00000000
6636.61,316.313,00000000
6636.62,315.863,00000000
6636.63,318.563,00000000
6636.64,315.863,00000000
6636.65,316.763,00000000
6636.66,317.213,00000000
6636.67,318.563,00000000
6636.68,316.313,00000000
6636.69,316.313,00000000
6636.7,316.313,00000000
6636.71,316.313,00000000
6636.72,317.663,00000000
6636.73,316.763,00000000
6636.74,314.513,00000000
6636.75,317.663,00000000
6636.76,318.113,00000000
6636.77,316.313,00000000
6636.78,317.213,00000000
6636.79,318.113,00000000
6636.8,318.113,00000000
6636.81,317.213,00000000
6636.82,317.213,00000000
6636.83,317.213,00000000
6636.84,318.563,00000000
6636.85,319.013,00000000
6636.86,317.213,00000000
6636.87,316.763,00000000
6636.88,317.213,00000000
6636.89,315.863,00000000
6636.9,314.963,00000000
6636.91,318.563,00000000
6636.92,315.863,00000000
6636.93,318.563,00000000
6636.94,315.863,00000000
6636.95,316.763,00000000
6636.96,317.663,00000000
6636.97,316.313,00000000
6636.98,318.563,00000000
6636.99,317.213,00000000
6637,316.313,00000000
6637.01,318.563,00000000
6637.02,317.213,00000000
6637.03,317.663,00000000
6637.04,317.663,00000000
6637.05,319.013,00000000
6637.06,316.763,00000000
6637.07,319.013,00000000
6637.08,318.563,00000000
6637.09,318.113,00000000
6637.1,317.663,00000000
6637.11,319.463,00000000
6637.12,319.463,00000000
6637.13,318.563,00000000
6637.14,318.113,00000000
6637.15,318.563,00000000
6637.16,321.264,00000000
6637.17,320.364,00000000
6637.18,320.364,00000000
6637.19,320.814,00000000
6637.2,319.463,00000000
6637.21,320.364,00000000
6637.22,319.913,00000000
6637.23,317.663,00000000
6637.24,318.563,00000000
6637.25,319.463,00000000
6637.26,319.013,00000000
6637.27,318.113,00000000
6637.28,320.814,00000000
6637.29,320.364,00000000
6637.3,319.463,00000000
6637.31,319.913,00000000
6637.32,319.013,00000000
6637.33,320.814,00000000
6637.34,319.913,00000000
6637.35,319.913,00000000
6637.36,319.913,00000000
6637.37,319.463,00000000
6637.38,320.814,00000000
6637.39,318.563,00000000
6637.4,320.814,00000000
6637.41,319.463,00000000
6637.42,319.463,00000000
6637.43,319.463,00000000
6637.44,320.814,00000000
6637.45,318.563,00000000
6637.46,320.364,00000000
6637.47,320.364,00000000
6637.48,319.913,00000000
6637.49,320.364,00000000
6637.5,319.013,00000000
6637.51,319.013,00000000
6637.52,318.563,00000000
6637.53,319.913,00000000
6637.54,320.364,00000000
6637.55,320.814,00000000
6637.56,321.264,00000000
6637.57,320.364,00000000
6637.58,319.913,00000000
6637.59,320.814,00000000
6637.6,320.364,00000000
6637.61,321.715,00000000
6637.62,320.364,00000000
6637.63,319.913,00000000
6637.64,320.814,00000000
6637.65,320.364,00000000
6637.66,320.364,00000000
6637.67,321.264,00000000
6637.68,320.814,00000000
6637.69,320.364,00000000
6637.7,320.814,00000000
6637.71,321.715,00000000
6637.72,321.264,00000000
6637.73,319.463,00000000
6637.74,320.814,00000000
6637.75,320.364,00000000
6637.76,321.264,00000000
6637.77,319.463,00000000
6637.78,321.264,00000000
6637.79,321.264,00000000
6637.8,319.463,00000000
6637.81,319.913,00000000
6637.82,320.364,00000000
6637.83,319.463,00000000
6637.84,319.913,00000000
6637.85,319.913,00000000
6637.86,319.013,00000000
6637.87,319.913,00000000
6637.88,321.264,00000000
6637.89,320.364,00000000
6637.9,319.013,00000000
6637.91,319.013,00000000
6637.92,319.913,00000000
6637.93,319.463,00000000
6637.94,319.463,00000000
6637.95,319.913,00000000
6637.96,319.013,00000000
6637.97,323.066,00000000
6637.98,320.814,00000000
6637.99,320.814,00000000
6638,320.364,00000000
6638.01,321.715,00000000
6638.02,322.165,00000000
6638.03,323.517,00000000
6638.04,321.715,00000000
6638.05,320.814,00000000
6638.06,319.913,00000000
6638.07,322.165,00000000
6638.08,322.165,00000000
6638.09,322.165,00000000
6638.1,321.715,00000000
6638.11,322.165,00000000
6638.12,320.364,00000000
6638.13,319.913,00000000
6638.14,319.913,00000000
6638.15,319.913,00000000
6638.16,319.913,00000000
6638.17,320.814,00000000
6638.18,319.913,00000000
6638.19,320.814,00000000
6638.2,320.364,00000000
6638.21,320.364,00000000
6638.22,320.364,00000000
6638.23,320.364,00000000
6638.24,319.463,00000000
6638.25,321.264,00000000
6638.26,321.264,00000000
6638.27,318.563,00000000
6638.28,320.364,00000000
6638.29,319.463,00000000
6638.3,321.715,00000000
6638.31,319.463,00000000
6638.32,319.463,00000000
6638.33,320.364,00000000
6638.34,320.364,00000000
6638.35,319.913,00000000
6638.36,320.364,00000000
6638.37,319.913,00000000
6638.38,319.913,00000000
6638.39,319.913,00000000
6638.4,320.364,00000000
6638.41,321.264,00000000
6638.42,319.013,00000000
6638.43,321.715,00000000
6638.44,322.165,00000000
6638.45,322.616,00000000
6638.46,322.616,00000000
6638.47,322.616,00000000
6638.48,319.913,00000000
6638.49,321.264,00000000
6638.5,320.814,00000000
6638.51,321.715,00000000
6638.52,319.913,00000000
6638.53,323.066,00000000
6638.54,322.165,00000000
6638.55,322.165,00000000
6638.56,320.814,00000000
6638.57,319.913,00000000
6638.58,320.364,00000000
6638.59,322.165,00000000
6638.6,319.913,00000000
6638.61,320.814,00000000
6638.62,320.814,00000000
6638.63,321.264,00000000
6638.64,321.715,00000000
6638.65,320.364,00000000
6638.66,321.715,00000000
6638.67,320.814,00000000
6638.68,322.165,00000000
6638.69,321.715,00000000
6638.7,320.364,00000000
6638.71,322.616,00000000
6638.72,322.165,00000000
6638.73,320.364,00000000
6638.74,321.715,00000000
6638.75,320.814,00000000
6638.76,321.715,00000000
6638.77,319.913,00000000
6638.78,322.165,00000000
6638.79,320.814,00000000
6638.8,323.066,00000000
6638.81,321.264,00000000
6638.82,323.967,00000000
6638.83,320.814,00000000
6638.84,322.616,00000000
6638.85,323.066,00000000
6638.86,323.066,00000000
6638.87,323.066,00000000
6638.88,321.715,00000000
6638.89,323.066,00000000
6638.9,321.264,00000000
6638.91,322.165,00000000
6638.92,322.165,00000000
6638.93,321.715,00000000
6638.94,321.715,00000000
6638.95,322.165,00000000
6638.96,319.913,00000000
6638.97,321.715,00000000
6638.98,321.264,00000000
6638.99,319.913,00000000
6639,320.814,00000000
6639.01,322.165,00000000
6639.02,319.913,00000000
6639.03,321.715,00000000
6639.04,320.814,00000000
6639.05,321.715,00000000
6639.06,321.264,00000000
6639.07,322.165,00000000
6639.08,322.165,00000000
6639.09,321.715,00000000
6639.1,322.165,00000000
6639.11,321.715,00000000
6639.12,322.165,00000000
6639.13,321.264,00000000
6639.14,320.814,00000000
6639.15,322.165,00000000
6639.16,321.715,00000000
6639.17,321.715,00000000
6639.18,322.616,00000000
6639.19,323.066,00000000
6639.2,322.616,00000000
6639.21,321.715,00000000
6639.22,323.066,00000000
6639.23,322.616,00000000
6639.24,323.517,00000000
6639.25,322.616,00000000
6639.26,322.616,00000000
6639.27,322.165,00000000
6639.28,323.967,00000000
6639.29,321.715,00000000
6639.3,322.165,00000000
6639.31,322.616,00000000
6639.32,323.066,00000000
6639.33,321.715,00000000
6639.34,322.616,00000000
6639.35,323.967,00000000
6639.36,322.616,00000000
6639.37,321.715,00000000
6639.38,323.066,00000000
6639.39,319.913,00000000
6639.4,322.616,00000000
6639.41,322.616,00000000
6639.42,321.715,00000000
6639.43,323.066,00000000
6639.44,323.066,00000000
6639.45,323.066,00000000
6639.46,320.364,00000000
6639.47,321.715,00000000
6639.48,322.165,00000000
6639.49,322.616,00000000
6639.5,321.715,00000000
6639.51,323.066,00000000
6639.52,322.165,00000000
6639.53,323.066,00000000
6639.54,321.715,00000000
6639.55,321.264,00000000
6639.56,322.165,00000000
6639.57,320.364,00000000
6639.58,321.264,00000000
6639.59,319.013,00000000
6639.6,320.814,00000000
6639.61,320.364,00000000
6639.62,320.814,00000000
6639.63,319.913,00000000
6639.64,319.913,00000000
6639.65,320.364,00000000
6639.66,322.165,00000000
6639.67,321.715,00000000
6639.68,320.814,00000000
6639.69,320.364,00000000
6639.7,321.715,00000000
6639.71,321.264,00000000
6639.72,321.264,00000000
6639.73,319.913,00000000
6639.74,321.264,00000000
6639.75,319.913,00000000
6639.76,321.715,00000000
6639.77,320.364,00000000
6639.78,321.264,00000000
6639.79,323.066,00000000
6639.8,321.715,00000000
6639.81,321.715,00000000
6639.82,320.364,00000000
6639.83,320.814,00000000
6639.84,321.264,00000000
6639.85,319.013,00000000
6639.86,320.364,00000000
6639.87,318.563,00000000
6639.88,317.213,00000000
6639.89,317.663,00000000
6639.9,318.113,00000000
6639.91,318.563,00000000
6639.92,320.364,00000000
6639.93,319.463,00000000
6639.94,319.463,00000000
6639.95,319.463,00000000
6639.96,319.913,00000000
6639.97,318.563,00000000
6639.98,319.013,00000000
6639.99,319.013,00000000
6640,318.563,00000000
6640.01,319.013,00000000
6640.02,319.013,00000000
6640.03,322.165,00000000
6640.04,319.913,00000000
6640.05,319.913,00000000
6640.06,319.013,00000000
6640.07,319.463,00000000
6640.08,318.563,00000000
6640.09,319.913,00000000
6640.1,317.663,00000000
6640.11,319.013,00000000
6640.12,318.563,00000000
6640.13,319.013,00000000
6640.14,317.663,00000000
6640.15,318.113,00000000
6640.16,318.563,00000000
6640.17,318.563,00000000
6640.18,318.563,00000000
6640.19,319.013,00000000
6640.2,318.113,00000000
6640.21,317.663,00000000
6640.22,317.663,00000000
6640.23,318.113,00000000
6640.24,317.213,00000000
6640.25,318.113,00000000
6640.26,318.563,00000000
6640.27,316.763,00000000
6640.28,319.913,00000000
6640.29,318.563,00000000
6640.3,318.563,00000000
6640.31,319.913,00000000
6640.32,319.013,00000000
6640.33,319.013,00000000
6640.34,318.563,00000000
6640.35,320.364,00000000
6640.36,319.913,00000000
6640.37,318.113,00000000
6640.38,318.113,00000000
6640.39,317.663,00000000
6640.4,318.113,00000000
6640.41,318.113,00000000
6640.42,319.013,00000000
6640.43,318.563,00000000
6640.44,318.563,00000000
6640.45,316.763,00000000
6640.46,317.663,00000000
6640.47,318.113,00000000
6640.48,317.663,00000000
6640.49,318.563,00000000
6640.5,319.013,00000000
6640.51,319.013,00000000
6640.52,316.313,00000000
6640.53,318.563,00000000
6640.54,318.563,00000000
6640.55,318.563,00000000
6640.56,318.563,00000000
6640.57,316.763,00000000
6640.58,318.563,00000000
6640.59,318.563,00000000
6640.6,317.663,00000000
6640.61,318.563,00000000
6640.62,318.113,00000000
6640.63,317.663,00000000
6640.64,318.563,00000000
6640.65,317.213,00000000
6640.66,317.213,00000000
6640.67,318.563,00000000
6640.68,319.013,00000000
6640.69,318.563,00000000
6640.7,318.563,00000000
6640.71,317.213,00000000
6640.72,318.113,00000000
6640.73,317.213,00000000
6640.74,317.663,00000000
6640.75,317.213,00000000
6640.76,316.313,00000000
6640.77,318.563,00000000
6640.78,317.663,00000000
6640.79,316.763,00000000
6640.8,319.463,00000000
6640.81,317.213,00000000
6640.82,318.113,00000000
6640.83,317.213,00000000
6640.84,317.663,00000000
6640.85,316.313,00000000
6640.86,315.863,00000000
6640.87,314.963,00000000
6640.88,314.963,00000000
6640.89,314.513,00000000
6640.9,314.513,00000000
6640.91,314.513,00000000
6640.92,314.963,00000000
6640.93,316.763,00000000
6640.94,314.963,00000000
6640.95,314.963,00000000
6640.96,316.313,00000000
6640.97,315.863,00000000
6640.98,316.763,00000000
6640.99,315.863,00000000
6641,315.413,00000000
6641.01,316.763,00000000
6641.02,316.313,00000000
6641.03,316.763,00000000
6641.04,316.763,00000000
6641.05,316.763,00000000
6641.06,316.763,00000000
6641.07,317.663,00000000
6641.08,317.663,00000000
6641.09,316.763,00000000
6641.1,316.763,00000000
6641.11,315.413,00000000
6641.12,315.413,00000000
6641.13,314.513,00000000
6641.14,315.863,00000000
6641.15,314.063,00000000
6641.16,315.863,00000000
6641.17,314.513,00000000
6641.18,315.863,00000000
6641.19,314.513,00000000
6641.2,314.963,00000000
6641.21,314.963,00000000
6641.22,314.963,00000000
6641.23,312.714,00000000
6641.24,314.063,00000000
6641.25,314.513,00000000
6641.26,314.963,00000000
6641.27,314.063,00000000
6641.28,315.413,00000000
6641.29,315.863,00000000
6641.3,313.614,00000000
6641.31,312.714,00000000
6641.32,314.063,00000000
6641.33,313.164,00000000
6641.34,313.164,00000000
6641.35,314.513,00000000
6641.36,313.614,00000000
6641.37,313.164,00000000
6641.38,312.714,00000000
6641.39,310.916,00000000
6641.4,311.366,00000000
6641.41,311.815,00000000
6641.42,312.714,00000000
6641.43,311.815,00000000
6641.44,312.714,00000000
6641.45,312.714,00000000
6641.46,312.714,00000000
6641.47,313.614,00000000
6641.48,313.614,00000000
6641.49,312.714,00000000
6641.5,311.815,00000000
6641.51,312.714,00000000
6641.52,311.366,00000000
6641.53,314.063,00000000
6641.54,311.815,00000000
6641.55,314.063,00000000
6641.56,313.164,00000000
6641.57,311.366,00000000
6641.58,313.164,00000000
6641.59,310.916,00000000
6641.6,311.366,00000000
6641.61,311.815,00000000
6641.62,311.815,00000000
6641.63,312.714,00000000
6641.64,312.714,00000000
6641.65,310.916,00000000
6641.66,313.614,00000000
6641.67,314.513,00000000
6641.68,313.164,00000000
6641.69,314.963,00000000
6641.7,310.916,00000000
6641.71,313.614,00000000
6641.72,311.815,00000000
6641.73,313.614,00000000
6641.74,312.714,00000000
6641.75,310.916,00000000
6641.76,311.366,00000000
6641.77,310.916,00000000
6641.78,312.265,00000000
6641.79,311.366,00000000
6641.8,312.265,00000000
6641.81,312.714,00000000
6641.82,312.265,00000000
6641.83,310.467,00000000
6641.84,309.568,00000000
6641.85,310.017,00000000
6641.86,310.467,00000000
6641.87,310.916,00000000
6641.88,309.119,00000000
6641.89,309.119,00000000
6641.9,309.568,00000000
6641.91,312.265,00000000
6641.92,312.265,00000000
6641.93,311.815,00000000
6641.94,313.164,00000000
6641.95,313.164,00000000
6641.96,312.265,00000000
6641.97,311.815,00000000
6641.98,312.265,00000000
6641.99,313.164,00000000
6642,311.366,00000000
6642.01,310.916,00000000
6642.02,310.467,00000000
6642.03,311.815,00000000
6642.04,312.265,00000000
6642.05,312.265,00000000
6642.06,310.916,00000000
6642.07,311.366,00000000
6642.08,312.265,00000000
6642.09,310.467,00000000
6642.1,310.916,00000000
6642.11,312.265,00000000
6642.12,310.017,00000000
6642.13,310.467,00000000
6642.14,309.568,00000000
6642.15,310.467,00000000
6642.16,312.265,00000000
6642.17,312.265,00000000
6642.18,312.714,00000000
6642.19,310.916,00000000
6642.2,312.265,00000000
6642.21,312.714,00000000
6642.22,311.366,00000000
6642.23,309.119,00000000
6642.24,311.815,00000000
6642.25,310.467,00000000
6642.26,311.815,00000000
6642.27,311.366,00000000
6642.28,311.366,00000000
6642.29,311.815,00000000
6642.3,310.916,00000000
6642.31,310.467,00000000
6642.32,310.017,00000000
6642.33,310.467,00000000
6642.34,309.119,00000000
6642.35,309.568,00000000
6642.36,310.467,00000000
6642.37,308.669,00000000
6642.38,309.119,00000000
6642.39,308.220,00000000
6642.4,306.873,00000000
6642.41,309.119,00000000
6642.42,310.467,00000000
6642.43,310.467,00000000
6642.44,308.669,00000000
6642.45,310.467,00000000
6642.46,307.771,00000000
6642.47,308.669,00000000
6642.48,309.568,00000000
6642.49,308.220,00000000
6642.5,310.017,00000000
6642.51,309.119,00000000
6642.52,306.873,00000000
6642.53,309.119,00000000
6642.54,308.669,00000000
6642.55,309.119,00000000
6642.56,307.771,00000000
6642.57,307.322,00000000
6642.58,307.771,00000000
6642.59,307.771,00000000
6642.6,308.220,00000000
6642.61,308.669,00000000
6642.62,308.220,00000000
6642.63,308.669,00000000
6642.64,305.974,00000000
6642.65,306.873,00000000
6642.66,310.467,00000000
6642.67,308.220,00000000
6642.68,306.423,00000000
6642.69,309.119,00000000
6642.7,308.220,00000000
6642.71,306.423,00000000
6642.72,308.220,00000000
6642.73,305.974,00000000
6642.74,306.873,00000000
6642.75,307.322,00000000
6642.76,307.771,00000000
6642.77,306.873,00000000
6642.78,307.771,00000000
6642.79,305.525,00000000
6642.8,307.322,00000000
6642.81,305.974,00000000
6642.82,305.974,00000000
6642.83,305.525,00000000
6642.84,305.974,00000000
6642.85,305.525,00000000
6642.86,306.423,00000000
6642.87,305.525,00000000
6642.88,305.076,00000000
6642.89,305.076,00000000
6642.9,305.525,00000000
6642.91,306.423,00000000
6642.92,305.974,00000000
6642.93,305.525,00000000
6642.94,307.771,00000000
6642.95,306.873,00000000
6642.96,306.423,00000000
6642.97,305.974,00000000
6642.98,305.076,00000000
6642.99,305.076,00000000
6643,303.730,00000000
6643.01,303.730,00000000
6643.02,304.178,00000000
6643.03,305.974,00000000
6643.04,303.730,00000000
6643.05,303.281,00000000
6643.06,305.076,00000000
6643.07,304.178,00000000
6643.08,304.178,00000000
6643.09,302.832,00000000
6643.1,302.832,00000000
6643.11,303.730,00000000
6643.12,304.178,00000000
6643.13,303.730,00000000
6643.14,302.383,00000000
6643.15,302.383,00000000
6643.16,303.730,00000000
6643.17,304.627,00000000
6643.18,305.076,00000000
6643.19,303.281,00000000
6643.2,303.281,00000000
6643.21,303.281,00000000
6643.22,303.730,00000000
6643.23,303.730,00000000
6643.24,301.935,00000000
6643.25,301.935,00000000
6643.26,303.281,00000000
6643.27,302.383,00000000
6643.28,301.935,00000000
6643.29,301.486,00000000
6643.3,301.486,00000000
6643.31,302.383,00000000
6643.32,302.383,00000000
6643.33,301.486,00000000
6643.34,301.486,00000000
6643.35,302.383,00000000
6643.36,301.486,00000000
6643.37,302.383,00000000
6643.38,302.383,00000000
6643.39,300.589,00000000
6643.4,298.795,00000000
6643.41,301.037,00000000
6643.42,302.383,00000000
6643.43,301.037,00000000
6643.44,301.486,00000000
6643.45,300.589,00000000
6643.46,301.486,00000000
6643.47,301.037,00000000
6643.48,301.486,00000000
6643.49,298.346,00000000
6643.5,300.140,00000000
6643.51,300.140,00000000
6643.52,300.140,00000000
6643.53,301.037,00000000
6643.54,301.935,00000000
6643.55,302.832,00000000
6643.56,300.589,00000000
6643.57,301.037,00000000
6643.58,298.346,00000000
6643.59,299.691,00000000
6643.6,300.140,00000000
6643.61,300.589,00000000
6643.62,299.243,00000000
6643.63,299.691,00000000
6643.64,299.243,00000000
6643.65,300.140,00000000
6643.66,300.140,00000000
6643.67,300.589,00000000
6643.68,300.589,00000000
6643.69,299.243,00000000
6643.7,299.691,00000000
6643.71,298.346,00000000
6643.72,297.898,00000000
6643.73,298.346,00000000
6643.74,299.691,00000000
6643.75,298.795,00000000
6643.76,298.346,00000000
6643.77,297.449,00000000
6643.78,298.346,00000000
6643.79,299.691,00000000
6643.8,298.346,00000000
6643.81,298.346,00000000
6643.82,298.795,00000000
6643.83,297.898,00000000
6643.84,297.898,00000000
6643.85,299.243,00000000
6643.86,297.449,00000000
6643.87,298.795,00000000
6643.88,297.449,00000000
6643.89,297.001,00000000
6643.9,297.001,00000000
6643.91,297.449,00000000
6643.92,297.449,00000000
6643.93,298.346,00000000
6643.94,297.449,00000000
6643.95,297.001,00000000
6643.96,297.449,00000000
6643.97,296.553,00000000
6643.98,296.553,00000000
6643.99,297.449,00000000
6644,297.449,00000000
6644.01,297.001,00000000
6644.02,296.553,00000000
6644.03,296.553,00000000
6644.04,296.553,00000000
6644.05,297.001,00000000
6644.06,295.656,00000000
6644.07,297.001,00000000
6644.08,294.760,00000000
6644.09,297.001,00000000
6644.1,295.208,00000000
6644.11,295.208,00000000
6644.12,295.656,00000000
6644.13,294.312,00000000
6644.14,294.312,00000000
6644.15,293.864,00000000
6644.16,294.312,00000000
6644.17,296.105,00000000
6644.18,294.312,00000000
6644.19,294.312,00000000
6644.2,293.864,00000000
6644.21,293.864,00000000
6644.22,292.968,00000000
6644.23,292.072,00000000
6644.24,292.520,00000000
6644.25,292.072,00000000
6644.26,292.072,00000000
6644.27,290.729,00000000
6644.28,292.072,00000000
6644.29,292.968,00000000
6644.3,293.416,00000000
6644.31,293.416,00000000
6644.32,292.520,00000000
6644.33,293.864,00000000
6644.34,292.520,00000000
6644.35,294.312,00000000
6644.36,292.520,00000000
6644.37,292.968,00000000
6644.38,291.177,00000000
6644.39,292.072,00000000
6644.4,291.177,00000000
6644.41,291.625,00000000
6644.42,294.312,00000000
6644.43,293.416,00000000
6644.44,292.072,00000000
6644.45,292.520,00000000
6644.46,290.729,00000000
6644.47,289.386,00000000
6644.48,291.625,00000000
6644.49,291.177,00000000
6644.5,291.625,00000000
6644.51,290.729,00000000
6644.52,289.386,00000000
6644.53,291.625,00000000
6644.54,291.625,00000000
6644.55,291.177,00000000
6644.56,290.729,00000000
6644.57,289.834,00000000
6644.58,288.491,00000000
6644.59,288.938,00000000
6644.6,289.834,00000000
6644.61,288.491,00000000
6644.62,290.281,00000000
6644.63,291.177,00000000
6644.64,290.729,00000000
6644.65,288.491,00000000
6644.66,289.834,00000000
6644.67,290.729,00000000
6644.68,290.281,00000000
6644.69,291.177,00000000
6644.7,289.386,00000000
6644.71,291.625,00000000
6644.72,291.625,00000000
6644.73,290.729,00000000
6644.74,290.729,00000000
6644.75,290.729,00000000
6644.76,289.834,00000000
6644.77,288.043,00000000
6644.78,289.386,00000000
6644.79,288.491,00000000
6644.8,290.281,00000000
6644.81,288.491,00000000
6644.82,288.491,00000000
6644.83,289.386,00000000
6644.84,288.491,00000000
6644.85,288.491,00000000
6644.86,289.834,00000000
6644.87,288.938,00000000
6644.88,287.596,00000000
6644.89,289.834,00000000
6644.9,286.701,00000000
6644.91,289.834,00000000
6644.92,288.491,00000000
6644.93,287.148,00000000
6644.94,288.938,00000000
6644.95,288.043,00000000
6644.96,287.596,00000000
6644.97,288.043,00000000
6644.98,286.701,00000000
6644.99,288.043,00000000
6645,287.148,00000000
6645.01,285.806,00000000
6645.02,283.570,00000000
6645.03,286.254,00000000
6645.04,285.806,00000000
6645.05,287.596,00000000
6645.06,287.596,00000000
6645.07,285.806,00000000
6645.08,285.806,00000000
6645.09,287.148,00000000
6645.1,287.148,00000000
6645.11,286.254,00000000
6645.12,284.465,00000000
6645.13,285.806,00000000
6645.14,284.912,00000000
6645.15,286.254,00000000
6645.16,286.254,00000000
6645.17,284.912,00000000
6645.18,285.359,00000000
6645.19,284.465,00000000
6645.2,284.017,00000000
6645.21,284.912,00000000
6645.22,283.570,00000000
6645.23,284.465,00000000
6645.24,282.229,00000000
6645.25,284.017,00000000
6645.26,284.017,00000000
6645.27,282.229,00000000
6645.28,283.123,00000000
6645.29,284.465,00000000
6645.3,283.123,00000000
6645.31,282.676,00000000
6645.32,280.888,00000000
6645.33,282.229,00000000
6645.34,281.335,00000000
6645.35,280.441,00000000
6645.36,280.441,00000000
6645.37,281.335,00000000
6645.38,280.441,00000000
6645.39,280.888,00000000
6645.4,280.888,00000000
6645.41,281.782,00000000
6645.42,280.441,00000000
6645.43,281.782,00000000
6645.44,280.441,00000000
6645.45,282.229,00000000
6645.46,282.676,00000000
6645.47,281.335,00000000
6645.48,282.676,00000000
6645.49,282.229,00000000
6645.5,282.229,00000000
6645.51,283.570,00000000
6645.52,282.229,00000000
6645.53,281.335,00000000
6645.54,281.335,00000000
6645.55,282.229,00000000
6645.56,282.229,00000000
6645.57,281.782,00000000
6645.58,281.335,00000000
6645.59,282.229,00000000
6645.6,281.782,00000000
6645.61,280.888,00000000
6645.62,280.888,00000000
6645.63,279.994,00000000
6645.64,279.548,00000000
6645.65,279.994,00000000
6645.66,280.888,00000000
6645.67,282.229,00000000
6645.68,280.888,00000000
6645.69,281.782,00000000
6645.7,280.888,00000000
6645.71,279.101,00000000
6645.72,280.441,00000000
6645.73,280.888,00000000
6645.74,279.994,00000000
6645.75,281.335,00000000
6645.76,279.994,00000000
6645.77,278.654,00000000
6645.78,280.441,00000000
6645.79,280.441,00000000
6645.8,280.888,00000000
6645.81,282.229,00000000
6645.82,279.994,00000000
6645.83,281.782,00000000
6645.84,279.994,00000000
6645.85,279.548,00000000
6645.86,278.654,00000000
6645.87,280.441,00000000
6645.88,277.314,00000000
6645.89,279.101,00000000
6645.9,278.208,00000000
6645.91,278.208,00000000
6645.92,279.101,00000000
6645.93,275.975,00000000
6645.94,277.314,00000000
6645.95,276.868,00000000
6645.96,278.654,00000000
6645.97,275.082,00000000
6645.98,277.314,00000000
6645.99,277.314,00000000
6646,276.421,00000000
6646.01,277.314,00000000
6646.02,275.528,00000000
6646.03,278.208,00000000
6646.04,278.208,00000000
6646.05,277.761,00000000
6646.06,277.314,00000000
6646.07,277.314,00000000
6646.08,278.208,00000000
6646.09,277.314,00000000
6646.1,276.421,00000000
6646.11,276.868,00000000
6646.12,277.761,00000000
6646.13,276.868,00000000
6646.14,275.082,00000000
6646.15,275.082,00000000
6646.16,277.314,00000000
6646.17,276.868,00000000
6646.18,276.868,00000000
6646.19,276.421,00000000
6646.2,276.421,00000000
6646.21,277.314,00000000
6646.22,276.868,00000000
6646.23,275.528,00000000
6646.24,275.975,00000000
6646.25,275.975,00000000
6646.26,276.421,00000000
6646.27,275.082,00000000
6646.28,275.975,00000000
6646.29,275.528,00000000
6646.3,274.636,00000000
6646.31,275.082,00000000
6646.32,275.528,00000000
6646.33,273.743,00000000
6646.34,275.082,00000000
6646.35,274.636,00000000
6646.36,273.297,00000000
6646.37,273.743,00000000
6646.38,273.297,00000000
6646.39,272.850,00000000
6646.4,273.743,00000000
6646.41,275.528,00000000
6646.42,275.082,00000000
6646.43,274.636,00000000
6646.44,274.189,00000000
6646.45,274.189,00000000
6646.46,273.743,00000000
6646.47,274.189,00000000
6646.48,274.636,00000000
6646.49,275.082,00000000
6646.5,274.636,00000000
6646.51,275.082,00000000
6646.52,273.743,00000000
6646.53,274.189,00000000
6646.54,274.189,00000000
6646.55,274.189,00000000
6646.56,273.297,00000000
6646.57,273.297,00000000
6646.58,273.743,00000000
6646.59,272.850,00000000
6646.6,273.743,00000000
6646.61,271.958,00000000
6646.62,273.297,00000000
6646.63,272.850,00000000
6646.64,270.620,00000000
6646.65,272.850,00000000
6646.66,272.850,00000000
6646.67,273.743,00000000
6646.68,275.082,00000000
6646.69,273.743,00000000
6646.7,275.528,00000000
6646.71,274.189,00000000
6646.72,275.082,00000000
6646.73,275.528,00000000
6646.74,275.082,00000000
6646.75,273.743,00000000
6646.76,273.743,00000000
6646.77,273.297,00000000
6646.78,275.528,00000000
6646.79,274.189,00000000
6646.8,274.189,00000000
6646.81,273.743,00000000
6646.82,273.297,00000000
6646.83,273.743,00000000
6646.84,274.189,00000000
6646.85,272.850,00000000
6646.86,272.850,00000000
6646.87,272.850,00000000
6646.88,272.850,00000000
6646.89,270.174,00000000
6646.9,269.728,00000000
6646.91,269.728,00000000
6646.92,271.958,00000000
6646.93,271.512,00000000
6646.94,271.958,00000000
6646.95,270.620,00000000
6646.96,270.174,00000000
6646.97,269.728,00000000
6646.98,269.282,00000000
6646.99,271.512,00000000
6647,269.728,00000000
6647.01,270.620,00000000
6647.02,269.728,00000000
6647.03,270.620,00000000
6647.04,269.728,00000000
6647.05,271.066,00000000
6647.06,270.620,00000000
6647.07,269.282,00000000
6647.08,271.958,00000000
6647.09,271.512,00000000
6647.1,271.066,00000000
6647.11,269.282,00000000
6647.12,270.174,00000000
6647.13,270.174,00000000
6647.14,269.282,00000000
6647.15,267.499,00000000
6647.16,267.945,00000000
6647.17,268.390,00000000
6647.18,270.174,00000000
6647.19,268.836,00000000
6647.2,268.836,00000000
6647.21,270.174,00000000
6647.22,267.499,00000000
6647.23,268.390,00000000
6647.24,268.836,00000000
6647.25,269.282,00000000
6647.26,268.836,00000000
6647.27,268.390,00000000
6647.28,267.945,00000000
6647.29,270.174,00000000
6647.3,268.836,00000000
6647.31,268.390,00000000
6647.32,268.836,00000000
6647.33,270.174,00000000
6647.34,268.390,00000000
6647.35,266.162,00000000
6647.36,268.836,00000000
6647.37,268.836,00000000
6647.38,268.836,00000000
6647.39,270.174,00000000
6647.4,267.945,00000000
6647.41,268.836,00000000
6647.42,267.945,00000000
6647.43,269.282,00000000
6647.44,268.836,00000000
6647.45,269.728,00000000
6647.46,270.174,00000000
6647.47,268.836,00000000
6647.48,267.499,00000000
6647.49,267.945,00000000
6647.5,267.945,00000000
6647.51,267.053,00000000
6647.52,266.162,00000000
6647.53,267.499,00000000
6647.54,267.945,00000000
6647.55,267.053,00000000
6647.56,267.945,00000000
6647.57,268.836,00000000
6647.58,267.499,00000000
6647.59,267.499,00000000
6647.6,266.162,00000000
6647.61,270.174,00000000
6647.62,269.282,00000000
6647.63,267.945,00000000
6647.64,267.053,00000000
6647.65,267.945,00000000
6647.66,270.620,00000000
6647.67,270.174,00000000
6647.68,268.836,00000000
6647.69,270.174,00000000
6647.7,269.728,00000000
6647.71,267.945,00000000
6647.72,268.836,00000000
6647.73,270.174,00000000
6647.74,268.836,00000000
6647.75,269.282,00000000
6647.76,268.836,00000000
6647.77,267.945,00000000
6647.78,268.390,00000000
6647.79,268.390,00000000
6647.8,268.836,00000000
6647.81,269.282,00000000
6647.82,269.282,00000000
6647.83,268.390,00000000
6647.84,270.174,00000000
6647.85,270.174,00000000
6647.86,270.174,00000000
6647.87,269.728,00000000
6647.88,270.174,00000000
6647.89,267.945,00000000
6647.9,266.608,00000000
6647.91,271.066,00000000
6647.92,268.836,00000000
6647.93,269.728,00000000
6647.94,270.174,00000000
6647.95,268.390,00000000
6647.96,269.282,00000000
6647.97,270.174,00000000
6647.98,267.945,00000000
6647.99,269.282,00000000
6648,268.836,00000000
6648.01,267.499,00000000
6648.02,267.499,00000000
6648.03,269.282,00000000
6648.04,267.945,00000000
6648.05,268.390,00000000
6648.06,269.282,00000000
6648.07,269.282,00000000
6648.08,269.728,00000000
6648.09,270.620,00000000
6648.1,267.945,00000000
6648.11,270.620,00000000
6648.12,268.836,00000000
6648.13,267.945,00000000
6648.14,271.066,00000000
6648.15,268.390,00000000
6648.16,269.728,00000000
6648.17,269.728,00000000
6648.18,270.174,00000000
6648.19,269.728,00000000
6648.2,269.728,00000000
6648.21,268.836,00000000
6648.22,269.728,00000000
6648.23,267.945,00000000
6648.24,271.066,00000000
6648.25,271.066,00000000
6648.26,268.836,00000000
6648.27,269.728,00000000
6648.28,269.728,00000000
6648.29,269.282,00000000
6648.3,269.282,00000000
6648.31,269.282,00000000
6648.32,271.958,00000000
6648.33,269.282,00000000
6648.34,268.390,00000000
6648.35,269.282,00000000
6648.36,268.836,00000000
6648.37,268.836,00000000
6648.38,269.282,00000000
6648.39,268.390,00000000
6648.4,268.390,00000000
6648.41,267.945,00000000
6648.42,268.836,00000000
6648.43,269.282,00000000
6648.44,269.282,00000000
6648.45,268.390,00000000
6648.46,267.499,00000000
6648.47,269.282,00000000
6648.48,267.499,00000000
6648.49,267.945,00000000
6648.5,267.945,00000000
6648.51,267.499,00000000
6648.52,265.716,00000000
6648.53,267.945,00000000
6648.54,267.499,00000000
6648.55,267.499,00000000
6648.56,267.945,00000000
6648.57,266.608,00000000
6648.58,267.053,00000000
6648.59,268.390,00000000
6648.6,266.608,00000000
6648.61,266.608,00000000
6648.62,266.608,00000000
6648.63,267.945,00000000
6648.64,265.271,00000000
6648.65,267.053,00000000
6648.66,267.053,00000000
6648.67,268.390,00000000
6648.68,268.390,00000000
6648.69,269.282,00000000
6648.7,267.945,00000000
6648.71,268.836,00000000
6648.72,268.390,00000000
6648.73,267.499,00000000
6648.74,267.945,00000000
6648.75,267.945,00000000
6648.76,268.390,00000000
6648.77,267.053,00000000
6648.78,269.282,00000000
6648.79,269.728,00000000
6648.8,269.728,00000000
6648.81,269.282,00000000
6648.82,269.282,00000000
6648.83,268.390,00000000
6648.84,271.958,00000000
6648.85,271.958,00000000
6648.86,271.512,00000000
6648.87,269.282,00000000
6648.88,271.066,00000000
6648.89,268.836,00000000
6648.9,269.282,00000000
6648.91,271.066,00000000
6648.92,271.512,00000000
6648.93,270.174,00000000
6648.94,271.512,00000000
6648.95,270.174,00000000
6648.96,269.282,00000000
6648.97,270.620,00000000
6648.98,268.390,00000000
6648.99,269.728,00000000
6649,268.390,00000000
6649.01,270.174,00000000
6649.02,268.390,00000000
6649.03,267.945,00000000
6649.04,268.836,00000000
6649.05,267.945,00000000
6649.06,268.390,00000000
6649.07,267.053,00000000
6649.08,267.499,00000000
6649.09,268.390,00000000
6649.1,266.608,00000000
6649.11,268.390,00000000
6649.12,267.945,00000000
6649.13,269.728,00000000
6649.14,266.608,00000000
6649.15,266.608,00000000
6649.16,268.836,00000000
6649.17,267.053,00000000
6649.18,267.945,00000000
6649.19,268.390,00000000
6649.2,269.282,00000000
6649.21,268.836,00000000
6649.22,268.836,00000000
6649.23,269.282,00000000
6649.24,268.836,00000000
6649.25,267.053,00000000
6649.26,267.945,00000000
6649.27,266.162,00000000
6649.28,269.282,00000000
6649.29,269.282,00000000
6649.3,270.174,00000000
6649.31,269.282,00000000
6649.32,268.390,00000000
6649.33,269.282,00000000
6649.34,269.728,00000000
6649.35,269.282,00000000
6649.36,269.728,00000000
6649.37,268.836,00000000
6649.38,270.174,00000000
6649.39,268.390,00000000
6649.4,269.728,00000000
6649.41,270.620,00000000
6649.42,271.512,00000000
6649.43,270.174,00000000
6649.44,271.066,00000000
6649.45,270.620,00000000
6649.46,269.728,00000000
6649.47,270.620,00000000
6649.48,268.390,00000000
6649.49,267.945,00000000
6649.5,269.282,00000000
6649.51,268.836,00000000
6649.52,267.053,00000000
6649.53,270.174,00000000
6649.54,269.728,00000000
6649.55,270.174,00000000
6649.56,269.728,00000000
6649.57,268.390,00000000
6649.58,270.174,00000000
6649.59,270.174,00000000
6649.6,269.282,00000000
6649.61,269.728,00000000
6649.62,270.620,00000000
6649.63,269.282,00000000
6649.64,269.282,00000000
6649.65,269.728,00000000
6649.66,271.958,00000000
6649.67,269.282,00000000
6649.68,270.174,00000000
6649.69,269.282,00000000
6649.7,270.174,00000000
6649.71,271.066,00000000
6649.72,268.836,00000000
6649.73,269.728,00000000
6649.74,270.620,00000000
6649.75,270.620,00000000
6649.76,269.282,00000000
6649.77,269.282,00000000
6649.78,268.836,00000000
6649.79,269.728,00000000
6649.8,268.390,00000000
6649.81,269.282,00000000
6649.82,269.728,00000000
6649.83,271.066,00000000
6649.84,269.728,00000000
6649.85,271.958,00000000
6649.86,271.066,00000000
6649.87,270.174,00000000
6649.88,270.620,00000000
6649.89,268.836,00000000
6649.9,270.620,00000000
6649.91,270.620,00000000
6649.92,270.620,00000000
6649.93,269.282,00000000
6649.94,269.728,00000000
6649.95,270.620,00000000
6649.96,271.958,00000000
6649.97,271.512,00000000
6649.98,269.282,00000000
6649.99,269.728,00000000
6650,268.836,00000000
6650.01,271.066,00000000
6650.02,269.728,00000000
6650.03,272.404,00000000
6650.04,270.620,00000000
6650.05,271.512,00000000
6650.06,272.850,00000000
6650.07,271.958,00000000
6650.08,272.850,00000000
6650.09,273.743,00000000
6650.1,274.636,00000000
6650.11,273.297,00000000
6650.12,273.297,00000000
6650.13,271.512,00000000
6650.14,271.958,00000000
6650.15,270.620,00000000
6650.16,271.958,00000000
6650.17,272.850,00000000
6650.18,270.620,00000000
6650.19,271.066,00000000
6650.2,271.066,00000000
6650.21,271.066,00000000
6650.22,270.620,00000000
6650.23,270.620,00000000
6650.24,271.512,00000000
6650.25,272.404,00000000
6650.26,269.728,00000000
6650.27,270.620,00000000
6650.28,272.850,00000000
6650.29,271.512,00000000
6650.3,271.512,00000000
6650.31,272.850,00000000
6650.32,273.297,00000000
6650.33,272.850,00000000
6650.34,273.297,00000000
6650.35,273.297,00000000
6650.36,271.958,00000000
6650.37,272.850,00000000
6650.38,272.850,00000000
6650.39,271.066,00000000
6650.4,272.404,00000000
6650.41,273.743,00000000
6650.42,274.636,00000000
6650.43,273.743,00000000
6650.44,272.850,00000000
6650.45,273.297,00000000
6650.46,273.297,00000000
6650.47,271.512,00000000
6650.48,272.850,00000000
6650.49,273.297,00000000
6650.5,274.636,00000000
6650.51,273.297,00000000
6650.52,272.404,00000000
6650.53,273.743,00000000
6650.54,271.958,00000000
6650.55,272.404,00000000
6650.56,273.297,00000000
6650.57,274.189,00000000
6650.58,275.082,00000000
6650.59,275.528,00000000
6650.6,274.189,00000000
6650.61,273.297,00000000
6650.62,274.189,00000000
6650.63,274.189,00000000
6650.64,271.958,00000000
6650.65,272.850,00000000
6650.66,275.528,00000000
6650.67,273.297,00000000
6650.68,272.850,00000000
6650.69,273.743,00000000
6650.7,272.404,00000000
6650.71,272.850,00000000
6650.72,274.189,00000000
6650.73,272.850,00000000
6650.74,273.743,00000000
6650.75,273.297,00000000
6650.76,272.404,00000000
6650.77,271.512,00000000
6650.78,275.528,00000000
6650.79,273.743,00000000
6650.8,273.743,00000000
6650.81,272.850,00000000
6650.82,273.297,00000000
6650.83,273.743,00000000
6650.84,272.850,00000000
6650.85,273.743,00000000
6650.86,271.512,00000000
6650.87,273.297,00000000
6650.88,273.297,00000000
6650.89,271.958,00000000
6650.9,273.743,00000000
6650.91,272.850,00000000
6650.92,273.743,00000000
6650.93,274.636,00000000
6650.94,272.404,00000000
6650.95,274.636,00000000
6650.96,273.297,00000000
6650.97,273.743,00000000
6650.98,273.297,00000000
6650.99,273.743,00000000
6651,274.636,00000000
6651.01,275.082,00000000
6651.02,274.189,00000000
6651.03,274.189,00000000
6651.04,275.528,00000000
6651.05,275.082,00000000
6651.06,274.636,00000000
6651.07,273.297,00000000
6651.08,274.189,00000000
6651.09,274.189,00000000
6651.1,273.743,00000000
6651.11,275.528,00000000
6651.12,275.082,00000000
6651.13,274.189,00000000
6651.14,273.297,00000000
6651.15,272.850,00000000
6651.16,275.528,00000000
6651.17,275.528,00000000
6651.18,275.528,00000000
6651.19,275.528,00000000
6651.2,275.082,00000000
6651.21,275.082,00000000
6651.22,275.528,00000000
6651.23,275.528,00000000
6651.24,274.636,00000000
6651.25,275.082,00000000
6651.26,275.528,00000000
6651.27,274.189,00000000
6651.28,277.314,00000000
6651.29,275.528,00000000
6651.3,276.868,00000000
6651.31,275.082,00000000
6651.32,276.421,00000000
6651.33,275.975,00000000
6651.34,277.314,00000000
6651.35,275.082,00000000
6651.36,275.528,00000000
6651.37,275.082,00000000
6651.38,276.421,00000000
6651.39,274.636,00000000
6651.4,274.189,00000000
6651.41,276.421,00000000
6651.42,275.528,00000000
6651.43,275.082,00000000
6651.44,275.082,00000000
6651.45,276.421,00000000
6651.46,276.421,00000000
6651.47,276.421,00000000
6651.48,275.082,00000000
6651.49,275.975,00000000
6651.5,275.975,00000000
6651.51,276.421,00000000
6651.52,275.528,00000000
6651.53,276.421,00000000
6651.54,278.654,00000000
6651.55,278.208,00000000
6651.56,279.994,00000000
6651.57,278.208,00000000
6651.58,277.761,00000000
6651.59,278.208,00000000
6651.6,276.868,00000000
6651.61,278.654,00000000
6651.62,279.101,00000000
6651.63,277.314,00000000
6651.64,275.528,00000000
6651.65,276.868,00000000
6651.66,277.761,00000000
6651.67,276.421,00000000
6651.68,275.975,00000000
6651.69,276.868,00000000
6651.7,276.421,00000000
6651.71,275.975,00000000
6651.72,276.421,00000000
6651.73,275.975,00000000
6651.74,277.314,00000000
6651.75,275.528,00000000
6651.76,275.975,00000000
6651.77,273.297,00000000
6651.78,276.868,00000000
6651.79,276.868,00000000
6651.8,276.868,00000000
6651.81,275.528,00000000
6651.82,276.868,00000000
6651.83,276.868,00000000
6651.84,275.975,00000000
6651.85,275.975,00000000
6651.86,277.314,00000000
6651.87,275.975,00000000
6651.88,278.208,00000000
6651.89,275.975,00000000
6651.9,276.868,00000000
6651.91,276.421,00000000
6651.92,277.314,00000000
6651.93,278.208,00000000
6651.94,277.761,00000000
6651.95,276.868,00000000
6651.96,278.654,00000000
6651.97,278.208,00000000
6651.98,278.654,00000000
6651.99,278.654,00000000
6652,277.314,00000000
6652.01,279.548,00000000
6652.02,277.761,00000000
6652.03,279.101,00000000
6652.04,279.548,00000000
6652.05,278.654,00000000
6652.06,278.654,00000000
6652.07,277.761,00000000
6652.08,277.761,00000000
6652.09,279.101,00000000
6652.1,279.548,00000000
6652.11,278.654,00000000
6652.12,279.994,00000000
6652.13,278.208,00000000
6652.14,276.868,00000000
6652.15,278.208,00000000
6652.16,280.441,00000000
6652.17,280.888,00000000
6652.18,279.994,00000000
6652.19,279.548,00000000
6652.2,280.441,00000000
6652.21,278.654,00000000
6652.22,279.994,00000000
6652.23,278.654,00000000
6652.24,278.654,00000000
6652.25,279.994,00000000
6652.26,279.548,00000000
6652.27,279.548,00000000
6652.28,279.994,00000000
6652.29,279.994,00000000
6652.3,281.782,00000000
6652.31,280.888,00000000
6652.32,280.441,00000000
6652.33,280.441,00000000
6652.34,279.548,00000000
6652.35,279.994,00000000
6652.36,281.335,00000000
6652.37,281.335,00000000
6652.38,280.441,00000000
6652.39,278.654,00000000
6652.4,279.994,00000000
6652.41,279.994,00000000
6652.42,281.782,00000000
6652.43,279.548,00000000
6652.44,283.570,00000000
6652.45,281.335,00000000
6652.46,281.335,00000000
6652.47,281.782,00000000
6652.48,282.229,00000000
6652.49,281.782,00000000
6652.5,282.229,00000000
6652.51,282.229,00000000
6652.52,282.229,00000000
6652.53,284.912,00000000
6652.54,284.465,00000000
6652.55,284.465,00000000
6652.56,284.465,00000000
6652.57,283.570,00000000
6652.58,282.676,00000000
6652.59,282.229,00000000
6652.6,284.465,00000000
6652.61,281.782,00000000
6652.62,280.441,00000000
6652.63,281.782,00000000
6652.64,279.994,00000000
6652.65,279.548,00000000
6652.66,282.229,00000000
6652.67,282.676,00000000
6652.68,282.676,00000000
6652.69,282.229,00000000
6652.7,281.335,00000000
6652.71,282.229,00000000
6652.72,282.676,00000000
6652.73,282.676,00000000
6652.74,281.335,00000000
6652.75,283.570,00000000
6652.76,283.570,00000000
6652.77,282.229,00000000
6652.78,283.570,00000000
6652.79,284.017,00000000
6652.8,283.570,00000000
6652.81,283.123,00000000
6652.82,283.123,00000000
6652.83,283.570,00000000
6652.84,282.676,00000000
6652.85,284.465,00000000
6652.86,284.017,00000000
6652.87,283.570,00000000
6652.88,285.359,00000000
6652.89,283.570,00000000
6652.9,284.465,00000000
6652.91,284.017,00000000
6652.92,284.017,00000000
6652.93,286.254,00000000
6652.94,286.254,00000000
6652.95,286.254,00000000
6652.96,285.806,00000000
6652.97,284.017,00000000
6652.98,284.465,00000000
6652.99,284.912,00000000
6653,284.912,00000000
6653.01,284.912,00000000
6653.02,284.017,00000000
6653.03,284.912,00000000
6653.04,285.806,00000000
6653.05,287.148,00000000
6653.06,284.465,00000000
6653.07,284.017,00000000
6653.08,285.359,00000000
6653.09,284.017,00000000
6653.1,284.465,00000000
6653.11,284.017,00000000
6653.12,284.017,00000000
6653.13,286.254,00000000
6653.14,284.465,00000000
6653.15,285.806,00000000
6653.16,284.912,00000000
6653.17,286.254,00000000
6653.18,287.148,00000000
6653.19,287.148,00000000
6653.2,286.701,00000000
6653.21,286.254,00000000
6653.22,287.596,00000000
6653.23,286.701,00000000
6653.24,285.806,00000000
6653.25,285.806,00000000
6653.26,286.701,00000000
6653.27,284.912,00000000
6653.28,288.938,00000000
6653.29,287.596,00000000
6653.3,287.596,00000000
6653.31,288.043,00000000
6653.32,288.491,00000000
6653.33,288.043,00000000
6653.34,288.043,00000000
6653.35,288.043,00000000
6653.36,288.043,00000000
6653.37,289.386,00000000
6653.38,288.491,00000000
6653.39,288.938,00000000
6653.4,287.596,00000000
6653.41,289.834,00000000
6653.42,288.938,00000000
6653.43,288.491,00000000
6653.44,288.938,00000000
6653.45,290.729,00000000
6653.46,288.043,00000000
6653.47,287.596,00000000
6653.48,289.386,00000000
6653.49,289.834,00000000
6653.5,289.386,00000000
6653.51,288.043,00000000
6653.52,288.938,00000000
6653.53,289.834,00000000
6653.54,288.491,00000000
6653.55,291.177,00000000
6653.56,290.729,00000000
6653.57,289.386,00000000
6653.58,290.729,00000000
6653.59,290.729,00000000
6653.6,291.177,00000000
6653.61,289.834,00000000
6653.62,291.177,00000000
6653.63,291.177,00000000
6653.64,292.072,00000000
6653.65,291.625,00000000
6653.66,291.625,00000000
6653.67,291.625,00000000
6653.68,291.625,00000000
6653.69,292.968,00000000
6653.7,291.625,00000000
6653.71,290.281,00000000
6653.72,292.968,00000000
6653.73,292.072,00000000
6653.74,291.625,00000000
6653.75,292.968,00000000
6653.76,292.072,00000000
6653.77,290.729,00000000
6653.78,293.416,00000000
6653.79,290.729,00000000
6653.8,290.729,00000000
6653.81,291.177,00000000
6653.82,292.968,00000000
6653.83,292.968,00000000
6653.84,293.416,00000000
6653.85,294.312,00000000
6653.86,294.760,00000000
6653.87,295.208,00000000
6653.88,295.208,00000000
6653.89,292.072,00000000
6653.9,292.968,00000000
6653.91,295.208,00000000
6653.92,296.553,00000000
6653.93,296.553,00000000
6653.94,296.553,00000000
6653.95,296.105,00000000
6653.96,295.656,00000000
6653.97,296.105,00000000
6653.98,296.105,00000000
6653.99,297.001,00000000
6654,295.656,00000000
6654.01,296.105,00000000
6654.02,295.656,00000000
6654.03,295.656,00000000
6654.04,294.760,00000000
6654.05,296.105,00000000
6654.06,294.760,00000000
6654.07,295.656,00000000
6654.08,295.656,00000000
6654.09,296.105,00000000
6654.1,294.760,00000000
6654.11,295.656,00000000
6654.12,295.656,00000000
6654.13,295.656,00000000
6654.14,296.105,00000000
6654.15,295.656,00000000
6654.16,297.001,00000000
6654.17,295.656,00000000
6654.18,297.001,00000000
6654.19,297.001,00000000
6654.2,297.001,00000000
6654.21,296.553,00000000
6654.22,298.795,00000000
6654.23,297.449,00000000
6654.24,297.001,00000000
6654.25,297.001,00000000
6654.26,296.553,00000000
6654.27,297.449,00000000
6654.28,298.346,00000000
6654.29,297.449,00000000
6654.3,297.898,00000000
6654.31,297.898,00000000
6654.32,298.346,00000000
6654.33,298.795,00000000
6654.34,298.795,00000000
6654.35,298.795,00000000
6654.36,298.795,00000000
6654.37,299.243,00000000
6654.38,298.795,00000000
6654.39,297.898,00000000
6654.4,297.449,00000000
6654.41,299.243,00000000
6654.42,298.795,00000000
6654.43,300.140,00000000
6654.44,300.589,00000000
6654.45,299.691,00000000
6654.46,300.140,00000000
6654.47,300.140,00000000
6654.48,300.140,00000000
6654.49,300.140,00000000
6654.5,299.691,00000000
6654.51,301.486,00000000
6654.52,298.795,00000000
6654.53,299.243,00000000
6654.54,298.346,00000000
6654.55,300.140,00000000
6654.56,299.243,00000000
6654.57,299.243,00000000
6654.58,298.795,00000000
6654.59,301.037,00000000
6654.6,300.589,00000000
6654.61,301.486,00000000
6654.62,301.037,00000000
6654.63,301.037,00000000
6654.64,301.486,00000000
6654.65,301.935,00000000
6654.66,303.730,00000000
6654.67,302.832,00000000
6654.68,304.178,00000000
6654.69,302.832,00000000
6654.7,302.832,00000000
6654.71,305.076,00000000
6654.72,302.832,00000000
6654.73,304.178,00000000
6654.74,302.832,00000000
6654.75,303.730,00000000
6654.76,302.832,00000000
6654.77,301.037,00000000
6654.78,305.974,00000000
6654.79,303.281,00000000
6654.8,301.935,00000000
6654.81,303.281,00000000
6654.82,304.178,00000000
6654.83,304.178,00000000
6654.84,302.832,00000000
6654.85,303.730,00000000
6654.86,303.281,00000000
6654.87,304.178,00000000
6654.88,303.730,00000000
6654.89,301.935,00000000
6654.9,302.832,00000000
6654.91,302.383,00000000
6654.92,303.730,00000000
6654.93,303.281,00000000
6654.94,302.832,00000000
6654.95,303.281,00000000
6654.96,303.730,00000000
6654.97,303.730,00000000
6654.98,303.730,00000000
6654.99,304.178,00000000
6655,304.627,00000000
6655.01,304.178,00000000
6655.02,301.935,00000000
6655.03,305.076,00000000
6655.04,305.076,00000000
6655.05,303.730,00000000
6655.06,306.873,00000000
6655.07,305.525,00000000
6655.08,306.423,00000000
6655.09,306.423,00000000
6655.1,305.525,00000000
6655.11,305.974,00000000
6655.12,307.771,00000000
6655.13,306.873,00000000
6655.14,305.974,00000000
6655.15,305.076,00000000
6655.16,305.525,00000000
6655.17,307.322,00000000
6655.18,307.322,00000000
6655.19,308.669,00000000
6655.2,308.220,00000000
6655.21,308.220,00000000
6655.22,309.119,00000000
6655.23,308.220,00000000
6655.24,307.771,00000000
6655.25,309.119,00000000
6655.26,307.771,00000000
6655.27,306.423,00000000
6655.28,307.771,00000000
6655.29,306.423,00000000
6655.3,305.525,00000000
6655.31,306.423,00000000
6655.32,307.771,00000000
6655.33,308.220,00000000
6655.34,305.974,00000000
6655.35,306.873,00000000
6655.36,307.771,00000000
6655.37,307.771,00000000
6655.38,308.220,00000000
6655.39,306.423,00000000
6655.4,308.220,00000000
6655.41,309.119,00000000
6655.42,307.771,00000000
6655.43,308.669,00000000
6655.44,309.568,00000000
6655.45,308.220,00000000
6655.46,308.220,00000000
6655.47,307.771,00000000
6655.48,309.119,00000000
6655.49,309.568,00000000
6655.5,308.220,00000000
6655.51,308.669,00000000
6655.52,305.525,00000000
6655.53,308.220,00000000
6655.54,307.322,00000000
6655.55,309.119,00000000
6655.56,307.771,00000000
6655.57,307.322,00000000
6655.58,309.119,00000000
6655.59,308.669,00000000
6655.6,308.669,00000000
6655.61,308.220,00000000
6655.62,309.119,00000000
6655.63,310.017,00000000
6655.64,309.119,00000000
6655.65,310.017,00000000
6655.66,310.916,00000000
6655.67,313.614,00000000
6655.68,310.916,00000000
6655.69,310.916,00000000
6655.7,310.916,00000000
6655.71,311.815,00000000
6655.72,309.568,00000000
6655.73,310.916,00000000
6655.74,310.916,00000000
6655.75,311.366,00000000
6655.76,312.265,00000000
6655.77,311.366,00000000
6655.78,311.366,00000000
6655.79,312.265,00000000
6655.8,314.063,00000000
6655.81,313.614,00000000
6655.82,313.614,00000000
6655.83,312.714,00000000
6655.84,312.265,00000000
6655.85,313.614,00000000
6655.86,312.714,00000000
6655.87,312.265,00000000
6655.88,311.815,00000000
6655.89,311.366,00000000
6655.9,312.714,00000000
6655.91,311.815,00000000
6655.92,313.614,00000000
6655.93,313.164,00000000
6655.94,314.513,00000000
6655.95,312.265,00000000
6655.96,314.063,00000000
6655.97,313.164,00000000
6655.98,313.164,00000000
6655.99,314.063,00000000
6656,314.963,00000000
6656.01,314.513,00000000
6656.02,313.164,00000000
6656.03,314.513,00000000
6656.04,314.513,00000000
6656.05,314.513,00000000
6656.06,315.413,00000000
6656.07,314.513,00000000
6656.08,314.513,00000000
6656.09,315.413,00000000
6656.1,314.513,00000000
6656.11,313.614,00000000
6656.12,314.963,00000000
6656.13,315.863,00000000
6656.14,313.614,00000000
6656.15,315.413,00000000
6656.16,312.714,00000000
6656.17,316.763,00000000
6656.18,315.413,00000000
6656.19,312.714,00000000
6656.2,316.763,00000000
6656.21,314.513,00000000
6656.22,316.763,00000000
6656.23,314.063,00000000
6656.24,315.413,00000000
6656.25,316.313,00000000
6656.26,315.863,00000000
6656.27,314.963,00000000
6656.28,317.663,00000000
6656.29,317.213,00000000
6656.3,315.863,00000000
6656.31,316.313,00000000
6656.32,316.313,00000000
6656.33,316.763,00000000
6656.34,316.763,00000000
6656.35,314.513,00000000
6656.36,317.213,00000000
6656.37,316.313,00000000
6656.38,316.313,00000000
6656.39,314.513,00000000
6656.4,314.963,00000000
6656.41,315.863,00000000
6656.42,317.663,00000000
6656.43,316.313,00000000
6656.44,317.213,00000000
6656.45,314.513,00000000
6656.46,316.763,00000000
6656.47,316.313,00000000
6656.48,316.313,00000000
6656.49,316.313,00000000
6656.5,317.663,00000000
6656.51,318.563,00000000
6656.52,315.863,00000000
6656.53,316.763,00000000
6656.54,318.563,00000000
6656.55,317.663,00000000
6656.56,317.663,00000000
6656.57,318.113,00000000
6656.58,318.563,00000000
6656.59,318.113,00000000
6656.6,317.663,00000000
6656.61,316.313,00000000
6656.62,316.313,00000000
6656.63,318.113,00000000
6656.64,316.313,00000000
6656.65,316.763,00000000
6656.66,317.663,00000000
6656.67,317.663,00000000
6656.68,316.313,00000000
6656.69,319.013,00000000
6656.7,316.763,00000000
6656.71,318.113,00000000
6656.72,318.563,00000000
6656.73,318.113,00000000
6656.74,316.313,00000000
6656.75,318.563,00000000
6656.76,320.364,00000000
6656.77,319.463,00000000
6656.78,320.814,00000000
6656.79,319.013,00000000
6656.8,319.913,00000000
6656.81,320.814,00000000
6656.82,320.814,00000000
6656.83,320.364,00000000
6656.84,319.013,00000000
6656.85,317.663,00000000
6656.86,317.663,00000000
6656.87,318.563,00000000
6656.88,319.463,00000000
6656.89,316.313,00000000
6656.9,318.113,00000000
6656.91,318.113,00000000
6656.92,317.213,00000000
6656.93,319.463,00000000
6656.94,319.463,00000000
6656.95,319.463,00000000
6656.96,317.663,00000000
6656.97,319.013,00000000
6656.98,318.563,00000000
6656.99,319.463,00000000
6657,317.213,00000000
6657.01,319.013,00000000
6657.02,317.213,00000000
6657.03,317.213,00000000
6657.04,320.364,00000000
6657.05,317.663,00000000
6657.06,319.463,00000000
6657.07,319.913,00000000
6657.08,321.264,00000000
6657.09,319.463,00000000
6657.1,319.013,00000000
6657.11,319.463,00000000
6657.12,320.814,00000000
6657.13,319.913,00000000
6657.14,318.563,00000000
6657.15,318.113,00000000
6657.16,321.264,00000000
6657.17,319.913,00000000
6657.18,319.013,00000000
6657.19,319.013,00000000
6657.2,320.364,00000000
6657.21,320.364,00000000
6657.22,319.463,00000000
6657.23,318.563,00000000
6657.24,319.913,00000000
6657.25,319.013,00000000
6657.26,320.814,00000000
6657.27,319.013,00000000
6657.28,319.913,00000000
6657.29,321.715,00000000
6657.3,319.913,00000000
6657.31,322.165,00000000
6657.32,320.814,00000000
6657.33,319.013,00000000
6657.34,319.463,00000000
6657.35,321.264,00000000
6657.36,318.113,00000000
6657.37,319.013,00000000
6657.38,319.463,00000000
6657.39,318.113,00000000
6657.4,318.113,00000000
6657.41,318.113,00000000
6657.42,319.913,00000000
6657.43,321.264,00000000
6657.44,319.913,00000000
6657.45,318.113,00000000
6657.46,319.463,00000000
6657.47,318.113,00000000
6657.48,320.364,00000000
6657.49,318.113,00000000
6657.5,319.013,00000000
6657.51,319.463,00000000
6657.52,319.463,00000000
6657.53,320.814,00000000
6657.54,318.113,00000000
6657.55,319.913,00000000
6657.56,318.113,00000000
6657.57,319.913,00000000
6657.58,321.264,00000000
6657.59,321.264,00000000
6657.6,319.463,00000000
6657.61,319.013,00000000
6657.62,319.913,00000000
6657.63,319.463,00000000
6657.64,318.113,00000000
6657.65,320.364,00000000
6657.66,320.814,00000000
6657.67,322.616,00000000
6657.68,321.264,00000000
6657.69,321.715,00000000
6657.7,319.913,00000000
6657.71,322.165,00000000
6657.72,323.066,00000000
6657.73,320.814,00000000
6657.74,319.913,00000000
6657.75,320.364,00000000
6657.76,321.264,00000000
6657.77,320.364,00000000
6657.78,321.264,00000000
6657.79,321.715,00000000
6657.8,320.364,00000000
6657.81,322.165,00000000
6657.82,319.913,00000000
6657.83,319.913,00000000
6657.84,320.814,00000000
6657.85,321.264,00000000
6657.86,321.264,00000000
6657.87,321.715,00000000
6657.88,322.165,00000000
6657.89,319.913,00000000
6657.9,321.264,00000000
6657.91,322.616,00000000
6657.92,322.165,00000000
6657.93,321.715,00000000
6657.94,320.364,00000000
6657.95,320.814,00000000
6657.96,322.165,00000000
6657.97,321.715,00000000
6657.98,320.814,00000000
6657.99,320.814,00000000
6658,322.165,00000000
6658.01,322.165,00000000
6658.02,319.913,00000000
6658.03,321.715,00000000
6658.04,321.715,00000000
6658.05,320.814,00000000
6658.06,320.814,00000000
6658.07,321.264,00000000
6658.08,319.913,00000000
6658.09,320.814,00000000
6658.1,322.165,00000000
6658.11,321.264,00000000
6658.12,320.814,00000000
6658.13,321.715,00000000
6658.14,320.364,00000000
6658.15,321.264,00000000
6658.16,322.165,00000000
6658.17,323.066,00000000
6658.18,322.165,00000000
6658.19,322.165,00000000
6658.2,323.066,00000000
6658.21,322.165,00000000
6658.22,322.165,00000000
6658.23,319.913,00000000
6658.24,321.715,00000000
6658.25,322.165,00000000
6658.26,321.715,00000000
6658.27,319.913,00000000
6658.28,321.264,00000000
6658.29,322.616,00000000
6658.3,322.165,00000000
6658.31,321.715,00000000
6658.32,321.715,00000000
6658.33,320.364,00000000
6658.34,319.913,00000000
6658.35,320.814,00000000
6658.36,320.814,00000000
6658.37,320.814,00000000
6658.38,321.264,00000000
6658.39,320.364,00000000
6658.4,320.364,00000000
6658.41,321.715,00000000
6658.42,321.715,00000000
6658.43,320.364,00000000
6658.44,319.463,00000000
6658.45,321.264,00000000
6658.46,320.364,00000000
6658.47,320.364,00000000
6658.48,318.113,00000000
6658.49,320.814,00000000
6658.5,320.814,00000000
6658.51,320.364,00000000
6658.52,319.013,00000000
6658.53,321.264,00000000
6658.54,322.165,00000000
6658.55,321.715,00000000
6658.56,320.814,00000000
6658.57,320.364,00000000
6658.58,319.913,00000000
6658.59,319.463,00000000
6658.6,321.264,00000000
6658.61,319.913,00000000
6658.62,319.013,00000000
6658.63,320.364,00000000
6658.64,320.364,00000000
6658.65,320.364,00000000
6658.66,320.814,00000000
6658.67,322.165,00000000
6658.68,322.165,00000000
6658.69,320.814,00000000
6658.7,322.165,00000000
6658.71,320.364,00000000
6658.72,320.814,00000000
6658.73,320.814,00000000
6658.74,321.715,00000000
6658.75,319.463,00000000
6658.76,319.913,00000000
6658.77,319.913,00000000
6658.78,322.165,00000000
6658.79,321.715,00000000
6658.8,321.264,00000000
6658.81,320.814,00000000
6658.82,321.715,00000000
6658.83,320.364,00000000
6658.84,319.913,00000000
6658.85,320.814,00000000
6658.86,320.814,00000000
6658.87,320.814,00000000
6658.88,321.264,00000000
6658.89,320.364,00000000
6658.9,318.113,00000000
6658.91,320.814,00000000
6658.92,321.264,00000000
6658.93,322.165,00000000
6658.94,321.264,00000000
6658.95,321.715,00000000
6658.96,321.264,00000000
6658.97,322.616,00000000
6658.98,322.165,00000000
6658.99,323.066,00000000
6659,320.364,00000000
6659.01,320.814,00000000
6659.02,322.616,00000000
6659.03,322.165,00000000
6659.04,322.165,00000000
6659.05,321.715,00000000
6659.06,321.715,00000000
6659.07,323.066,00000000
6659.08,321.715,00000000
6659.09,322.165,00000000
6659.1,319.913,00000000
6659.11,321.264,00000000
6659.12,319.913,00000000
6659.13,319.913,00000000
6659.14,319.013,00000000
6659.15,319.913,00000000
6659.16,320.814,00000000
6659.17,321.264,00000000
6659.18,322.165,00000000
6659.19,319.913,00000000
6659.2,319.463,00000000
6659.21,319.463,00000000
6659.22,320.364,00000000
6659.23,319.463,00000000
6659.24,319.463,00000000
6659.25,319.013,00000000
6659.26,318.563,00000000
6659.27,318.113,00000000
6659.28,320.814,00000000
6659.29,320.814,00000000
6659.3,320.364,00000000
6659.31,318.113,00000000
6659.32,319.463,00000000
6659.33,317.663,00000000
6659.34,319.013,00000000
6659.35,319.013,00000000
6659.36,318.563,00000000
6659.37,319.913,00000000
6659.38,321.264,00000000
6659.39,319.913,00000000
6659.4,322.165,00000000
6659.41,321.264,00000000
6659.42,321.715,00000000
6659.43,322.165,00000000
6659.44,320.814,00000000
6659.45,319.913,00000000
6659.46,322.165,00000000
6659.47,320.814,00000000
6659.48,319.913,00000000
6659.49,321.715,00000000
6659.5,321.264,00000000
6659.51,319.913,00000000
6659.52,319.463,00000000
6659.53,319.463,00000000
6659.54,319.463,00000000
6659.55,318.563,00000000
6659.56,320.364,00000000
6659.57,321.264,00000000
6659.58,319.013,00000000
6659.59,319.013,00000000
6659.6,319.463,00000000
6659.61,320.364,00000000
6659.62,319.463,00000000
6659.63,320.364,00000000
6659.64,318.563,00000000
6659.65,320.364,00000000
6659.66,319.913,00000000
6659.67,321.715,00000000
6659.68,321.264,00000000
6659.69,319.013,00000000
6659.7,319.913,00000000
6659.71,319.013,00000000
6659.72,318.113,00000000
6659.73,320.364,00000000
6659.74,320.364,00000000
6659.75,319.013,00000000
6659.76,318.563,00000000
6659.77,317.213,00000000
6659.78,319.463,00000000
6659.79,318.113,00000000
6659.8,319.913,00000000
6659.81,318.113,00000000
6659.82,318.113,00000000
6659.83,319.463,00000000
6659.84,319.463,00000000
6659.85,319.913,00000000
6659.86,319.013,00000000
6659.87,319.463,00000000
6659.88,319.463,00000000
6659.89,318.113,00000000
6659.9,319.013,00000000
6659.91,318.113,00000000
6659.92,319.463,00000000
6659.93,318.563,00000000
6659.94,320.364,00000000
6659.95,319.463,00000000
6659.96,318.113,00000000
6659.97,320.364,00000000
6659.98,320.364,00000000
6659.99,320.364,00000000
6660,320.814,00000000
6660.01,319.913,00000000
6660.02,318.563,00000000
6660.03,320.814,00000000
6660.04,318.563,00000000
6660.05,320.364,00000000
6660.06,319.913,00000000
6660.07,319.013,00000000
6660.08,318.113,00000000
6660.09,320.814,00000000
6660.1,319.913,00000000
6660.11,319.013,00000000
6660.12,319.463,00000000
6660.13,318.113,00000000
6660.14,316.763,00000000
6660.15,317.663,00000000
6660.16,320.814,00000000
6660.17,318.563,00000000
6660.18,316.763,00000000
6660.19,317.213,00000000
6660.2,317.213,00000000
6660.21,317.213,00000000
6660.22,318.113,00000000
6660.23,317.663,00000000
6660.24,319.463,00000000
6660.25,318.563,00000000
6660.26,318.113,00000000
6660.27,319.463,00000000
6660.28,318.113,00000000
6660.29,319.013,00000000
6660.3,318.563,00000000
6660.31,319.463,00000000
6660.32,318.563,00000000
6660.33,319.463,00000000
6660.34,319.013,00000000
6660.35,318.563,00000000
6660.36,319.463,00000000
6660.37,318.113,00000000
6660.38,318.563,00000000
6660.39,318.113,00000000
6660.4,317.213,00000000
6660.41,318.563,00000000
6660.42,318.563,00000000
6660.43,318.563,00000000
6660.44,319.463,00000000
6660.45,317.213,00000000
6660.46,319.913,00000000
6660.47,320.814,00000000
6660.48,318.113,00000000
6660.49,317.663,00000000
6660.5,318.113,00000000
6660.51,319.013,00000000
6660.52,314.513,00000000
6660.53,318.563,00000000
6660.54,316.763,00000000
6660.55,316.763,00000000
6660.56,317.213,00000000
6660.57,315.863,00000000
6660.58,316.313,00000000
6660.59,317.663,00000000
6660.6,315.413,00000000
6660.61,317.213,00000000
6660.62,317.213,00000000
6660.63,317.213,00000000
6660.64,315.413,00000000
6660.65,316.763,00000000
6660.66,315.863,00000000
6660.67,316.763,00000000
6660.68,317.663,00000000
6660.69,317.213,00000000
6660.7,318.563,00000000
6660.71,316.763,00000000
6660.72,317.663,00000000
6660.73,318.563,00000000
6660.74,316.763,00000000
6660.75,317.213,00000000
6660.76,317.213,00000000
6660.77,316.313,00000000
6660.78,317.663,00000000
6660.79,317.663,00000000
6660.8,317.663,00000000
6660.81,318.563,00000000
6660.82,319.013,00000000
6660.83,319.013,00000000
6660.84,317.213,00000000
6660.85,317.213,00000000
6660.86,317.213,00000000
6660.87,318.113,00000000
6660.88,318.113,00000000
6660.89,318.563,00000000
6660.9,317.213,00000000
6660.91,317.663,00000000
6660.92,316.313,00000000
6660.93,317.213,00000000
6660.94,316.763,00000000
6660.95,317.213,00000000
6660.96,316.313,00000000
6660.97,316.763,00000000
6660.98,317.213,00000000
6660.99,317.213,00000000
6661,318.113,00000000
6661.01,316.763,00000000
6661.02,315.863,00000000
6661.03,316.313,00000000
6661.04,315.413,00000000
6661.05,316.313,00000000
6661.06,314.513,00000000
6661.07,316.313,00000000
6661.08,315.863,00000000
6661.09,314.963,00000000
6661.1,316.763,00000000
6661.11,315.413,00000000
6661.12,315.863,00000000
6661.13,316.763,00000000
6661.14,314.063,00000000
6661.15,315.863,00000000
6661.16,315.863,00000000
6661.17,316.313,00000000
6661.18,316.313,00000000
6661.19,315.413,00000000
6661.2,315.863,00000000
6661.21,316.313,00000000
6661.22,316.313,00000000
6661.23,315.413,00000000
6661.24,314.513,00000000
6661.25,316.763,00000000
6661.26,314.963,00000000
6661.27,314.063,00000000
6661.28,316.313,00000000
6661.29,314.963,00000000
6661.3,315.413,00000000
6661.31,315.863,00000000
6661.32,314.513,00000000
6661.33,315.413,00000000
6661.34,314.513,00000000
6661.35,314.063,00000000
6661.36,314.513,00000000
6661.37,314.963,00000000
6661.38,315.413,00000000
6661.39,314.063,00000000
6661.4,315.413,00000000
6661.41,314.963,00000000
6661.42,315.413,00000000
6661.43,316.763,00000000
6661.44,316.313,00000000
6661.45,316.763,00000000
6661.46,313.614,00000000
6661.47,315.863,00000000
6661.48,314.063,00000000
6661.49,314.063,00000000
6661.5,314.063,00000000
6661.51,313.164,00000000
6661.52,313.164,00000000
6661.53,313.164,00000000
6661.54,313.164,00000000
6661.55,311.815,00000000
6661.56,312.265,00000000
6661.57,312.265,00000000
6661.58,314.063,00000000
6661.59,314.963,00000000
6661.6,314.963,00000000
6661.61,312.714,00000000
6661.62,313.614,00000000
6661.63,311.815,00000000
6661.64,311.366,00000000
6661.65,311.815,00000000
6661.66,312.714,00000000
6661.67,312.714,00000000
6661.68,312.714,00000000
6661.69,314.063,00000000
6661.7,314.063,00000000
6661.71,311.366,00000000
6661.72,313.164,00000000
6661.73,314.063,00000000
6661.74,313.164,00000000
6661.75,312.714,00000000
6661.76,314.063,00000000
6661.77,312.714,00000000
6661.78,314.513,00000000
6661.79,315.413,00000000
6661.8,312.714,00000000
6661.81,314.063,00000000
6661.82,313.614,00000000
6661.83,312.265,00000000
6661.84,314.063,00000000
6661.85,312.714,00000000
6661.86,312.714,00000000
6661.87,311.815,00000000
6661.88,312.714,00000000
6661.89,310.017,00000000
6661.9,311.366,00000000
6661.91,313.164,00000000
6661.92,312.714,00000000
6661.93,311.815,00000000
6661.94,311.366,00000000
6661.95,310.467,00000000
6661.96,311.366,00000000
6661.97,310.467,00000000
6661.98,311.815,00000000
6661.99,311.366,00000000
6662,311.815,00000000
6662.01,312.265,00000000
6662.02,310.467,00000000
6662.03,311.815,00000000
6662.04,310.916,00000000
6662.05,310.916,00000000
6662.06,310.916,00000000
6662.07,311.815,00000000
6662.08,311.366,00000000
6662.09,310.017,00000000
6662.1,310.916,00000000
6662.11,311.366,00000000
6662.12,311.366,00000000
6662.13,312.265,00000000
6662.14,310.916,00000000
6662.15,310.467,00000000
6662.16,311.366,00000000
6662.17,311.366,00000000
6662.18,312.265,00000000
6662.19,310.916,00000000
6662.2,309.119,00000000
6662.21,310.467,00000000
6662.22,311.815,00000000
6662.23,310.017,00000000
6662.24,310.467,00000000
6662.25,309.568,00000000
6662.26,309.568,00000000
6662.27,307.322,00000000
6662.28,310.916,00000000
6662.29,309.119,00000000
6662.3,310.467,00000000
6662.31,310.467,00000000
6662.32,309.119,00000000
6662.33,310.017,00000000
6662.34,310.017,00000000
6662.35,309.568,00000000
6662.36,309.119,00000000
6662.37,309.119,00000000
6662.38,309.568,00000000
6662.39,308.220,00000000
6662.4,309.119,00000000
6662.41,308.669,00000000
6662.42,308.669,00000000
6662.43,309.568,00000000
6662.44,308.669,00000000
6662.45,309.119,00000000
6662.46,306.423,00000000
6662.47,308.669,00000000
6662.48,308.669,00000000
6662.49,307.322,00000000
6662.5,308.220,00000000
6662.51,308.669,00000000
6662.52,306.873,00000000
6662.53,309.119,00000000
6662.54,309.568,00000000
6662.55,308.669,00000000
6662.56,309.119,00000000
6662.57,309.119,00000000
6662.58,308.669,00000000
6662.59,310.467,00000000
6662.6,307.771,00000000
6662.61,310.017,00000000
6662.62,308.669,00000000
6662.63,308.669,00000000
6662.64,308.669,00000000
6662.65,308.669,00000000
6662.66,308.220,00000000
6662.67,308.220,00000000
6662.68,309.568,00000000
6662.69,308.220,00000000
6662.7,309.119,00000000
6662.71,308.669,00000000
6662.72,308.220,00000000
6662.73,308.669,00000000
6662.74,307.322,00000000
6662.75,308.220,00000000
6662.76,309.568,00000000
6662.77,307.322,00000000
6662.78,308.669,00000000
6662.79,308.220,00000000
6662.8,306.423,00000000
6662.81,307.771,00000000
6662.82,307.771,00000000
6662.83,306.423,00000000
6662.84,305.974,00000000
6662.85,305.974,00000000
6662.86,304.627,00000000
6662.87,306.423,00000000
6662.88,305.974,00000000
6662.89,305.525,00000000
6662.9,304.627,00000000
6662.91,307.771,00000000
6662.92,305.076,00000000
6662.93,305.525,00000000
6662.94,306.873,00000000
6662.95,304.627,00000000
6662.96,304.178,00000000
6662.97,305.525,00000000
6662.98,305.076,00000000
6662.99,305.525,00000000
6663,307.771,00000000
6663.01,305.525,00000000
6663.02,303.730,00000000
6663.03,305.525,00000000
6663.04,305.525,00000000
6663.05,304.627,00000000
6663.06,305.974,00000000
6663.07,305.974,00000000
6663.08,305.525,00000000
6663.09,305.974,00000000
6663.1,305.525,00000000
6663.11,305.974,00000000
6663.12,305.525,00000000
6663.13,304.627,00000000
6663.14,303.730,00000000
6663.15,301.935,00000000
6663.16,305.974,00000000
6663.17,304.178,00000000
6663.18,303.730,00000000
6663.19,303.730,00000000
6663.2,303.730,00000000
6663.21,302.832,00000000
6663.22,303.281,00000000
6663.23,302.832,00000000
6663.24,303.730,00000000
6663.25,304.627,00000000
6663.26,303.730,00000000
6663.27,303.281,00000000
6663.28,304.178,00000000
6663.29,302.832,00000000
6663.3,304.178,00000000
6663.31,302.832,00000000
6663.32,301.486,00000000
6663.33,304.178,00000000
6663.34,303.281,00000000
6663.35,303.730,00000000
6663.36,301.037,00000000
6663.37,304.178,00000000
6663.38,302.832,00000000
6663.39,301.037,00000000
6663.4,301.486,00000000
6663.41,302.832,00000000
6663.42,302.383,00000000
6663.43,301.486,00000000
6663.44,301.037,00000000
6663.45,301.935,00000000
6663.46,301.935,00000000
6663.47,304.627,00000000
6663.48,302.383,00000000
6663.49,301.486,00000000
6663.5,301.037,00000000
6663.51,300.589,00000000
6663.52,301.486,00000000
6663.53,301.935,00000000
6663.54,301.037,00000000
6663.55,301.486,00000000
6663.56,301.037,00000000
6663.57,299.691,00000000
6663.58,301.486,00000000
6663.59,300.589,00000000
6663.6,301.486,00000000
6663.61,301.486,00000000
6663.62,301.935,00000000
6663.63,299.691,00000000
6663.64,299.243,00000000
6663.65,299.243,00000000
6663.66,301.037,00000000
6663.67,300.140,00000000
6663.68,301.486,00000000
6663.69,301.037,00000000
6663.7,301.037,00000000
6663.71,300.140,00000000
6663.72,300.140,00000000
6663.73,299.243,00000000
6663.74,299.691,00000000
6663.75,300.140,00000000
6663.76,299.691,00000000
6663.77,297.449,00000000
6663.78,299.691,00000000
6663.79,298.795,00000000
6663.8,298.795,00000000
6663.81,299.243,00000000
6663.82,299.691,00000000
6663.83,298.795,00000000
6663.84,298.346,00000000
6663.85,299.691,00000000
6663.86,298.346,00000000
6663.87,298.795,00000000
6663.88,296.553,00000000
6663.89,296.553,00000000
6663.9,297.449,00000000
6663.91,298.795,00000000
6663.92,297.449,00000000
6663.93,298.795,00000000
6663.94,297.898,00000000
6663.95,297.001,00000000
6663.96,297.449,00000000
6663.97,295.656,00000000
6663.98,297.898,00000000
6663.99,296.553,00000000
6664,297.001,00000000
6664.01,295.656,00000000
6664.02,295.656,00000000
6664.03,297.001,00000000
6664.04,297.001,00000000
6664.05,295.656,00000000
6664.06,296.105,00000000
6664.07,296.105,00000000
6664.08,295.656,00000000
6664.09,295.208,00000000
6664.1,295.656,00000000
6664.11,294.312,00000000
6664.12,294.312,00000000
6664.13,292.072,00000000
6664.14,292.520,00000000
6664.15,293.416,00000000
6664.16,294.312,00000000
6664.17,294.760,00000000
6664.18,295.656,00000000
6664.19,294.312,00000000
6664.2,294.312,00000000
6664.21,295.208,00000000
6664.22,292.968,00000000
6664.23,293.864,00000000
6664.24,293.416,00000000
6664.25,293.864,00000000
6664.26,293.416,00000000
6664.27,292.072,00000000
6664.28,296.105,00000000
6664.29,295.208,00000000
6664.3,294.760,00000000
6664.31,295.656,00000000
6664.32,294.760,00000000
6664.33,294.760,00000000
6664.34,295.656,00000000
6664.35,294.760,00000000
6664.36,295.208,00000000
6664.37,293.416,00000000
6664.38,293.416,00000000
6664.39,293.416,00000000
6664.4,293.416,00000000
6664.41,292.520,00000000
6664.42,293.864,00000000
6664.43,295.208,00000000
6664.44,293.416,00000000
6664.45,294.312,00000000
6664.46,292.968,00000000
6664.47,292.968,00000000
6664.48,292.968,00000000
6664.49,294.312,00000000
6664.5,292.520,00000000
6664.51,292.072,00000000
6664.52,291.177,00000000
6664.53,292.520,00000000
6664.54,293.416,00000000
6664.55,291.625,00000000
6664.56,292.072,00000000
6664.57,291.625,00000000
6664.58,290.729,00000000
6664.59,291.177,00000000
6664.6,289.834,00000000
6664.61,289.386,00000000
6664.62,288.938,00000000
6664.63,289.834,00000000
6664.64,288.043,00000000
6664.65,289.386,00000000
6664.66,289.386,00000000
6664.67,289.834,00000000
6664.68,289.386,00000000
6664.69,289.834,00000000
6664.7,289.386,00000000
6664.71,289.386,00000000
6664.72,289.834,00000000
6664.73,290.729,00000000
6664.74,288.043,00000000
6664.75,289.834,00000000
6664.76,289.386,00000000
6664.77,288.938,00000000
6664.78,290.729,00000000
6664.79,290.729,00000000
6664.8,289.386,00000000
6664.81,287.596,00000000
6664.82,288.491,00000000
6664.83,288.938,00000000
6664.84,287.596,00000000
6664.85,289.834,00000000
6664.86,288.043,00000000
6664.87,286.701,00000000
6664.88,288.491,00000000
6664.89,285.359,00000000
6664.9,286.701,00000000
6664.91,288.491,00000000
6664.92,286.701,00000000
6664.93,287.596,00000000
6664.94,287.596,00000000
6664.95,288.043,00000000
6664.96,285.806,00000000
6664.97,286.701,00000000
6664.98,286.701,00000000
6664.99,287.148,00000000
6665,287.148,00000000
6665.01,285.359,00000000
6665.02,284.017,00000000
6665.03,285.806,00000000
6665.04,286.701,00000000
6665.05,288.491,00000000
6665.06,286.701,00000000
6665.07,287.596,00000000
6665.08,286.701,00000000
6665.09,286.254,00000000
6665.1,285.806,00000000
6665.11,285.806,00000000
6665.12,284.912,00000000
6665.13,284.912,00000000
6665.14,284.465,00000000
6665.15,284.912,00000000
6665.16,285.806,00000000
6665.17,286.701,00000000
6665.18,285.806,00000000
6665.19,285.806,00000000
6665.2,284.465,00000000
6665.21,284.912,00000000
6665.22,283.123,00000000
6665.23,284.465,00000000
6665.24,286.254,00000000
6665.25,284.017,00000000
6665.26,284.465,00000000
6665.27,282.676,00000000
6665.28,283.123,00000000
6665.29,284.465,00000000
6665.3,284.465,00000000
6665.31,284.465,00000000
6665.32,283.570,00000000
6665.33,282.229,00000000
6665.34,283.123,00000000
6665.35,282.229,00000000
6665.36,282.676,00000000
6665.37,283.570,00000000
6665.38,282.676,00000000
6665.39,281.782,00000000
6665.4,281.335,00000000
6665.41,280.441,00000000
6665.42,281.782,00000000
6665.43,281.782,00000000
6665.44,282.229,00000000
6665.45,282.229,00000000
6665.46,282.229,00000000
6665.47,280.441,00000000
6665.48,283.570,00000000
6665.49,281.782,00000000
6665.5,282.676,00000000
6665.51,282.676,00000000
6665.52,279.994,00000000
6665.53,281.782,00000000
6665.54,282.229,00000000
6665.55,281.782,00000000
6665.56,283.570,00000000
6665.57,282.676,00000000
6665.58,281.782,00000000
6665.59,280.888,00000000
6665.6,281.782,00000000
6665.61,280.888,00000000
6665.62,280.441,00000000
6665.63,280.888,00000000
6665.64,279.548,00000000
6665.65,279.101,00000000
6665.66,279.994,00000000
6665.67,279.994,00000000
6665.68,281.335,00000000
6665.69,280.888,00000000
6665.7,279.994,00000000
6665.71,280.888,00000000
6665.72,280.888,00000000
6665.73,282.229,00000000
6665.74,280.441,00000000
6665.75,279.548,00000000
6665.76,279.994,00000000
6665.77,278.654,00000000
6665.78,281.335,00000000
6665.79,280.441,00000000
6665.8,279.994,00000000
6665.81,278.654,00000000
6665.82,278.654,00000000
6665.83,279.548,00000000
6665.84,278.654,00000000
6665.85,279.101,00000000
6665.86,279.101,00000000
6665.87,279.548,00000000
6665.88,280.888,00000000
6665.89,278.654,00000000
6665.9,279.548,00000000
6665.91,280.888,00000000
6665.92,279.994,00000000
6665.93,280.441,00000000
6665.94,280.441,00000000
6665.95,278.654,00000000
6665.96,279.548,00000000
6665.97,279.548,00000000
6665.98,279.548,00000000
6665.99,279.101,00000000
6666,278.654,00000000
6666.01,277.314,00000000
6666.02,277.761,00000000
6666.03,278.208,00000000
6666.04,277.761,00000000
6666.05,278.654,00000000
6666.06,278.208,00000000
6666.07,277.761,00000000
6666.08,277.761,00000000
6666.09,278.208,00000000
6666.1,278.208,00000000
6666.11,279.101,00000000
6666.12,278.208,00000000
6666.13,276.421,00000000
6666.14,275.082,00000000
6666.15,275.975,00000000
6666.16,277.314,00000000
6666.17,276.421,00000000
6666.18,276.868,00000000
6666.19,276.868,00000000
6666.2,277.761,00000000
6666.21,275.975,00000000
6666.22,276.868,00000000
6666.23,275.528,00000000
6666.24,276.868,00000000
6666.25,277.314,00000000
6666.26,276.868,00000000
6666.27,275.082,00000000
6666.28,279.101,00000000
6666.29,277.314,00000000
6666.3,278.208,00000000
6666.31,277.761,00000000
6666.32,276.421,00000000
6666.33,276.868,00000000
6666.34,273.743,00000000
6666.35,274.636,00000000
6666.36,274.189,00000000
6666.37,275.082,00000000
6666.38,275.082,00000000
6666.39,274.189,00000000
6666.4,273.743,00000000
6666.41,275.528,00000000
6666.42,274.189,00000000
6666.43,273.743,00000000
6666.44,273.297,00000000
6666.45,273.297,00000000
6666.46,273.743,00000000
6666.47,271.512,00000000
6666.48,273.743,00000000
6666.49,272.850,00000000
6666.5,272.404,00000000
6666.51,273.297,00000000
6666.52,272.850,00000000
6666.53,274.189,00000000
6666.54,273.743,00000000
6666.55,272.850,00000000
6666.56,274.636,00000000
6666.57,273.297,00000000
6666.58,273.297,00000000
6666.59,271.512,00000000
6666.6,272.850,00000000
6666.61,273.743,00000000
6666.62,272.850,00000000
6666.63,272.850,00000000
6666.64,271.512,00000000
6666.65,272.850,00000000
6666.66,273.297,00000000
6666.67,273.743,00000000
6666.68,273.743,00000000
6666.69,274.189,00000000
6666.7,274.636,00000000
6666.71,272.404,00000000
6666.72,272.850,00000000
6666.73,271.958,00000000
6666.74,272.850,00000000
6666.75,273.297,00000000
6666.76,272.850,00000000
6666.77,271.512,00000000
6666.78,272.404,00000000
6666.79,272.404,00000000
6666.8,272.404,00000000
6666.81,274.189,00000000
6666.82,272.850,00000000
6666.83,270.620,00000000
6666.84,271.512,00000000
6666.85,272.850,00000000
6666.86,273.297,00000000
6666.87,271.512,00000000
6666.88,271.958,00000000
6666.89,269.728,00000000
6666.9,271.958,00000000
6666.91,271.512,00000000
6666.92,269.728,00000000
6666.93,270.620,00000000
6666.94,273.297,00000000
6666.95,270.620,00000000
6666.96,271.512,00000000
6666.97,272.850,00000000
6666.98,271.512,00000000
6666.99,271.512,00000000
6667,272.404,00000000
6667.01,271.512,00000000
6667.02,271.512,00000000
6667.03,270.620,00000000
6667.04,269.728,00000000
6667.05,271.512,00000000
6667.06,270.174,00000000
6667.07,271.958,00000000
6667.08,269.728,00000000
6667.09,271.066,00000000
6667.1,269.728,00000000
6667.11,273.297,00000000
6667.12,272.850,00000000
6667.13,271.066,00000000
6667.14,270.174,00000000
6667.15,269.282,00000000
6667.16,269.728,00000000
6667.17,270.620,00000000
6667.18,271.066,00000000
6667.19,271.512,00000000
6667.2,270.174,00000000
6667.21,271.066,00000000
6667.22,272.404,00000000
6667.23,271.066,00000000
6667.24,269.728,00000000
6667.25,272.404,00000000
6667.26,273.297,00000000
6667.27,271.066,00000000
6667.28,271.512,00000000
6667.29,271.066,00000000
6667.3,272.404,00000000
6667.31,272.850,00000000
6667.32,270.620,00000000
6667.33,270.620,00000000
6667.34,272.404,00000000
6667.35,270.174,00000000
6667.36,271.512,00000000
6667.37,270.620,00000000
6667.38,270.620,00000000
6667.39,270.174,00000000
6667.4,269.728,00000000
6667.41,271.958,00000000
6667.42,272.404,00000000
6667.43,271.958,00000000
6667.44,269.728,00000000
6667.45,269.728,00000000
6667.46,271.066,00000000
6667.47,268.836,00000000
6667.48,269.728,00000000
6667.49,270.174,00000000
6667.5,268.836,00000000
6667.51,268.390,00000000
6667.52,267.499,00000000
6667.53,268.390,00000000
6667.54,270.174,00000000
6667.55,267.945,00000000
6667.56,269.282,00000000
6667.57,271.066,00000000
6667.58,271.066,00000000
6667.59,269.282,00000000
6667.6,269.728,00000000
6667.61,269.282,00000000
6667.62,270.174,00000000
6667.63,269.282,00000000
6667.64,271.066,00000000
6667.65,269.728,00000000
6667.66,269.728,00000000
6667.67,269.728,00000000
6667.68,273.743,00000000
6667.69,271.958,00000000
6667.7,269.282,00000000
6667.71,271.066,00000000
6667.72,268.836,00000000
6667.73,268.836,00000000
6667.74,268.836,00000000
6667.75,270.174,00000000
6667.76,268.390,00000000
6667.77,268.390,00000000
6667.78,269.728,00000000
6667.79,269.282,00000000
6667.8,267.945,00000000
6667.81,268.390,00000000
6667.82,268.390,00000000
6667.83,268.390,00000000
6667.84,269.728,00000000
6667.85,268.390,00000000
6667.86,269.282,00000000
6667.87,268.390,00000000
6667.88,268.390,00000000
6667.89,268.836,00000000
6667.9,267.499,00000000
6667.91,269.282,00000000
6667.92,268.390,00000000
6667.93,268.836,00000000
6667.94,268.836,00000000
6667.95,269.282,00000000
6667.96,268.390,00000000
6667.97,268.390,00000000
6667.98,267.945,00000000
6667.99,269.282,00000000
6668,267.945,00000000
6668.01,268.390,00000000
6668.02,268.836,00000000
6668.03,268.836,00000000
6668.04,269.728,00000000
6668.05,269.282,00000000
6668.06,269.728,00000000
6668.07,270.174,00000000
6668.08,270.174,00000000
6668.09,268.836,00000000
6668.1,271.066,00000000
6668.11,269.728,00000000
6668.12,269.282,00000000
6668.13,269.728,00000000
6668.14,268.390,00000000
6668.15,267.945,00000000
6668.16,270.174,00000000
6668.17,269.282,00000000
6668.18,267.945,00000000
6668.19,267.945,00000000
6668.2,267.945,00000000
6668.21,268.836,00000000
6668.22,267.945,00000000
6668.23,268.836,00000000
6668.24,270.174,00000000
6668.25,267.499,00000000
6668.26,267.945,00000000
6668.27,268.390,00000000
6668.28,269.282,00000000
6668.29,268.390,00000000
6668.3,268.836,00000000
6668.31,268.390,00000000
6668.32,267.945,00000000
6668.33,268.390,00000000
6668.34,267.053,00000000
6668.35,267.945,00000000
6668.36,267.053,00000000
6668.37,268.836,00000000
6668.38,267.499,00000000
6668.39,267.499,00000000
6668.4,267.499,00000000
6668.41,267.499,00000000
6668.42,267.945,00000000
6668.43,267.945,00000000
6668.44,268.836,00000000
6668.45,269.282,00000000
6668.46,268.390,00000000
6668.47,268.836,00000000
6668.48,267.945,00000000
6668.49,270.174,00000000
6668.5,269.282,00000000
6668.51,269.282,00000000
6668.52,268.836,00000000
6668.53,269.282,00000000
6668.54,270.620,00000000
6668.55,270.620,00000000
6668.56,268.390,00000000
6668.57,268.836,00000000
6668.58,270.174,00000000
6668.59,268.390,00000000
6668.6,267.945,00000000
6668.61,267.945,00000000
6668.62,268.836,00000000
6668.63,268.390,00000000
6668.64,267.945,00000000
6668.65,268.390,00000000
6668.66,268.390,00000000
6668.67,268.836,00000000
6668.68,268.836,00000000
6668.69,268.836,00000000
6668.7,270.174,00000000
6668.71,268.836,00000000
6668.72,267.945,00000000
6668.73,267.945,00000000
6668.74,269.282,00000000
6668.75,268.390,00000000
6668.76,268.390,00000000
6668.77,267.499,00000000
6668.78,269.728,00000000
6668.79,268.390,00000000
6668.8,267.945,00000000
6668.81,267.499,00000000
6668.82,267.053,00000000
6668.83,267.499,00000000
6668.84,268.836,00000000
6668.85,267.945,00000000
6668.86,268.390,00000000
6668.87,267.945,00000000
6668.88,268.836,00000000
6668.89,266.608,00000000
6668.9,267.499,00000000
6668.91,270.174,00000000
6668.92,268.390,00000000
6668.93,270.620,00000000
6668.94,268.836,00000000
6668.95,270.620,00000000
6668.96,268.836,00000000
6668.97,268.390,00000000
6668.98,268.390,00000000
6668.99,267.945,00000000
6669,269.282,00000000
6669.01,268.836,00000000
6669.02,266.608,00000000
6669.03,270.174,00000000
6669.04,268.836,00000000
6669.05,269.282,00000000
6669.06,268.390,00000000
6669.07,267.945,00000000
6669.08,267.499,00000000
6669.09,267.499,00000000
6669.1,269.282,00000000
6669.11,269.282,00000000
6669.12,267.945,00000000
6669.13,267.053,00000000
6669.14,267.053,00000000
6669.15,268.390,00000000
6669.16,267.945,00000000
6669.17,269.728,00000000
6669.18,269.282,00000000
6669.19,267.945,00000000
6669.2,269.282,00000000
6669.21,269.728,00000000
6669.22,268.836,00000000
6669.23,268.836,00000000
6669.24,270.174,00000000
6669.25,267.945,00000000
6669.26,269.282,00000000
6669.27,267.945,00000000
6669.28,271.512,00000000
6669.29,267.945,00000000
6669.3,268.390,00000000
6669.31,269.282,00000000
6669.32,270.174,00000000
6669.33,269.728,00000000
6669.34,269.282,00000000
6669.35,270.174,00000000
6669.36,269.728,00000000
6669.37,268.836,00000000
6669.38,268.836,00000000
6669.39,269.728,00000000
6669.4,269.282,00000000
6669.41,268.836,00000000
6669.42,271.066,00000000
6669.43,271.066,00000000
6669.44,271.066,00000000
6669.45,270.174,00000000
6669.46,269.728,00000000
6669.47,269.282,00000000
6669.48,270.174,00000000
6669.49,271.066,00000000
6669.5,270.620,00000000
6669.51,270.620,00000000
6669.52,270.174,00000000
6669.53,270.620,00000000
6669.54,271.958,00000000
6669.55,269.282,00000000
6669.56,271.512,00000000
6669.57,271.958,00000000
6669.58,272.404,00000000
6669.59,270.620,00000000
6669.6,270.620,00000000
6669.61,270.174,00000000
6669.62,271.512,00000000
6669.63,269.728,00000000
6669.64,268.390,00000000
6669.65,269.728,00000000
6669.66,269.728,00000000
6669.67,269.728,00000000
6669.68,270.174,00000000
6669.69,270.620,00000000
6669.7,271.512,00000000
6669.71,267.945,00000000
6669.72,271.066,00000000
6669.73,271.066,00000000
6669.74,268.836,00000000
6669.75,267.945,00000000
6669.76,269.282,00000000
6669.77,266.608,00000000
6669.78,268.836,00000000
6669.79,268.390,00000000
6669.8,268.836,00000000
6669.81,267.945,00000000
6669.82,269.282,00000000
6669.83,268.390,00000000
6669.84,267.945,00000000
6669.85,267.945,00000000
6669.86,269.728,00000000
6669.87,269.728,00000000
6669.88,271.066,00000000
6669.89,267.945,00000000
6669.9,269.728,00000000
6669.91,270.620,00000000
6669.92,269.728,00000000
6669.93,270.174,00000000
6669.94,270.174,00000000
6669.95,271.066,00000000
6669.96,271.066,00000000
6669.97,269.728,00000000
6669.98,268.836,00000000
6669.99,269.282,00000000
6670,269.282,00000000
6670.01,270.620,00000000
6670.02,268.836,00000000
6670.03,269.282,00000000
6670.04,271.066,00000000
6670.05,270.174,00000000
6670.06,270.620,00000000
6670.07,269.728,00000000
6670.08,270.620,00000000
6670.09,271.512,00000000
6670.1,271.512,00000000
6670.11,271.066,00000000
6670.12,270.620,00000000
6670.13,268.836,00000000
6670.14,270.620,00000000
6670.15,270.174,00000000
6670.16,271.512,00000000
6670.17,271.512,00000000
6670.18,270.620,00000000
6670.19,269.728,00000000
6670.2,270.620,00000000
6670.21,269.728,00000000
6670.22,269.282,00000000
6670.23,271.512,00000000
6670.24,270.174,00000000
6670.25,269.728,00000000
6670.26,271.066,00000000
6670.27,270.174,00000000
6670.28,271.066,00000000
6670.29,271.958,00000000
6670.3,271.958,00000000
6670.31,269.728,00000000
6670.32,271.066,00000000
6670.33,269.728,00000000
6670.34,272.404,00000000
6670.35,272.404,00000000
6670.36,271.066,00000000
6670.37,271.958,00000000
6670.38,271.958,00000000
6670.39,271.958,00000000
6670.4,273.743,00000000
6670.41,272.850,00000000
6670.42,269.728,00000000
6670.43,271.958,00000000
6670.44,272.850,00000000
6670.45,271.066,00000000
6670.46,272.850,00000000
6670.47,271.512,00000000
6670.48,272.404,00000000
6670.49,271.066,00000000
6670.5,271.958,00000000
6670.51,273.743,00000000
6670.52,271.512,00000000
6670.53,273.297,00000000
6670.54,274.189,00000000
6670.55,273.743,00000000
6670.56,273.743,00000000
6670.57,273.743,00000000
6670.58,272.850,00000000
6670.59,272.850,00000000
6670.6,273.297,00000000
6670.61,274.189,00000000
6670.62,273.297,00000000
6670.63,273.297,00000000
6670.64,273.297,00000000
6670.65,271.958,00000000
6670.66,275.082,00000000
6670.67,274.636,00000000
6670.68,274.636,00000000
6670.69,273.743,00000000
6670.7,273.743,00000000
6670.71,274.636,00000000
6670.72,275.975,00000000
6670.73,273.743,00000000
6670.74,275.082,00000000
6670.75,275.082,00000000
6670.76,274.189,00000000
6670.77,273.743,00000000
6670.78,274.636,00000000
6670.79,275.082,00000000
6670.8,274.189,00000000
6670.81,275.082,00000000
6670.82,273.297,00000000
6670.83,274.636,00000000
6670.84,274.189,00000000
6670.85,273.297,00000000
6670.86,276.421,00000000
6670.87,275.082,00000000
6670.88,274.189,00000000
6670.89,273.743,00000000
6670.9,274.189,00000000
6670.91,275.528,00000000
6670.92,275.528,00000000
6670.93,275.082,00000000
6670.94,275.528,00000000
6670.95,275.528,00000000
6670.96,274.636,00000000
6670.97,275.082,00000000
6670.98,274.189,00000000
6670.99,274.189,00000000
6671,275.975,00000000
6671.01,275.082,00000000
6671.02,275.975,00000000
6671.03,275.975,00000000
6671.04,276.421,00000000
6671.05,276.868,00000000
6671.06,277.314,00000000
6671.07,278.208,00000000
6671.08,276.868,00000000
6671.09,277.314,00000000
6671.1,276.421,00000000
6671.11,275.975,00000000
6671.12,277.314,00000000
6671.13,276.421,00000000
6671.14,274.636,00000000
6671.15,275.082,00000000
6671.16,277.314,00000000
6671.17,276.421,00000000
6671.18,278.208,00000000
6671.19,277.314,00000000
6671.2,277.761,00000000
6671.21,275.528,00000000
6671.22,276.421,00000000
6671.23,276.421,00000000
6671.24,277.314,00000000
6671.25,274.636,00000000
6671.26,276.421,00000000
6671.27,275.528,00000000
6671.28,276.421,00000000
6671.29,275.082,00000000
6671.3,275.975,00000000
6671.31,274.636,00000000
6671.32,275.082,00000000
6671.33,275.082,00000000
6671.34,275.975,00000000
6671.35,274.636,00000000
6671.36,274.189,00000000
6671.37,275.528,00000000
6671.38,275.528,00000000
6671.39,275.082,00000000
6671.4,275.975,00000000
6671.41,274.189,00000000
6671.42,275.975,00000000
6671.43,278.208,00000000
6671.44,276.421,00000000
6671.45,275.975,00000000
6671.46,277.314,00000000
6671.47,274.636,00000000
6671.48,276.868,00000000
6671.49,276.421,00000000
6671.5,275.975,00000000
6671.51,276.868,00000000
6671.52,275.975,00000000
6671.53,277.314,00000000
6671.54,275.528,00000000
6671.55,277.314,00000000
6671.56,276.421,00000000
6671.57,276.868,00000000
6671.58,275.975,00000000
6671.59,277.314,00000000
6671.6,275.975,00000000
6671.61,275.082,00000000
6671.62,277.314,00000000
6671.63,275.528,00000000
6671.64,275.975,00000000
6671.65,275.082,00000000
6671.66,275.082,00000000
6671.67,275.975,00000000
6671.68,276.868,00000000
6671.69,275.528,00000000
6671.7,276.868,00000000
6671.71,275.528,00000000
6671.72,276.421,00000000
6671.73,276.421,00000000
6671.74,276.868,00000000
6671.75,279.101,00000000
6671.76,276.868,00000000
6671.77,275.975,00000000
6671.78,279.101,00000000
6671.79,278.654,00000000
6671.8,278.208,00000000
6671.81,276.421,00000000
6671.82,276.868,00000000
6671.83,278.208,00000000
6671.84,276.868,00000000
6671.85,275.082,00000000
6671.86,278.208,00000000
6671.87,276.868,00000000
6671.88,278.208,00000000
6671.89,276.868,00000000
6671.9,277.761,00000000
6671.91,279.101,00000000
6671.92,279.548,00000000
6671.93,280.441,00000000
6671.94,280.888,00000000
6671.95,279.101,00000000
6671.96,279.548,00000000
6671.97,279.548,00000000
6671.98,280.441,00000000
6671.99,277.314,00000000
6672,279.548,00000000
6672.01,279.994,00000000
6672.02,278.208,00000000
6672.03,278.654,00000000
6672.04,278.654,00000000
6672.05,278.654,00000000
6672.06,279.548,00000000
6672.07,278.654,00000000
6672.08,280.441,00000000
6672.09,279.548,00000000
6672.1,278.654,00000000
6672.11,280.888,00000000
6672.12,279.548,00000000
6672.13,280.888,00000000
6672.14,279.101,00000000
6672.15,279.994,00000000
6672.16,281.335,00000000
6672.17,280.441,00000000
6672.18,281.782,00000000
6672.19,282.229,00000000
6672.2,280.888,00000000
6672.21,279.548,00000000
6672.22,279.548,00000000
6672.23,280.441,00000000
6672.24,279.994,00000000
6672.25,280.441,00000000
6672.26,281.335,00000000
6672.27,281.335,00000000
6672.28,281.782,00000000
6672.29,282.229,00000000
6672.3,280.441,00000000
6672.31,281.335,00000000
6672.32,282.676,00000000
6672.33,282.676,00000000
6672.34,281.782,00000000
6672.35,280.888,00000000
6672.36,281.782,00000000
6672.37,281.335,00000000
6672.38,281.782,00000000
6672.39,280.888,00000000
6672.4,279.101,00000000
6672.41,282.229,00000000
6672.42,281.335,00000000
6672.43,280.888,00000000
6672.44,281.335,00000000
6672.45,281.782,00000000
6672.46,280.888,00000000
6672.47,280.441,00000000
6672.48,282.229,00000000
6672.49,282.229,00000000
6672.5,280.888,00000000
6672.51,281.335,00000000
6672.52,281.335,00000000
6672.53,283.570,00000000
6672.54,283.123,00000000
6672.55,282.229,00000000
6672.56,281.335,00000000
6672.57,282.229,00000000
6672.58,282.676,00000000
6672.59,279.994,00000000
6672.6,279.994,00000000
6672.61,280.441,00000000
6672.62,281.782,00000000
6672.63,279.994,00000000
6672.64,281.782,00000000
6672.65,279.548,00000000
6672.66,281.782,00000000
6672.67,281.782,00000000
6672.68,282.229,00000000
6672.69,282.229,00000000
6672.7,283.570,00000000
6672.71,281.335,00000000
6672.72,283.570,00000000
6672.73,281.335,00000000
6672.74,282.229,00000000
6672.75,281.335,00000000
6672.76,282.229,00000000
6672.77,280.441,00000000
6672.78,282.676,00000000
6672.79,281.335,00000000
6672.8,281.335,00000000
6672.81,281.782,00000000
6672.82,281.335,00000000
6672.83,280.888,00000000
6672.84,282.676,00000000
6672.85,282.229,00000000
6672.86,283.570,00000000
6672.87,284.017,00000000
6672.88,283.123,00000000
6672.89,284.017,00000000
6672.9,283.570,00000000
6672.91,284.017,00000000
6672.92,284.465,00000000
6672.93,284.017,00000000
6672.94,285.359,00000000
6672.95,284.465,00000000
6672.96,283.123,00000000
6672.97,285.359,00000000
6672.98,286.254,00000000
6672.99,284.017,00000000
6673,284.017,00000000
6673.01,285.359,00000000
6673.02,283.123,00000000
6673.03,284.465,00000000
6673.04,284.017,00000000
6673.05,284.912,00000000
6673.06,284.912,00000000
6673.07,285.359,00000000
6673.08,284.465,00000000
6673.09,284.017,00000000
6673.1,286.254,00000000
6673.11,285.806,00000000
6673.12,285.806,00000000
6673.13,285.806,00000000
6673.14,282.229,00000000
6673.15,284.912,00000000
6673.16,286.254,00000000
6673.17,287.148,00000000
6673.18,284.912,00000000
6673.19,285.806,00000000
6673.2,286.254,00000000
6673.21,284.912,00000000
6673.22,284.912,00000000
6673.23,286.254,00000000
6673.24,286.701,00000000
6673.25,284.912,00000000
6673.26,286.254,00000000
6673.27,284.912,00000000
6673.28,287.148,00000000
6673.29,287.148,00000000
6673.3,288.491,00000000
6673.31,287.596,00000000
6673.32,287.148,00000000
6673.33,288.043,00000000
6673.34,288.043,00000000
6673.35,289.834,00000000
6673.36,287.596,00000000
6673.37,288.491,00000000
6673.38,289.386,00000000
6673.39,287.596,00000000
6673.4,288.491,00000000
6673.41,290.281,00000000
6673.42,288.938,00000000
6673.43,289.834,00000000
6673.44,289.834,00000000
6673.45,288.491,00000000
6673.46,288.491,00000000
6673.47,289.386,00000000
6673.48,288.491,00000000
6673.49,288.491,00000000
6673.5,288.491,00000000
6673.51,289.834,00000000
6673.52,288.938,00000000
6673.53,288.043,00000000
6673.54,288.491,00000000
6673.55,289.386,00000000
6673.56,289.386,00000000
6673.57,290.281,00000000
6673.58,289.386,00000000
6673.59,290.281,00000000
6673.6,290.281,00000000
6673.61,290.281,00000000
6673.62,289.834,00000000
6673.63,291.625,00000000
6673.64,291.625,00000000
6673.65,291.177,00000000
6673.66,292.072,00000000
6673.67,292.520,00000000
6673.68,292.072,00000000
6673.69,291.177,00000000
6673.7,293.416,00000000
6673.71,292.072,00000000
6673.72,291.625,00000000
6673.73,291.625,00000000
6673.74,292.072,00000000
6673.75,290.729,00000000
6673.76,292.968,00000000
6673.77,290.729,00000000
6673.78,293.416,00000000
6673.79,293.864,00000000
6673.8,292.072,00000000
6673.81,293.864,00000000
6673.82,293.416,00000000
6673.83,293.416,00000000
6673.84,293.864,00000000
6673.85,293.416,00000000
6673.86,292.968,00000000
6673.87,292.968,00000000
6673.88,294.760,00000000
6673.89,292.072,00000000
6673.9,294.760,00000000
6673.91,293.864,00000000
6673.92,294.312,00000000
6673.93,292.072,00000000
6673.94,293.416,00000000
6673.95,293.864,00000000
6673.96,293.416,00000000
6673.97,291.177,00000000
6673.98,292.968,00000000
6673.99,292.968,00000000
6674,293.864,00000000
6674.01,293.416,00000000
6674.02,292.072,00000000
6674.03,295.656,00000000
6674.04,294.312,00000000
6674.05,295.208,00000000
6674.06,293.864,00000000
6674.07,294.312,00000000
6674.08,294.760,00000000
6674.09,296.105,00000000
6674.1,296.105,00000000
6674.11,295.656,00000000
6674.12,296.105,00000000
6674.13,296.553,00000000
6674.14,295.656,00000000
6674.15,292.968,00000000
6674.16,296.553,00000000
6674.17,297.449,00000000
6674.18,297.449,00000000
6674.19,297.001,00000000
6674.2,297.449,00000000
6674.21,297.898,00000000
6674.22,297.449,00000000
6674.23,296.553,00000000
6674.24,297.449,00000000
6674.25,295.656,00000000
6674.26,296.105,00000000
6674.27,296.105,00000000
6674.28,298.346,00000000
6674.29,296.105,00000000
6674.3,298.346,00000000
6674.31,297.449,00000000
6674.32,297.449,00000000
6674.33,298.346,00000000
6674.34,297.898,00000000
6674.35,298.346,00000000
6674.36,296.553,00000000
6674.37,297.001,00000000
6674.38,298.795,00000000
6674.39,294.760,00000000
6674.4,297.898,00000000
6674.41,297.898,00000000
6674.42,297.898,00000000
6674.43,299.243,00000000
6674.44,298.795,00000000
6674.45,297.001,00000000
6674.46,298.346,00000000
6674.47,298.346,00000000
6674.48,296.553,00000000
6674.49,298.795,00000000
6674.5,298.346,00000000
6674.51,298.795,00000000
6674.52,297.449,00000000
6674.53,299.691,00000000
6674.54,298.346,00000000
6674.55,299.691,00000000
6674.56,298.346,00000000
6674.57,298.795,00000000
6674.58,298.795,00000000
6674.59,298.346,00000000
6674.6,300.140,00000000
6674.61,300.140,00000000
6674.62,299.243,00000000
6674.63,301.037,00000000
6674.64,300.589,00000000
6674.65,301.935,00000000
6674.66,301.935,00000000
6674.67,303.281,00000000
6674.68,302.832,00000000
6674.69,302.383,00000000
6674.7,302.383,00000000
6674.71,302.832,00000000
6674.72,302.383,00000000
6674.73,302.383,00000000
6674.74,302.832,00000000
6674.75,301.935,00000000
6674.76,302.383,00000000
6674.77,303.281,00000000
6674.78,304.178,00000000
6674.79,305.076,00000000
6674.8,303.730,00000000
6674.81,303.730,00000000
6674.82,301.935,00000000
6674.83,304.627,00000000
6674.84,305.525,00000000
6674.85,304.627,00000000
6674.86,304.627,00000000
6674.87,304.627,00000000
6674.88,304.627,00000000
6674.89,302.832,00000000
6674.9,305.076,00000000
6674.91,305.974,00000000
6674.92,304.178,00000000
6674.93,303.730,00000000
6674.94,304.178,00000000
6674.95,305.525,00000000
6674.96,306.423,00000000
6674.97,305.974,00000000
6674.98,303.730,00000000
6674.99,303.730,00000000
6675,304.178,00000000
6675.01,305.076,00000000
6675.02,304.627,00000000
6675.03,305.525,00000000
6675.04,306.423,00000000
6675.05,305.076,00000000
6675.06,305.525,00000000
6675.07,305.076,00000000
6675.08,305.525,00000000
6675.09,305.076,00000000
6675.1,306.423,00000000
6675.11,303.730,00000000
6675.12,305.974,00000000
6675.13,304.627,00000000
6675.14,305.525,00000000
6675.15,304.627,00000000
6675.16,305.525,00000000
6675.17,307.771,00000000
6675.18,307.771,00000000
6675.19,306.873,00000000
6675.2,307.771,00000000
6675.21,308.669,00000000
6675.22,308.220,00000000
6675.23,307.322,00000000
6675.24,307.322,00000000
6675.25,305.974,00000000
6675.26,308.669,00000000
6675.27,307.322,00000000
6675.28,307.322,00000000
6675.29,307.322,00000000
6675.3,308.220,00000000
6675.31,307.771,00000000
6675.32,309.568,00000000
6675.33,307.771,00000000
6675.34,309.568,00000000
6675.35,308.669,00000000
6675.36,307.322,00000000
6675.37,308.220,00000000
6675.38,309.568,00000000
6675.39,306.873,00000000
6675.4,308.220,00000000
6675.41,309.568,00000000
6675.42,308.220,00000000
6675.43,308.669,00000000
6675.44,309.119,00000000
6675.45,310.017,00000000
6675.46,310.017,00000000
6675.47,309.119,00000000
6675.48,307.771,00000000
6675.49,307.322,00000000
6675.5,309.119,00000000
6675.51,308.220,00000000
6675.52,307.771,00000000
6675.53,309.568,00000000
6675.54,311.366,00000000
6675.55,308.669,00000000
6675.56,308.220,00000000
6675.57,308.220,00000000
6675.58,310.017,00000000
6675.59,309.119,00000000
6675.6,309.568,00000000
6675.61,310.467,00000000
6675.62,310.017,00000000
6675.63,312.265,00000000
6675.64,309.568,00000000
6675.65,311.366,00000000
6675.66,310.467,00000000
6675.67,309.119,00000000
6675.68,311.366,00000000
6675.69,311.815,00000000
6675.7,310.467,00000000
6675.71,310.467,00000000
6675.72,310.467,00000000
6675.73,311.366,00000000
6675.74,309.568,00000000
6675.75,311.366,00000000
6675.76,311.366,00000000
6675.77,310.916,00000000
6675.78,312.714,00000000
6675.79,311.815,00000000
6675.8,311.815,00000000
6675.81,311.366,00000000
6675.82,313.614,00000000
6675.83,313.614,00000000
6675.84,313.164,00000000
6675.85,312.265,00000000
6675.86,313.164,00000000
6675.87,311.815,00000000
6675.88,310.916,00000000
6675.89,311.366,00000000
6675.9,312.714,00000000
6675.91,313.164,00000000
6675.92,313.614,00000000
6675.93,314.063,00000000
6675.94,313.164,00000000
6675.95,312.714,00000000
6675.96,311.815,00000000
6675.97,313.164,00000000
6675.98,314.513,00000000
6675.99,313.614,00000000
6676,311.815,00000000
6676.01,310.916,00000000
6676.02,313.164,00000000
6676.03,313.164,00000000
6676.04,312.714,00000000
6676.05,314.513,00000000
6676.06,313.614,00000000
6676.07,314.063,00000000
6676.08,314.963,00000000
6676.09,314.963,00000000
6676.1,314.513,00000000
6676.11,315.863,00000000
6676.12,315.863,00000000
6676.13,313.614,00000000
6676.14,313.164,00000000
6676.15,313.614,00000000
6676.16,313.164,00000000
6676.17,315.413,00000000
6676.18,313.614,00000000
6676.19,313.614,00000000
6676.2,314.963,00000000
6676.21,313.614,00000000
6676.22,314.513,00000000
6676.23,314.513,00000000
6676.24,313.614,00000000
6676.25,315.413,00000000
6676.26,314.513,00000000
6676.27,312.714,00000000
6676.28,314.963,00000000
6676.29,314.963,00000000
6676.3,315.863,00000000
6676.31,314.513,00000000
6676.32,315.413,00000000
6676.33,314.963,00000000
6676.34,314.963,00000000
6676.35,314.513,00000000
6676.36,314.513,00000000
6676.37,315.413,00000000
6676.38,315.863,00000000
6676.39,314.513,00000000
6676.4,314.063,00000000
6676.41,316.313,00000000
6676.42,314.513,00000000
6676.43,315.863,00000000
6676.44,315.413,00000000
6676.45,314.063,00000000
6676.46,314.963,00000000
6676.47,314.513,00000000
6676.48,315.863,00000000
6676.49,314.063,00000000
6676.5,314.513,00000000
6676.51,316.313,00000000
6676.52,314.513,00000000
6676.53,316.313,00000000
6676.54,316.313,00000000
6676.55,315.413,00000000
6676.56,315.413,00000000
6676.57,316.763,00000000
6676.58,315.863,00000000
6676.59,315.863,00000000
6676.6,314.513,00000000
6676.61,316.763,00000000
6676.62,315.863,00000000
6676.63,316.763,00000000
6676.64,314.963,00000000
6676.65,314.513,00000000
6676.66,316.763,00000000
6676.67,317.213,00000000
6676.68,318.563,00000000
6676.69,316.313,00000000
6676.7,316.313,00000000
6676.71,316.763,00000000
6676.72,317.663,00000000
6676.73,317.663,00000000
6676.74,318.113,00000000
6676.75,314.513,00000000
6676.76,316.763,00000000
6676.77,315.863,00000000
6676.78,317.663,00000000
6676.79,318.563,00000000
6676.8,318.113,00000000
6676.81,318.113,00000000
6676.82,318.563,00000000
6676.83,318.113,00000000
6676.84,320.814,00000000
6676.85,319.913,00000000
6676.86,317.663,00000000
6676.87,318.563,00000000
6676.88,320.364,00000000
6676.89,319.013,00000000
6676.9,318.563,00000000
6676.91,318.113,00000000
6676.92,318.563,00000000
6676.93,318.563,00000000
6676.94,320.364,00000000
6676.95,319.463,00000000
6676.96,319.463,00000000
6676.97,318.113,00000000
6676.98,319.463,00000000
6676.99,319.013,00000000
6677,318.113,00000000
6677.01,319.913,00000000
6677.02,316.763,00000000
6677.03,318.113,00000000
6677.04,318.113,00000000
6677.05,318.113,00000000
6677.06,318.563,00000000
6677.07,317.663,00000000
6677.08,317.663,00000000
6677.09,318.563,00000000
6677.1,317.663,00000000
6677.11,318.113,00000000
6677.12,319.013,00000000
6677.13,319.913,00000000
6677.14,319.463,00000000
6677.15,317.213,00000000
6677.16,319.013,00000000
6677.17,320.814,00000000
6677.18,319.463,00000000
6677.19,318.113,00000000
6677.2,319.463,00000000
6677.21,319.913,00000000
6677.22,319.913,00000000
6677.23,319.913,00000000
6677.24,320.814,00000000
6677.25,319.463,00000000
6677.26,320.814,00000000
6677.27,320.364,00000000
6677.28,322.165,00000000
6677.29,319.463,00000000
6677.3,321.715,00000000
6677.31,320.814,00000000
6677.32,320.364,00000000
6677.33,323.066,00000000
6677.34,322.165,00000000
6677.35,320.364,00000000
6677.36,320.364,00000000
6677.37,319.913,00000000
6677.38,320.814,00000000
6677.39,320.364,00000000
6677.4,319.913,00000000
6677.41,322.616,00000000
6677.42,321.264,00000000
6677.43,320.814,00000000
6677.44,320.364,00000000
6677.45,321.715,00000000
6677.46,322.165,00000000
6677.47,319.463,00000000
6677.48,322.165,00000000
6677.49,321.715,00000000
6677.5,322.616,00000000
6677.51,319.913,00000000
6677.52,318.113,00000000
6677.53,320.814,00000000
6677.54,321.264,00000000
6677.55,319.913,00000000
6677.56,320.364,00000000
6677.57,320.814,00000000
6677.58,321.715,00000000
6677.59,321.264,00000000
6677.6,321.715,00000000
6677.61,320.814,00000000
6677.62,320.814,00000000
6677.63,321.715,00000000
6677.64,319.463,00000000
6677.65,321.715,00000000
6677.66,321.264,00000000
6677.67,319.463,00000000
6677.68,321.264,00000000
6677.69,319.913,00000000
6677.7,319.013,00000000
6677.71,320.364,00000000
6677.72,319.463,00000000
6677.73,318.113,00000000
6677.74,320.364,00000000
6677.75,320.364,00000000
6677.76,319.463,00000000
6677.77,319.013,00000000
6677.78,319.913,00000000
6677.79,320.814,00000000
6677.8,321.264,00000000
6677.81,321.715,00000000
6677.82,320.364,00000000
6677.83,319.463,00000000
6677.84,320.364,00000000
6677.85,319.463,00000000
6677.86,320.364,00000000
6677.87,319.913,00000000
6677.88,321.264,00000000
6677.89,318.563,00000000
6677.9,320.364,00000000
6677.91,319.913,00000000
6677.92,320.814,00000000
6677.93,320.814,00000000
6677.94,319.913,00000000
6677.95,321.715,00000000
6677.96,322.165,00000000
6677.97,320.814,00000000
6677.98,322.616,00000000
6677.99,322.616,00000000
6678,322.616,00000000
6678.01,321.715,00000000
6678.02,323.066,00000000
6678.03,324.418,00000000
6678.04,322.616,00000000
6678.05,321.715,00000000
6678.06,321.715,00000000
6678.07,320.814,00000000
6678.08,321.715,00000000
6678.09,320.814,00000000
6678.1,323.066,00000000
6678.11,320.814,00000000
6678.12,321.715,00000000
6678.13,321.264,00000000
6678.14,320.364,00000000
6678.15,321.264,00000000
6678.16,320.814,00000000
6678.17,322.616,00000000
6678.18,322.165,00000000
6678.19,321.715,00000000
6678.2,323.066,00000000
6678.21,323.066,00000000
6678.22,321.715,00000000
6678.23,321.715,00000000
6678.24,322.165,00000000
6678.25,321.715,00000000
6678.26,321.715,00000000
6678.27,320.814,00000000
6678.28,322.165,00000000
6678.29,323.517,00000000
6678.3,320.814,00000000
6678.31,321.715,00000000
6678.32,319.013,00000000
6678.33,320.364,00000000
6678.34,322.165,00000000
6678.35,321.715,00000000
6678.36,319.913,00000000
6678.37,321.715,00000000
6678.38,321.264,00000000
6678.39,320.364,00000000
6678.4,320.364,00000000
6678.41,322.165,00000000
6678.42,321.715,00000000
6678.43,319.913,00000000
6678.44,322.165,00000000
6678.45,321.715,00000000
6678.46,321.715,00000000
6678.47,322.165,00000000
6678.48,323.967,00000000
6678.49,321.715,00000000
6678.5,321.715,00000000
6678.51,321.264,00000000
6678.52,319.463,00000000
6678.53,322.616,00000000
6678.54,321.264,00000000
6678.55,321.264,00000000
6678.56,321.264,00000000
6678.57,321.264,00000000
6678.58,322.616,00000000
6678.59,321.715,00000000
6678.6,322.165,00000000
6678.61,321.264,00000000
6678.62,320.364,00000000
6678.63,321.264,00000000
6678.64,319.913,00000000
6678.65,320.814,00000000
6678.66,322.165,00000000
6678.67,322.165,00000000
6678.68,323.066,00000000
6678.69,322.165,00000000
6678.7,322.165,00000000
6678.71,323.967,00000000
6678.72,320.814,00000000
6678.73,322.616,00000000
6678.74,321.264,00000000
6678.75,320.814,00000000
6678.76,321.715,00000000
6678.77,320.364,00000000
6678.78,321.264,00000000
6678.79,321.264,00000000
6678.8,322.616,00000000
6678.81,321.264,00000000
6678.82,319.913,00000000
6678.83,323.066,00000000
6678.84,321.264,00000000
6678.85,320.814,00000000
6678.86,320.364,00000000
6678.87,321.264,00000000
6678.88,320.364,00000000
6678.89,319.013,00000000
6678.9,320.364,00000000
6678.91,321.264,00000000
6678.92,320.814,00000000
6678.93,322.616,00000000
6678.94,320.814,00000000
6678.95,321.264,00000000
6678.96,321.264,00000000
6678.97,322.616,00000000
6678.98,321.264,00000000
6678.99,321.715,00000000
6679,320.364,00000000
6679.01,320.814,00000000
6679.02,321.264,00000000
6679.03,321.715,00000000
6679.04,321.715,00000000
6679.05,321.264,00000000
6679.06,321.264,00000000
6679.07,321.715,00000000
6679.08,319.013,00000000
6679.09,321.715,00000000
6679.1,320.814,00000000
6679.11,321.715,00000000
6679.12,319.913,00000000
6679.13,319.913,00000000
6679.14,319.013,00000000
6679.15,319.913,00000000
6679.16,320.364,00000000
6679.17,320.364,00000000
6679.18,320.364,00000000
6679.19,320.814,00000000
6679.2,319.913,00000000
6679.21,320.364,00000000
6679.22,320.364,00000000
6679.23,319.913,00000000
6679.24,319.463,00000000
6679.25,320.364,00000000
6679.26,321.264,00000000
6679.27,319.913,00000000
6679.28,321.264,00000000
6679.29,319.913,00000000
6679.3,321.715,00000000
6679.31,320.814,00000000
6679.32,320.364,00000000
6679.33,319.463,00000000
6679.34,320.364,00000000
6679.35,320.364,00000000
